[
    {
        "Flow ID": "192.168.3.22-52.85.213.48-38674-443-6",
        "Src IP": "192.168.3.22",
        "Src Port": "38674",
        "Dst IP": "52.85.213.48",
        "Dst Port": "443",
        "Protocol": "6",
        "Timestamp": "24/01/2023 09:43:27 AM",
        "Flow Duration": "210",
        "Tot Fwd Pkts": "1",
        "Tot Bwd Pkts": "1",
        "TotLen Fwd Pkts": "24.0",
        "TotLen Bwd Pkts": "39.0",
        "Fwd Pkt Len Max": "24.0",
        "Fwd Pkt Len Min": "24.0",
        "Fwd Pkt Len Mean": "24.0",
        "Fwd Pkt Len Std": "0.0",
        "Bwd Pkt Len Max": "39.0",
        "Bwd Pkt Len Min": "39.0",
        "Bwd Pkt Len Mean": "39.0",
        "Bwd Pkt Len Std": "0.0",
        "Flow Byts/s": "300000.0",
        "Flow Pkts/s": "9523.809523809523",
        "Flow IAT Mean": "210.0",
        "Flow IAT Std": "0.0",
        "Flow IAT Max": "210.0",
        "Flow IAT Min": "210.0",
        "Fwd IAT Tot": "0",
        "Fwd IAT Mean": "0",
        "Fwd IAT Std": "0",
        "Fwd IAT Max": "0",
        "Fwd IAT Min": "0",
        "Bwd IAT Tot": "0",
        "Bwd IAT Mean": "0",
        "Bwd IAT Std": "0",
        "Bwd IAT Max": "0",
        "Bwd IAT Min": "0",
        "Fwd PSH Flags": "0",
        "Bwd PSH Flags": "1",
        "Fwd URG Flags": "0",
        "Bwd URG Flags": "0",
        "Fwd Header Len": "32",
        "Bwd Header Len": "32",
        "Fwd Pkts/s": "4761.9047619047615",
        "Bwd Pkts/s": "4761.9047619047615",
        "Pkt Len Min": "24.0",
        "Pkt Len Max": "39.0",
        "Pkt Len Mean": "34.0",
        "Pkt Len Std": "8.660254037844387",
        "Pkt Len Var": "75.0",
        "FIN Flag Cnt": "0",
        "SYN Flag Cnt": "0",
        "RST Flag Cnt": "0",
        "PSH Flag Cnt": "1",
        "ACK Flag Cnt": "1",
        "URG Flag Cnt": "0",
        "CWE Flag Count": "0",
        "ECE Flag Cnt": "0",
        "Down/Up Ratio": "1.0",
        "Pkt Size Avg": "51.0",
        "Fwd Seg Size Avg": "24.0",
        "Bwd Seg Size Avg": "39.0",
        "Fwd Byts/b Avg": "0",
        "Fwd Pkts/b Avg": "0",
        "Fwd Blk Rate Avg": "0",
        "Bwd Byts/b Avg": "0",
        "Bwd Pkts/b Avg": "0",
        "Bwd Blk Rate Avg": "0",
        "Subflow Fwd Pkts": "1",
        "Subflow Fwd Byts": "24",
        "Subflow Bwd Pkts": "1",
        "Subflow Bwd Byts": "39",
        "Init Fwd Win Byts": "-1",
        "Init Bwd Win Byts": "501",
        "Fwd Act Data Pkts": "1",
        "Fwd Seg Size Min": "0",
        "Active Mean": "0",
        "Active Std": "0",
        "Active Max": "0",
        "Active Min": "0",
        "Idle Mean": "0",
        "Idle Std": "0",
        "Idle Max": "0",
        "Idle Min": "0",
        "Label": "No Label"
    },
    {
        "Flow ID": "192.168.3.22-52.85.213.48-38674-443-6",
        "Src IP": "52.85.213.48",
        "Src Port": "443",
        "Dst IP": "192.168.3.22",
        "Dst Port": "38674",
        "Protocol": "6",
        "Timestamp": "24/01/2023 09:43:27 AM",
        "Flow Duration": "334",
        "Tot Fwd Pkts": "1",
        "Tot Bwd Pkts": "1",
        "TotLen Fwd Pkts": "0.0",
        "TotLen Bwd Pkts": "0.0",
        "Fwd Pkt Len Max": "0.0",
        "Fwd Pkt Len Min": "0.0",
        "Fwd Pkt Len Mean": "0.0",
        "Fwd Pkt Len Std": "0.0",
        "Bwd Pkt Len Max": "0.0",
        "Bwd Pkt Len Min": "0.0",
        "Bwd Pkt Len Mean": "0.0",
        "Bwd Pkt Len Std": "0.0",
        "Flow Byts/s": "0.0",
        "Flow Pkts/s": "5988.023952095808",
        "Flow IAT Mean": "334.0",
        "Flow IAT Std": "0.0",
        "Flow IAT Max": "334.0",
        "Flow IAT Min": "334.0",
        "Fwd IAT Tot": "0",
        "Fwd IAT Mean": "0",
        "Fwd IAT Std": "0",
        "Fwd IAT Max": "0",
        "Fwd IAT Min": "0",
        "Bwd IAT Tot": "0",
        "Bwd IAT Mean": "0",
        "Bwd IAT Std": "0",
        "Bwd IAT Max": "0",
        "Bwd IAT Min": "0",
        "Fwd PSH Flags": "0",
        "Bwd PSH Flags": "0",
        "Fwd URG Flags": "0",
        "Bwd URG Flags": "0",
        "Fwd Header Len": "32",
        "Bwd Header Len": "32",
        "Fwd Pkts/s": "2994.011976047904",
        "Bwd Pkts/s": "2994.011976047904",
        "Pkt Len Min": "0.0",
        "Pkt Len Max": "0.0",
        "Pkt Len Mean": "0.0",
        "Pkt Len Std": "0.0",
        "Pkt Len Var": "0.0",
        "FIN Flag Cnt": "0",
        "SYN Flag Cnt": "0",
        "RST Flag Cnt": "0",
        "PSH Flag Cnt": "0",
        "ACK Flag Cnt": "1",
        "URG Flag Cnt": "0",
        "CWE Flag Count": "0",
        "ECE Flag Cnt": "0",
        "Down/Up Ratio": "1.0",
        "Pkt Size Avg": "0.0",
        "Fwd Seg Size Avg": "0.0",
        "Bwd Seg Size Avg": "0.0",
        "Fwd Byts/b Avg": "0",
        "Fwd Pkts/b Avg": "0",
        "Fwd Blk Rate Avg": "0",
        "Bwd Byts/b Avg": "0",
        "Bwd Pkts/b Avg": "0",
        "Bwd Blk Rate Avg": "0",
        "Subflow Fwd Pkts": "1",
        "Subflow Fwd Byts": "0",
        "Subflow Bwd Pkts": "1",
        "Subflow Bwd Byts": "0",
        "Init Fwd Win Byts": "-1",
        "Init Bwd Win Byts": "137",
        "Fwd Act Data Pkts": "0",
        "Fwd Seg Size Min": "0",
        "Active Mean": "0",
        "Active Std": "0",
        "Active Max": "0",
        "Active Min": "0",
        "Idle Mean": "0",
        "Idle Std": "0",
        "Idle Max": "0",
        "Idle Min": "0",
        "Label": "No Label"
    },
    {
        "Flow ID": "192.168.3.22-13.227.97.87-41384-443-6",
        "Src IP": "192.168.3.22",
        "Src Port": "41384",
        "Dst IP": "13.227.97.87",
        "Dst Port": "443",
        "Protocol": "6",
        "Timestamp": "24/01/2023 09:43:28 AM",
        "Flow Duration": "387",
        "Tot Fwd Pkts": "1",
        "Tot Bwd Pkts": "1",
        "TotLen Fwd Pkts": "24.0",
        "TotLen Bwd Pkts": "39.0",
        "Fwd Pkt Len Max": "24.0",
        "Fwd Pkt Len Min": "24.0",
        "Fwd Pkt Len Mean": "24.0",
        "Fwd Pkt Len Std": "0.0",
        "Bwd Pkt Len Max": "39.0",
        "Bwd Pkt Len Min": "39.0",
        "Bwd Pkt Len Mean": "39.0",
        "Bwd Pkt Len Std": "0.0",
        "Flow Byts/s": "162790.69767441862",
        "Flow Pkts/s": "5167.958656330749",
        "Flow IAT Mean": "387.0",
        "Flow IAT Std": "0.0",
        "Flow IAT Max": "387.0",
        "Flow IAT Min": "387.0",
        "Fwd IAT Tot": "0",
        "Fwd IAT Mean": "0",
        "Fwd IAT Std": "0",
        "Fwd IAT Max": "0",
        "Fwd IAT Min": "0",
        "Bwd IAT Tot": "0",
        "Bwd IAT Mean": "0",
        "Bwd IAT Std": "0",
        "Bwd IAT Max": "0",
        "Bwd IAT Min": "0",
        "Fwd PSH Flags": "0",
        "Bwd PSH Flags": "1",
        "Fwd URG Flags": "0",
        "Bwd URG Flags": "0",
        "Fwd Header Len": "32",
        "Bwd Header Len": "32",
        "Fwd Pkts/s": "2583.9793281653747",
        "Bwd Pkts/s": "2583.9793281653747",
        "Pkt Len Min": "24.0",
        "Pkt Len Max": "39.0",
        "Pkt Len Mean": "34.0",
        "Pkt Len Std": "8.660254037844387",
        "Pkt Len Var": "75.0",
        "FIN Flag Cnt": "0",
        "SYN Flag Cnt": "0",
        "RST Flag Cnt": "0",
        "PSH Flag Cnt": "1",
        "ACK Flag Cnt": "1",
        "URG Flag Cnt": "0",
        "CWE Flag Count": "0",
        "ECE Flag Cnt": "0",
        "Down/Up Ratio": "1.0",
        "Pkt Size Avg": "51.0",
        "Fwd Seg Size Avg": "24.0",
        "Bwd Seg Size Avg": "39.0",
        "Fwd Byts/b Avg": "0",
        "Fwd Pkts/b Avg": "0",
        "Fwd Blk Rate Avg": "0",
        "Bwd Byts/b Avg": "0",
        "Bwd Pkts/b Avg": "0",
        "Bwd Blk Rate Avg": "0",
        "Subflow Fwd Pkts": "1",
        "Subflow Fwd Byts": "24",
        "Subflow Bwd Pkts": "1",
        "Subflow Bwd Byts": "39",
        "Init Fwd Win Byts": "-1",
        "Init Bwd Win Byts": "501",
        "Fwd Act Data Pkts": "1",
        "Fwd Seg Size Min": "0",
        "Active Mean": "0",
        "Active Std": "0",
        "Active Max": "0",
        "Active Min": "0",
        "Idle Mean": "0",
        "Idle Std": "0",
        "Idle Max": "0",
        "Idle Min": "0",
        "Label": "No Label"
    },
    {
        "Flow ID": "192.168.3.22-13.227.97.87-41384-443-6",
        "Src IP": "13.227.97.87",
        "Src Port": "443",
        "Dst IP": "192.168.3.22",
        "Dst Port": "41384",
        "Protocol": "6",
        "Timestamp": "24/01/2023 09:43:28 AM",
        "Flow Duration": "303",
        "Tot Fwd Pkts": "1",
        "Tot Bwd Pkts": "1",
        "TotLen Fwd Pkts": "0.0",
        "TotLen Bwd Pkts": "0.0",
        "Fwd Pkt Len Max": "0.0",
        "Fwd Pkt Len Min": "0.0",
        "Fwd Pkt Len Mean": "0.0",
        "Fwd Pkt Len Std": "0.0",
        "Bwd Pkt Len Max": "0.0",
        "Bwd Pkt Len Min": "0.0",
        "Bwd Pkt Len Mean": "0.0",
        "Bwd Pkt Len Std": "0.0",
        "Flow Byts/s": "0.0",
        "Flow Pkts/s": "6600.660066006601",
        "Flow IAT Mean": "303.0",
        "Flow IAT Std": "0.0",
        "Flow IAT Max": "303.0",
        "Flow IAT Min": "303.0",
        "Fwd IAT Tot": "0",
        "Fwd IAT Mean": "0",
        "Fwd IAT Std": "0",
        "Fwd IAT Max": "0",
        "Fwd IAT Min": "0",
        "Bwd IAT Tot": "0",
        "Bwd IAT Mean": "0",
        "Bwd IAT Std": "0",
        "Bwd IAT Max": "0",
        "Bwd IAT Min": "0",
        "Fwd PSH Flags": "0",
        "Bwd PSH Flags": "0",
        "Fwd URG Flags": "0",
        "Bwd URG Flags": "0",
        "Fwd Header Len": "32",
        "Bwd Header Len": "32",
        "Fwd Pkts/s": "3300.3300330033003",
        "Bwd Pkts/s": "3300.3300330033003",
        "Pkt Len Min": "0.0",
        "Pkt Len Max": "0.0",
        "Pkt Len Mean": "0.0",
        "Pkt Len Std": "0.0",
        "Pkt Len Var": "0.0",
        "FIN Flag Cnt": "0",
        "SYN Flag Cnt": "0",
        "RST Flag Cnt": "0",
        "PSH Flag Cnt": "0",
        "ACK Flag Cnt": "1",
        "URG Flag Cnt": "0",
        "CWE Flag Count": "0",
        "ECE Flag Cnt": "0",
        "Down/Up Ratio": "1.0",
        "Pkt Size Avg": "0.0",
        "Fwd Seg Size Avg": "0.0",
        "Bwd Seg Size Avg": "0.0",
        "Fwd Byts/b Avg": "0",
        "Fwd Pkts/b Avg": "0",
        "Fwd Blk Rate Avg": "0",
        "Bwd Byts/b Avg": "0",
        "Bwd Pkts/b Avg": "0",
        "Bwd Blk Rate Avg": "0",
        "Subflow Fwd Pkts": "1",
        "Subflow Fwd Byts": "0",
        "Subflow Bwd Pkts": "1",
        "Subflow Bwd Byts": "0",
        "Init Fwd Win Byts": "-1",
        "Init Bwd Win Byts": "143",
        "Fwd Act Data Pkts": "0",
        "Fwd Seg Size Min": "0",
        "Active Mean": "0",
        "Active Std": "0",
        "Active Max": "0",
        "Active Min": "0",
        "Idle Mean": "0",
        "Idle Std": "0",
        "Idle Max": "0",
        "Idle Min": "0",
        "Label": "No Label"
    },
    {
        "Flow ID": "142.250.189.227-192.168.3.22-443-36338-6",
        "Src IP": "192.168.3.22",
        "Src Port": "36338",
        "Dst IP": "142.250.189.227",
        "Dst Port": "443",
        "Protocol": "6",
        "Timestamp": "24/01/2023 09:43:30 AM",
        "Flow Duration": "405",
        "Tot Fwd Pkts": "1",
        "Tot Bwd Pkts": "1",
        "TotLen Fwd Pkts": "24.0",
        "TotLen Bwd Pkts": "39.0",
        "Fwd Pkt Len Max": "24.0",
        "Fwd Pkt Len Min": "24.0",
        "Fwd Pkt Len Mean": "24.0",
        "Fwd Pkt Len Std": "0.0",
        "Bwd Pkt Len Max": "39.0",
        "Bwd Pkt Len Min": "39.0",
        "Bwd Pkt Len Mean": "39.0",
        "Bwd Pkt Len Std": "0.0",
        "Flow Byts/s": "155555.55555555556",
        "Flow Pkts/s": "4938.271604938272",
        "Flow IAT Mean": "405.0",
        "Flow IAT Std": "0.0",
        "Flow IAT Max": "405.0",
        "Flow IAT Min": "405.0",
        "Fwd IAT Tot": "0",
        "Fwd IAT Mean": "0",
        "Fwd IAT Std": "0",
        "Fwd IAT Max": "0",
        "Fwd IAT Min": "0",
        "Bwd IAT Tot": "0",
        "Bwd IAT Mean": "0",
        "Bwd IAT Std": "0",
        "Bwd IAT Max": "0",
        "Bwd IAT Min": "0",
        "Fwd PSH Flags": "0",
        "Bwd PSH Flags": "1",
        "Fwd URG Flags": "0",
        "Bwd URG Flags": "0",
        "Fwd Header Len": "32",
        "Bwd Header Len": "32",
        "Fwd Pkts/s": "2469.135802469136",
        "Bwd Pkts/s": "2469.135802469136",
        "Pkt Len Min": "24.0",
        "Pkt Len Max": "39.0",
        "Pkt Len Mean": "34.0",
        "Pkt Len Std": "8.660254037844387",
        "Pkt Len Var": "75.0",
        "FIN Flag Cnt": "0",
        "SYN Flag Cnt": "0",
        "RST Flag Cnt": "0",
        "PSH Flag Cnt": "1",
        "ACK Flag Cnt": "1",
        "URG Flag Cnt": "0",
        "CWE Flag Count": "0",
        "ECE Flag Cnt": "0",
        "Down/Up Ratio": "1.0",
        "Pkt Size Avg": "51.0",
        "Fwd Seg Size Avg": "24.0",
        "Bwd Seg Size Avg": "39.0",
        "Fwd Byts/b Avg": "0",
        "Fwd Pkts/b Avg": "0",
        "Fwd Blk Rate Avg": "0",
        "Bwd Byts/b Avg": "0",
        "Bwd Pkts/b Avg": "0",
        "Bwd Blk Rate Avg": "0",
        "Subflow Fwd Pkts": "1",
        "Subflow Fwd Byts": "24",
        "Subflow Bwd Pkts": "1",
        "Subflow Bwd Byts": "39",
        "Init Fwd Win Byts": "-1",
        "Init Bwd Win Byts": "501",
        "Fwd Act Data Pkts": "1",
        "Fwd Seg Size Min": "0",
        "Active Mean": "0",
        "Active Std": "0",
        "Active Max": "0",
        "Active Min": "0",
        "Idle Mean": "0",
        "Idle Std": "0",
        "Idle Max": "0",
        "Idle Min": "0",
        "Label": "No Label"
    },
    {
        "Flow ID": "142.250.189.227-192.168.3.22-443-36338-6",
        "Src IP": "142.250.189.227",
        "Src Port": "443",
        "Dst IP": "192.168.3.22",
        "Dst Port": "36338",
        "Protocol": "6",
        "Timestamp": "24/01/2023 09:43:30 AM",
        "Flow Duration": "187",
        "Tot Fwd Pkts": "1",
        "Tot Bwd Pkts": "1",
        "TotLen Fwd Pkts": "0.0",
        "TotLen Bwd Pkts": "0.0",
        "Fwd Pkt Len Max": "0.0",
        "Fwd Pkt Len Min": "0.0",
        "Fwd Pkt Len Mean": "0.0",
        "Fwd Pkt Len Std": "0.0",
        "Bwd Pkt Len Max": "0.0",
        "Bwd Pkt Len Min": "0.0",
        "Bwd Pkt Len Mean": "0.0",
        "Bwd Pkt Len Std": "0.0",
        "Flow Byts/s": "0.0",
        "Flow Pkts/s": "10695.187165775402",
        "Flow IAT Mean": "187.0",
        "Flow IAT Std": "0.0",
        "Flow IAT Max": "187.0",
        "Flow IAT Min": "187.0",
        "Fwd IAT Tot": "0",
        "Fwd IAT Mean": "0",
        "Fwd IAT Std": "0",
        "Fwd IAT Max": "0",
        "Fwd IAT Min": "0",
        "Bwd IAT Tot": "0",
        "Bwd IAT Mean": "0",
        "Bwd IAT Std": "0",
        "Bwd IAT Max": "0",
        "Bwd IAT Min": "0",
        "Fwd PSH Flags": "0",
        "Bwd PSH Flags": "0",
        "Fwd URG Flags": "0",
        "Bwd URG Flags": "0",
        "Fwd Header Len": "32",
        "Bwd Header Len": "32",
        "Fwd Pkts/s": "5347.593582887701",
        "Bwd Pkts/s": "5347.593582887701",
        "Pkt Len Min": "0.0",
        "Pkt Len Max": "0.0",
        "Pkt Len Mean": "0.0",
        "Pkt Len Std": "0.0",
        "Pkt Len Var": "0.0",
        "FIN Flag Cnt": "0",
        "SYN Flag Cnt": "0",
        "RST Flag Cnt": "0",
        "PSH Flag Cnt": "0",
        "ACK Flag Cnt": "1",
        "URG Flag Cnt": "0",
        "CWE Flag Count": "0",
        "ECE Flag Cnt": "0",
        "Down/Up Ratio": "1.0",
        "Pkt Size Avg": "0.0",
        "Fwd Seg Size Avg": "0.0",
        "Bwd Seg Size Avg": "0.0",
        "Fwd Byts/b Avg": "0",
        "Fwd Pkts/b Avg": "0",
        "Fwd Blk Rate Avg": "0",
        "Bwd Byts/b Avg": "0",
        "Bwd Pkts/b Avg": "0",
        "Bwd Blk Rate Avg": "0",
        "Subflow Fwd Pkts": "1",
        "Subflow Fwd Byts": "0",
        "Subflow Bwd Pkts": "1",
        "Subflow Bwd Byts": "0",
        "Init Fwd Win Byts": "-1",
        "Init Bwd Win Byts": "287",
        "Fwd Act Data Pkts": "0",
        "Fwd Seg Size Min": "0",
        "Active Mean": "0",
        "Active Std": "0",
        "Active Max": "0",
        "Active Min": "0",
        "Idle Mean": "0",
        "Idle Std": "0",
        "Idle Max": "0",
        "Idle Min": "0",
        "Label": "No Label"
    },
    {
        "Flow ID": "142.250.219.42-192.168.3.22-443-45640-6",
        "Src IP": "192.168.3.22",
        "Src Port": "45640",
        "Dst IP": "142.250.219.42",
        "Dst Port": "443",
        "Protocol": "6",
        "Timestamp": "24/01/2023 09:43:31 AM",
        "Flow Duration": "566",
        "Tot Fwd Pkts": "2",
        "Tot Bwd Pkts": "1",
        "TotLen Fwd Pkts": "24.0",
        "TotLen Bwd Pkts": "39.0",
        "Fwd Pkt Len Max": "24.0",
        "Fwd Pkt Len Min": "0.0",
        "Fwd Pkt Len Mean": "12.0",
        "Fwd Pkt Len Std": "16.97056274847714",
        "Bwd Pkt Len Max": "39.0",
        "Bwd Pkt Len Min": "39.0",
        "Bwd Pkt Len Mean": "39.0",
        "Bwd Pkt Len Std": "0.0",
        "Flow Byts/s": "111307.42049469965",
        "Flow Pkts/s": "5300.3533568904595",
        "Flow IAT Mean": "283.0",
        "Flow IAT Std": "352.13917703090067",
        "Flow IAT Max": "532.0",
        "Flow IAT Min": "34.0",
        "Fwd IAT Tot": "34.0",
        "Fwd IAT Mean": "34.0",
        "Fwd IAT Std": "0.0",
        "Fwd IAT Max": "34.0",
        "Fwd IAT Min": "34.0",
        "Bwd IAT Tot": "0",
        "Bwd IAT Mean": "0",
        "Bwd IAT Std": "0",
        "Bwd IAT Max": "0",
        "Bwd IAT Min": "0",
        "Fwd PSH Flags": "0",
        "Bwd PSH Flags": "1",
        "Fwd URG Flags": "0",
        "Bwd URG Flags": "0",
        "Fwd Header Len": "64",
        "Bwd Header Len": "32",
        "Fwd Pkts/s": "3533.5689045936397",
        "Bwd Pkts/s": "1766.7844522968198",
        "Pkt Len Min": "0.0",
        "Pkt Len Max": "39.0",
        "Pkt Len Mean": "25.5",
        "Pkt Len Std": "18.411952639521967",
        "Pkt Len Var": "339.0",
        "FIN Flag Cnt": "0",
        "SYN Flag Cnt": "0",
        "RST Flag Cnt": "0",
        "PSH Flag Cnt": "1",
        "ACK Flag Cnt": "1",
        "URG Flag Cnt": "0",
        "CWE Flag Count": "0",
        "ECE Flag Cnt": "0",
        "Down/Up Ratio": "0.0",
        "Pkt Size Avg": "34.0",
        "Fwd Seg Size Avg": "12.0",
        "Bwd Seg Size Avg": "39.0",
        "Fwd Byts/b Avg": "0",
        "Fwd Pkts/b Avg": "0",
        "Fwd Blk Rate Avg": "0",
        "Bwd Byts/b Avg": "0",
        "Bwd Pkts/b Avg": "0",
        "Bwd Blk Rate Avg": "0",
        "Subflow Fwd Pkts": "2",
        "Subflow Fwd Byts": "24",
        "Subflow Bwd Pkts": "1",
        "Subflow Bwd Byts": "39",
        "Init Fwd Win Byts": "-1",
        "Init Bwd Win Byts": "1092",
        "Fwd Act Data Pkts": "1",
        "Fwd Seg Size Min": "0",
        "Active Mean": "0",
        "Active Std": "0",
        "Active Max": "0",
        "Active Min": "0",
        "Idle Mean": "0",
        "Idle Std": "0",
        "Idle Max": "0",
        "Idle Min": "0",
        "Label": "No Label"
    },
    {
        "Flow ID": "192.168.3.22-216.58.222.14-45588-443-6",
        "Src IP": "192.168.3.22",
        "Src Port": "45588",
        "Dst IP": "216.58.222.14",
        "Dst Port": "443",
        "Protocol": "6",
        "Timestamp": "24/01/2023 09:43:31 AM",
        "Flow Duration": "1633",
        "Tot Fwd Pkts": "2",
        "Tot Bwd Pkts": "1",
        "TotLen Fwd Pkts": "24.0",
        "TotLen Bwd Pkts": "39.0",
        "Fwd Pkt Len Max": "24.0",
        "Fwd Pkt Len Min": "0.0",
        "Fwd Pkt Len Mean": "12.0",
        "Fwd Pkt Len Std": "16.97056274847714",
        "Bwd Pkt Len Max": "39.0",
        "Bwd Pkt Len Min": "39.0",
        "Bwd Pkt Len Mean": "39.0",
        "Bwd Pkt Len Std": "0.0",
        "Flow Byts/s": "38579.3018983466",
        "Flow Pkts/s": "1837.1096142069812",
        "Flow IAT Mean": "816.5",
        "Flow IAT Std": "1110.8647532440662",
        "Flow IAT Max": "1602.0",
        "Flow IAT Min": "31.0",
        "Fwd IAT Tot": "31.0",
        "Fwd IAT Mean": "31.0",
        "Fwd IAT Std": "0.0",
        "Fwd IAT Max": "31.0",
        "Fwd IAT Min": "31.0",
        "Bwd IAT Tot": "0",
        "Bwd IAT Mean": "0",
        "Bwd IAT Std": "0",
        "Bwd IAT Max": "0",
        "Bwd IAT Min": "0",
        "Fwd PSH Flags": "0",
        "Bwd PSH Flags": "1",
        "Fwd URG Flags": "0",
        "Bwd URG Flags": "0",
        "Fwd Header Len": "64",
        "Bwd Header Len": "32",
        "Fwd Pkts/s": "1224.739742804654",
        "Bwd Pkts/s": "612.369871402327",
        "Pkt Len Min": "0.0",
        "Pkt Len Max": "39.0",
        "Pkt Len Mean": "25.5",
        "Pkt Len Std": "18.411952639521967",
        "Pkt Len Var": "339.0",
        "FIN Flag Cnt": "0",
        "SYN Flag Cnt": "0",
        "RST Flag Cnt": "0",
        "PSH Flag Cnt": "1",
        "ACK Flag Cnt": "1",
        "URG Flag Cnt": "0",
        "CWE Flag Count": "0",
        "ECE Flag Cnt": "0",
        "Down/Up Ratio": "0.0",
        "Pkt Size Avg": "34.0",
        "Fwd Seg Size Avg": "12.0",
        "Bwd Seg Size Avg": "39.0",
        "Fwd Byts/b Avg": "0",
        "Fwd Pkts/b Avg": "0",
        "Fwd Blk Rate Avg": "0",
        "Bwd Byts/b Avg": "0",
        "Bwd Pkts/b Avg": "0",
        "Bwd Blk Rate Avg": "0",
        "Subflow Fwd Pkts": "2",
        "Subflow Fwd Byts": "24",
        "Subflow Bwd Pkts": "1",
        "Subflow Bwd Byts": "39",
        "Init Fwd Win Byts": "-1",
        "Init Bwd Win Byts": "501",
        "Fwd Act Data Pkts": "1",
        "Fwd Seg Size Min": "0",
        "Active Mean": "0",
        "Active Std": "0",
        "Active Max": "0",
        "Active Min": "0",
        "Idle Mean": "0",
        "Idle Std": "0",
        "Idle Max": "0",
        "Idle Min": "0",
        "Label": "No Label"
    },
    {
        "Flow ID": "192.168.3.22-200.147.253.13-36532-443-6",
        "Src IP": "192.168.3.22",
        "Src Port": "36532",
        "Dst IP": "200.147.253.13",
        "Dst Port": "443",
        "Protocol": "6",
        "Timestamp": "24/01/2023 09:43:30 AM",
        "Flow Duration": "306088",
        "Tot Fwd Pkts": "16",
        "Tot Bwd Pkts": "20",
        "TotLen Fwd Pkts": "1132.0",
        "TotLen Bwd Pkts": "43583.0",
        "Fwd Pkt Len Max": "517.0",
        "Fwd Pkt Len Min": "0.0",
        "Fwd Pkt Len Mean": "70.74999999999999",
        "Fwd Pkt Len Std": "171.6968258297165",
        "Bwd Pkt Len Max": "5600.0",
        "Bwd Pkt Len Min": "0.0",
        "Bwd Pkt Len Mean": "2179.1499999999996",
        "Bwd Pkt Len Std": "1709.9778476558356",
        "Flow Byts/s": "146085.4394814563",
        "Flow Pkts/s": "117.61323540942473",
        "Flow IAT Mean": "8745.37142857143",
        "Flow IAT Std": "18418.28893196956",
        "Flow IAT Max": "56610.0",
        "Flow IAT Min": "9.0",
        "Fwd IAT Tot": "257975.0",
        "Fwd IAT Mean": "17198.333333333336",
        "Fwd IAT Std": "23306.26804613075",
        "Fwd IAT Max": "56631.0",
        "Fwd IAT Min": "68.0",
        "Bwd IAT Tot": "306088.0",
        "Bwd IAT Mean": "16109.894736842101",
        "Bwd IAT Std": "23936.669205530052",
        "Bwd IAT Max": "61968.0",
        "Bwd IAT Min": "41.0",
        "Fwd PSH Flags": "0",
        "Bwd PSH Flags": "0",
        "Fwd URG Flags": "0",
        "Bwd URG Flags": "0",
        "Fwd Header Len": "512",
        "Bwd Header Len": "656",
        "Fwd Pkts/s": "52.27254907085543",
        "Bwd Pkts/s": "65.3406863385693",
        "Pkt Len Min": "0.0",
        "Pkt Len Max": "5600.0",
        "Pkt Len Mean": "1208.5135135135138",
        "Pkt Len Std": "1641.5944082510764",
        "Pkt Len Var": "2694832.2012012014",
        "FIN Flag Cnt": "0",
        "SYN Flag Cnt": "1",
        "RST Flag Cnt": "0",
        "PSH Flag Cnt": "0",
        "ACK Flag Cnt": "0",
        "URG Flag Cnt": "0",
        "CWE Flag Count": "0",
        "ECE Flag Cnt": "0",
        "Down/Up Ratio": "1.0",
        "Pkt Size Avg": "1242.0833333333333",
        "Fwd Seg Size Avg": "70.75",
        "Bwd Seg Size Avg": "2179.15",
        "Fwd Byts/b Avg": "0",
        "Fwd Pkts/b Avg": "0",
        "Fwd Blk Rate Avg": "0",
        "Bwd Byts/b Avg": "0",
        "Bwd Pkts/b Avg": "0",
        "Bwd Blk Rate Avg": "0",
        "Subflow Fwd Pkts": "16",
        "Subflow Fwd Byts": "1132",
        "Subflow Bwd Pkts": "20",
        "Subflow Bwd Byts": "43583",
        "Init Fwd Win Byts": "-1",
        "Init Bwd Win Byts": "130",
        "Fwd Act Data Pkts": "3",
        "Fwd Seg Size Min": "0",
        "Active Mean": "0",
        "Active Std": "0",
        "Active Max": "0",
        "Active Min": "0",
        "Idle Mean": "0",
        "Idle Std": "0",
        "Idle Max": "0",
        "Idle Min": "0",
        "Label": "No Label"
    },
    {
        "Flow ID": "192.168.3.22-200.147.253.13-36532-443-6",
        "Src IP": "192.168.3.22",
        "Src Port": "36532",
        "Dst IP": "200.147.253.13",
        "Dst Port": "443",
        "Protocol": "6",
        "Timestamp": "24/01/2023 09:43:31 AM",
        "Flow Duration": "472",
        "Tot Fwd Pkts": "2",
        "Tot Bwd Pkts": "1",
        "TotLen Fwd Pkts": "31.0",
        "TotLen Bwd Pkts": "0.0",
        "Fwd Pkt Len Max": "31.0",
        "Fwd Pkt Len Min": "0.0",
        "Fwd Pkt Len Mean": "15.5",
        "Fwd Pkt Len Std": "21.920310216782973",
        "Bwd Pkt Len Max": "0.0",
        "Bwd Pkt Len Min": "0.0",
        "Bwd Pkt Len Mean": "0.0",
        "Bwd Pkt Len Std": "0.0",
        "Flow Byts/s": "65677.96610169492",
        "Flow Pkts/s": "6355.932203389831",
        "Flow IAT Mean": "236.0",
        "Flow IAT Std": "183.84776310850236",
        "Flow IAT Max": "366.0",
        "Flow IAT Min": "106.0",
        "Fwd IAT Tot": "106.0",
        "Fwd IAT Mean": "106.0",
        "Fwd IAT Std": "0.0",
        "Fwd IAT Max": "106.0",
        "Fwd IAT Min": "106.0",
        "Bwd IAT Tot": "0",
        "Bwd IAT Mean": "0",
        "Bwd IAT Std": "0",
        "Bwd IAT Max": "0",
        "Bwd IAT Min": "0",
        "Fwd PSH Flags": "0",
        "Bwd PSH Flags": "0",
        "Fwd URG Flags": "0",
        "Bwd URG Flags": "0",
        "Fwd Header Len": "64",
        "Bwd Header Len": "32",
        "Fwd Pkts/s": "4237.28813559322",
        "Bwd Pkts/s": "2118.64406779661",
        "Pkt Len Min": "0.0",
        "Pkt Len Max": "31.0",
        "Pkt Len Mean": "7.75",
        "Pkt Len Std": "15.500000000000002",
        "Pkt Len Var": "240.25000000000003",
        "FIN Flag Cnt": "0",
        "SYN Flag Cnt": "0",
        "RST Flag Cnt": "0",
        "PSH Flag Cnt": "0",
        "ACK Flag Cnt": "1",
        "URG Flag Cnt": "0",
        "CWE Flag Count": "0",
        "ECE Flag Cnt": "0",
        "Down/Up Ratio": "0.0",
        "Pkt Size Avg": "10.333333333333334",
        "Fwd Seg Size Avg": "15.5",
        "Bwd Seg Size Avg": "0.0",
        "Fwd Byts/b Avg": "0",
        "Fwd Pkts/b Avg": "0",
        "Fwd Blk Rate Avg": "0",
        "Bwd Byts/b Avg": "0",
        "Bwd Pkts/b Avg": "0",
        "Bwd Blk Rate Avg": "0",
        "Subflow Fwd Pkts": "2",
        "Subflow Fwd Byts": "31",
        "Subflow Bwd Pkts": "1",
        "Subflow Bwd Byts": "0",
        "Init Fwd Win Byts": "-1",
        "Init Bwd Win Byts": "646",
        "Fwd Act Data Pkts": "1",
        "Fwd Seg Size Min": "0",
        "Active Mean": "0",
        "Active Std": "0",
        "Active Max": "0",
        "Active Min": "0",
        "Idle Mean": "0",
        "Idle Std": "0",
        "Idle Max": "0",
        "Idle Min": "0",
        "Label": "No Label"
    },
    {
        "Flow ID": "142.250.219.42-192.168.3.22-443-45640-6",
        "Src IP": "142.250.219.42",
        "Src Port": "443",
        "Dst IP": "192.168.3.22",
        "Dst Port": "45640",
        "Protocol": "6",
        "Timestamp": "24/01/2023 09:43:31 AM",
        "Flow Duration": "671",
        "Tot Fwd Pkts": "2",
        "Tot Bwd Pkts": "1",
        "TotLen Fwd Pkts": "0.0",
        "TotLen Bwd Pkts": "0.0",
        "Fwd Pkt Len Max": "0.0",
        "Fwd Pkt Len Min": "0.0",
        "Fwd Pkt Len Mean": "0.0",
        "Fwd Pkt Len Std": "0.0",
        "Bwd Pkt Len Max": "0.0",
        "Bwd Pkt Len Min": "0.0",
        "Bwd Pkt Len Mean": "0.0",
        "Bwd Pkt Len Std": "0.0",
        "Flow Byts/s": "0.0",
        "Flow Pkts/s": "4470.938897168405",
        "Flow IAT Mean": "335.5",
        "Flow IAT Std": "28.991378028648448",
        "Flow IAT Max": "356.0",
        "Flow IAT Min": "315.0",
        "Fwd IAT Tot": "356.0",
        "Fwd IAT Mean": "356.0",
        "Fwd IAT Std": "0.0",
        "Fwd IAT Max": "356.0",
        "Fwd IAT Min": "356.0",
        "Bwd IAT Tot": "0",
        "Bwd IAT Mean": "0",
        "Bwd IAT Std": "0",
        "Bwd IAT Max": "0",
        "Bwd IAT Min": "0",
        "Fwd PSH Flags": "0",
        "Bwd PSH Flags": "0",
        "Fwd URG Flags": "0",
        "Bwd URG Flags": "0",
        "Fwd Header Len": "64",
        "Bwd Header Len": "32",
        "Fwd Pkts/s": "2980.6259314456033",
        "Bwd Pkts/s": "1490.3129657228017",
        "Pkt Len Min": "0.0",
        "Pkt Len Max": "0.0",
        "Pkt Len Mean": "0.0",
        "Pkt Len Std": "0.0",
        "Pkt Len Var": "0.0",
        "FIN Flag Cnt": "0",
        "SYN Flag Cnt": "0",
        "RST Flag Cnt": "0",
        "PSH Flag Cnt": "0",
        "ACK Flag Cnt": "1",
        "URG Flag Cnt": "0",
        "CWE Flag Count": "0",
        "ECE Flag Cnt": "0",
        "Down/Up Ratio": "0.0",
        "Pkt Size Avg": "0.0",
        "Fwd Seg Size Avg": "0.0",
        "Bwd Seg Size Avg": "0.0",
        "Fwd Byts/b Avg": "0",
        "Fwd Pkts/b Avg": "0",
        "Fwd Blk Rate Avg": "0",
        "Bwd Byts/b Avg": "0",
        "Bwd Pkts/b Avg": "0",
        "Bwd Blk Rate Avg": "0",
        "Subflow Fwd Pkts": "2",
        "Subflow Fwd Byts": "0",
        "Subflow Bwd Pkts": "1",
        "Subflow Bwd Byts": "0",
        "Init Fwd Win Byts": "-1",
        "Init Bwd Win Byts": "269",
        "Fwd Act Data Pkts": "0",
        "Fwd Seg Size Min": "0",
        "Active Mean": "0",
        "Active Std": "0",
        "Active Max": "0",
        "Active Min": "0",
        "Idle Mean": "0",
        "Idle Std": "0",
        "Idle Max": "0",
        "Idle Min": "0",
        "Label": "No Label"
    },
    {
        "Flow ID": "192.168.3.22-216.58.222.14-45588-443-6",
        "Src IP": "216.58.222.14",
        "Src Port": "443",
        "Dst IP": "192.168.3.22",
        "Dst Port": "45588",
        "Protocol": "6",
        "Timestamp": "24/01/2023 09:43:31 AM",
        "Flow Duration": "225",
        "Tot Fwd Pkts": "1",
        "Tot Bwd Pkts": "1",
        "TotLen Fwd Pkts": "0.0",
        "TotLen Bwd Pkts": "0.0",
        "Fwd Pkt Len Max": "0.0",
        "Fwd Pkt Len Min": "0.0",
        "Fwd Pkt Len Mean": "0.0",
        "Fwd Pkt Len Std": "0.0",
        "Bwd Pkt Len Max": "0.0",
        "Bwd Pkt Len Min": "0.0",
        "Bwd Pkt Len Mean": "0.0",
        "Bwd Pkt Len Std": "0.0",
        "Flow Byts/s": "0.0",
        "Flow Pkts/s": "8888.888888888889",
        "Flow IAT Mean": "225.0",
        "Flow IAT Std": "0.0",
        "Flow IAT Max": "225.0",
        "Flow IAT Min": "225.0",
        "Fwd IAT Tot": "0",
        "Fwd IAT Mean": "0",
        "Fwd IAT Std": "0",
        "Fwd IAT Max": "0",
        "Fwd IAT Min": "0",
        "Bwd IAT Tot": "0",
        "Bwd IAT Mean": "0",
        "Bwd IAT Std": "0",
        "Bwd IAT Max": "0",
        "Bwd IAT Min": "0",
        "Fwd PSH Flags": "0",
        "Bwd PSH Flags": "0",
        "Fwd URG Flags": "0",
        "Bwd URG Flags": "0",
        "Fwd Header Len": "32",
        "Bwd Header Len": "32",
        "Fwd Pkts/s": "4444.444444444444",
        "Bwd Pkts/s": "4444.444444444444",
        "Pkt Len Min": "0.0",
        "Pkt Len Max": "0.0",
        "Pkt Len Mean": "0.0",
        "Pkt Len Std": "0.0",
        "Pkt Len Var": "0.0",
        "FIN Flag Cnt": "0",
        "SYN Flag Cnt": "0",
        "RST Flag Cnt": "0",
        "PSH Flag Cnt": "0",
        "ACK Flag Cnt": "1",
        "URG Flag Cnt": "0",
        "CWE Flag Count": "0",
        "ECE Flag Cnt": "0",
        "Down/Up Ratio": "1.0",
        "Pkt Size Avg": "0.0",
        "Fwd Seg Size Avg": "0.0",
        "Bwd Seg Size Avg": "0.0",
        "Fwd Byts/b Avg": "0",
        "Fwd Pkts/b Avg": "0",
        "Fwd Blk Rate Avg": "0",
        "Bwd Byts/b Avg": "0",
        "Bwd Pkts/b Avg": "0",
        "Bwd Blk Rate Avg": "0",
        "Subflow Fwd Pkts": "1",
        "Subflow Fwd Byts": "0",
        "Subflow Bwd Pkts": "1",
        "Subflow Bwd Byts": "0",
        "Init Fwd Win Byts": "-1",
        "Init Bwd Win Byts": "265",
        "Fwd Act Data Pkts": "0",
        "Fwd Seg Size Min": "0",
        "Active Mean": "0",
        "Active Std": "0",
        "Active Max": "0",
        "Active Min": "0",
        "Idle Mean": "0",
        "Idle Std": "0",
        "Idle Max": "0",
        "Idle Min": "0",
        "Label": "No Label"
    },
    {
        "Flow ID": "142.251.128.46-192.168.3.22-443-47728-17",
        "Src IP": "192.168.3.22",
        "Src Port": "47728",
        "Dst IP": "142.251.128.46",
        "Dst Port": "443",
        "Protocol": "17",
        "Timestamp": "24/01/2023 09:43:29 AM",
        "Flow Duration": "155488",
        "Tot Fwd Pkts": "3",
        "Tot Bwd Pkts": "5",
        "TotLen Fwd Pkts": "104.0",
        "TotLen Bwd Pkts": "591.0",
        "Fwd Pkt Len Max": "38.0",
        "Fwd Pkt Len Min": "33.0",
        "Fwd Pkt Len Mean": "34.666666666666664",
        "Fwd Pkt Len Std": "2.886751345948129",
        "Bwd Pkt Len Max": "346.0",
        "Bwd Pkt Len Min": "26.0",
        "Bwd Pkt Len Mean": "118.2",
        "Bwd Pkt Len Std": "131.68978699959993",
        "Flow Byts/s": "4469.798312409961",
        "Flow Pkts/s": "51.45091582630171",
        "Flow IAT Mean": "22212.571428571428",
        "Flow IAT Std": "19841.794860488662",
        "Flow IAT Max": "46426.0",
        "Flow IAT Min": "58.0",
        "Fwd IAT Tot": "56604.0",
        "Fwd IAT Mean": "28302.0",
        "Fwd IAT Std": "18178.301130743763",
        "Fwd IAT Max": "41156.0",
        "Fwd IAT Min": "15448.0",
        "Bwd IAT Tot": "155488.0",
        "Bwd IAT Mean": "38872.0",
        "Bwd IAT Std": "25985.694461889347",
        "Bwd IAT Max": "55588.0",
        "Bwd IAT Min": "329.0",
        "Fwd PSH Flags": "0",
        "Bwd PSH Flags": "0",
        "Fwd URG Flags": "0",
        "Bwd URG Flags": "0",
        "Fwd Header Len": "24",
        "Bwd Header Len": "40",
        "Fwd Pkts/s": "19.294093434863143",
        "Bwd Pkts/s": "32.15682239143857",
        "Pkt Len Min": "26.0",
        "Pkt Len Max": "346.0",
        "Pkt Len Mean": "115.66666666666669",
        "Pkt Len Std": "133.30135033074495",
        "Pkt Len Var": "17769.25",
        "FIN Flag Cnt": "0",
        "SYN Flag Cnt": "0",
        "RST Flag Cnt": "0",
        "PSH Flag Cnt": "0",
        "ACK Flag Cnt": "0",
        "URG Flag Cnt": "0",
        "CWE Flag Count": "0",
        "ECE Flag Cnt": "0",
        "Down/Up Ratio": "1.0",
        "Pkt Size Avg": "130.125",
        "Fwd Seg Size Avg": "34.666666666666664",
        "Bwd Seg Size Avg": "118.2",
        "Fwd Byts/b Avg": "0",
        "Fwd Pkts/b Avg": "0",
        "Fwd Blk Rate Avg": "0",
        "Bwd Byts/b Avg": "0",
        "Bwd Pkts/b Avg": "0",
        "Bwd Blk Rate Avg": "0",
        "Subflow Fwd Pkts": "3",
        "Subflow Fwd Byts": "104",
        "Subflow Bwd Pkts": "5",
        "Subflow Bwd Byts": "591",
        "Init Fwd Win Byts": "-1",
        "Init Bwd Win Byts": "-1",
        "Fwd Act Data Pkts": "3",
        "Fwd Seg Size Min": "0",
        "Active Mean": "0",
        "Active Std": "0",
        "Active Max": "0",
        "Active Min": "0",
        "Idle Mean": "0",
        "Idle Std": "0",
        "Idle Max": "0",
        "Idle Min": "0",
        "Label": "No Label"
    },
    {
        "Flow ID": "140.82.114.25-192.168.3.22-443-56902-6",
        "Src IP": "192.168.3.22",
        "Src Port": "56902",
        "Dst IP": "140.82.114.25",
        "Dst Port": "443",
        "Protocol": "6",
        "Timestamp": "24/01/2023 09:43:26 AM",
        "Flow Duration": "92584",
        "Tot Fwd Pkts": "0",
        "Tot Bwd Pkts": "2",
        "TotLen Fwd Pkts": "0.0",
        "TotLen Bwd Pkts": "0.0",
        "Fwd Pkt Len Max": "0",
        "Fwd Pkt Len Min": "0",
        "Fwd Pkt Len Mean": "0",
        "Fwd Pkt Len Std": "0",
        "Bwd Pkt Len Max": "0.0",
        "Bwd Pkt Len Min": "0.0",
        "Bwd Pkt Len Mean": "0.0",
        "Bwd Pkt Len Std": "0.0",
        "Flow Byts/s": "0.0",
        "Flow Pkts/s": "21.602004666033007",
        "Flow IAT Mean": "92584.0",
        "Flow IAT Std": "0.0",
        "Flow IAT Max": "92584.0",
        "Flow IAT Min": "92584.0",
        "Fwd IAT Tot": "0",
        "Fwd IAT Mean": "0",
        "Fwd IAT Std": "0",
        "Fwd IAT Max": "0",
        "Fwd IAT Min": "0",
        "Bwd IAT Tot": "92584.0",
        "Bwd IAT Mean": "92584.0",
        "Bwd IAT Std": "0.0",
        "Bwd IAT Max": "92584.0",
        "Bwd IAT Min": "92584.0",
        "Fwd PSH Flags": "0",
        "Bwd PSH Flags": "0",
        "Fwd URG Flags": "0",
        "Bwd URG Flags": "0",
        "Fwd Header Len": "0",
        "Bwd Header Len": "64",
        "Fwd Pkts/s": "0.0",
        "Bwd Pkts/s": "21.602004666033007",
        "Pkt Len Min": "0.0",
        "Pkt Len Max": "0.0",
        "Pkt Len Mean": "0.0",
        "Pkt Len Std": "0.0",
        "Pkt Len Var": "0.0",
        "FIN Flag Cnt": "0",
        "SYN Flag Cnt": "0",
        "RST Flag Cnt": "0",
        "PSH Flag Cnt": "0",
        "ACK Flag Cnt": "1",
        "URG Flag Cnt": "0",
        "CWE Flag Count": "0",
        "ECE Flag Cnt": "0",
        "Down/Up Ratio": "0.0",
        "Pkt Size Avg": "0.0",
        "Fwd Seg Size Avg": "0.0",
        "Bwd Seg Size Avg": "0.0",
        "Fwd Byts/b Avg": "0",
        "Fwd Pkts/b Avg": "0",
        "Fwd Blk Rate Avg": "0",
        "Bwd Byts/b Avg": "0",
        "Bwd Pkts/b Avg": "0",
        "Bwd Blk Rate Avg": "0",
        "Subflow Fwd Pkts": "0",
        "Subflow Fwd Byts": "0",
        "Subflow Bwd Pkts": "2",
        "Subflow Bwd Byts": "0",
        "Init Fwd Win Byts": "-1",
        "Init Bwd Win Byts": "77",
        "Fwd Act Data Pkts": "0",
        "Fwd Seg Size Min": "0",
        "Active Mean": "0",
        "Active Std": "0",
        "Active Max": "0",
        "Active Min": "0",
        "Idle Mean": "0",
        "Idle Std": "0",
        "Idle Max": "0",
        "Idle Min": "0",
        "Label": "No Label"
    },
    {
        "Flow ID": "192.168.3.22-216.239.38.117-43256-443-17",
        "Src IP": "192.168.3.22",
        "Src Port": "43256",
        "Dst IP": "216.239.38.117",
        "Dst Port": "443",
        "Protocol": "17",
        "Timestamp": "24/01/2023 09:43:31 AM",
        "Flow Duration": "258828",
        "Tot Fwd Pkts": "13",
        "Tot Bwd Pkts": "14",
        "TotLen Fwd Pkts": "4384.0",
        "TotLen Bwd Pkts": "5282.0",
        "Fwd Pkt Len Max": "1250.0",
        "Fwd Pkt Len Min": "33.0",
        "Fwd Pkt Len Mean": "337.2307692307692",
        "Fwd Pkt Len Std": "522.3755280520828",
        "Bwd Pkt Len Max": "1250.0",
        "Bwd Pkt Len Min": "25.0",
        "Bwd Pkt Len Mean": "377.2857142857143",
        "Bwd Pkt Len Std": "514.7253828792784",
        "Flow Byts/s": "37345.26403634846",
        "Flow Pkts/s": "104.31637998980017",
        "Flow IAT Mean": "9954.923076923078",
        "Flow IAT Std": "20112.465628904032",
        "Flow IAT Max": "70953.0",
        "Flow IAT Min": "1.0",
        "Fwd IAT Tot": "239731.0",
        "Fwd IAT Mean": "19977.583333333336",
        "Fwd IAT Std": "32250.668498944142",
        "Fwd IAT Max": "97297.0",
        "Fwd IAT Min": "27.0",
        "Bwd IAT Tot": "258828.0",
        "Bwd IAT Mean": "19909.846153846152",
        "Bwd IAT Std": "27975.029582487048",
        "Bwd IAT Max": "71160.0",
        "Bwd IAT Min": "1.0",
        "Fwd PSH Flags": "0",
        "Bwd PSH Flags": "0",
        "Fwd URG Flags": "0",
        "Bwd URG Flags": "0",
        "Fwd Header Len": "104",
        "Bwd Header Len": "112",
        "Fwd Pkts/s": "50.226405180274156",
        "Bwd Pkts/s": "54.08997480952602",
        "Pkt Len Min": "25.0",
        "Pkt Len Max": "1250.0",
        "Pkt Len Mean": "389.8571428571429",
        "Pkt Len Std": "526.9347218187478",
        "Pkt Len Var": "277660.2010582011",
        "FIN Flag Cnt": "0",
        "SYN Flag Cnt": "0",
        "RST Flag Cnt": "0",
        "PSH Flag Cnt": "0",
        "ACK Flag Cnt": "0",
        "URG Flag Cnt": "0",
        "CWE Flag Count": "0",
        "ECE Flag Cnt": "0",
        "Down/Up Ratio": "1.0",
        "Pkt Size Avg": "404.2962962962963",
        "Fwd Seg Size Avg": "337.2307692307692",
        "Bwd Seg Size Avg": "377.2857142857143",
        "Fwd Byts/b Avg": "0",
        "Fwd Pkts/b Avg": "0",
        "Fwd Blk Rate Avg": "0",
        "Bwd Byts/b Avg": "0",
        "Bwd Pkts/b Avg": "0",
        "Bwd Blk Rate Avg": "0",
        "Subflow Fwd Pkts": "13",
        "Subflow Fwd Byts": "4384",
        "Subflow Bwd Pkts": "14",
        "Subflow Bwd Byts": "5282",
        "Init Fwd Win Byts": "-1",
        "Init Bwd Win Byts": "-1",
        "Fwd Act Data Pkts": "13",
        "Fwd Seg Size Min": "0",
        "Active Mean": "0",
        "Active Std": "0",
        "Active Max": "0",
        "Active Min": "0",
        "Idle Mean": "0",
        "Idle Std": "0",
        "Idle Max": "0",
        "Idle Min": "0",
        "Label": "No Label"
    },
    {
        "Flow ID": "192.168.3.22-216.58.222.14-57648-443-6",
        "Src IP": "192.168.3.22",
        "Src Port": "57648",
        "Dst IP": "216.58.222.14",
        "Dst Port": "443",
        "Protocol": "6",
        "Timestamp": "24/01/2023 09:43:30 AM",
        "Flow Duration": "44540",
        "Tot Fwd Pkts": "0",
        "Tot Bwd Pkts": "2",
        "TotLen Fwd Pkts": "0.0",
        "TotLen Bwd Pkts": "0.0",
        "Fwd Pkt Len Max": "0",
        "Fwd Pkt Len Min": "0",
        "Fwd Pkt Len Mean": "0",
        "Fwd Pkt Len Std": "0",
        "Bwd Pkt Len Max": "0.0",
        "Bwd Pkt Len Min": "0.0",
        "Bwd Pkt Len Mean": "0.0",
        "Bwd Pkt Len Std": "0.0",
        "Flow Byts/s": "0.0",
        "Flow Pkts/s": "44.903457566232596",
        "Flow IAT Mean": "44540.0",
        "Flow IAT Std": "0.0",
        "Flow IAT Max": "44540.0",
        "Flow IAT Min": "44540.0",
        "Fwd IAT Tot": "0",
        "Fwd IAT Mean": "0",
        "Fwd IAT Std": "0",
        "Fwd IAT Max": "0",
        "Fwd IAT Min": "0",
        "Bwd IAT Tot": "44540.0",
        "Bwd IAT Mean": "44540.0",
        "Bwd IAT Std": "0.0",
        "Bwd IAT Max": "44540.0",
        "Bwd IAT Min": "44540.0",
        "Fwd PSH Flags": "0",
        "Bwd PSH Flags": "0",
        "Fwd URG Flags": "0",
        "Bwd URG Flags": "0",
        "Fwd Header Len": "0",
        "Bwd Header Len": "64",
        "Fwd Pkts/s": "0.0",
        "Bwd Pkts/s": "44.903457566232596",
        "Pkt Len Min": "0.0",
        "Pkt Len Max": "0.0",
        "Pkt Len Mean": "0.0",
        "Pkt Len Std": "0.0",
        "Pkt Len Var": "0.0",
        "FIN Flag Cnt": "0",
        "SYN Flag Cnt": "0",
        "RST Flag Cnt": "0",
        "PSH Flag Cnt": "0",
        "ACK Flag Cnt": "1",
        "URG Flag Cnt": "0",
        "CWE Flag Count": "0",
        "ECE Flag Cnt": "0",
        "Down/Up Ratio": "0.0",
        "Pkt Size Avg": "0.0",
        "Fwd Seg Size Avg": "0.0",
        "Bwd Seg Size Avg": "0.0",
        "Fwd Byts/b Avg": "0",
        "Fwd Pkts/b Avg": "0",
        "Fwd Blk Rate Avg": "0",
        "Bwd Byts/b Avg": "0",
        "Bwd Pkts/b Avg": "0",
        "Bwd Blk Rate Avg": "0",
        "Subflow Fwd Pkts": "0",
        "Subflow Fwd Byts": "0",
        "Subflow Bwd Pkts": "2",
        "Subflow Bwd Byts": "0",
        "Init Fwd Win Byts": "-1",
        "Init Bwd Win Byts": "261",
        "Fwd Act Data Pkts": "0",
        "Fwd Seg Size Min": "0",
        "Active Mean": "0",
        "Active Std": "0",
        "Active Max": "0",
        "Active Min": "0",
        "Idle Mean": "0",
        "Idle Std": "0",
        "Idle Max": "0",
        "Idle Min": "0",
        "Label": "No Label"
    },
    {
        "Flow ID": "192.168.3.22-200.147.253.13-36536-443-6",
        "Src IP": "192.168.3.22",
        "Src Port": "36536",
        "Dst IP": "200.147.253.13",
        "Dst Port": "443",
        "Protocol": "6",
        "Timestamp": "24/01/2023 09:43:31 AM",
        "Flow Duration": "343021",
        "Tot Fwd Pkts": "21",
        "Tot Bwd Pkts": "29",
        "TotLen Fwd Pkts": "1088.0",
        "TotLen Bwd Pkts": "57197.0",
        "Fwd Pkt Len Max": "517.0",
        "Fwd Pkt Len Min": "0.0",
        "Fwd Pkt Len Mean": "51.80952380952381",
        "Fwd Pkt Len Std": "145.74313673295873",
        "Bwd Pkt Len Max": "5600.0",
        "Bwd Pkt Len Min": "0.0",
        "Bwd Pkt Len Mean": "1972.3103448275863",
        "Bwd Pkt Len Std": "1283.0271710586946",
        "Flow Byts/s": "169916.71063870724",
        "Flow Pkts/s": "145.76367044583276",
        "Flow IAT Mean": "7000.428571428571",
        "Flow IAT Std": "16288.82575827163",
        "Flow IAT Max": "53715.0",
        "Flow IAT Min": "4.0",
        "Fwd IAT Tot": "294283.0",
        "Fwd IAT Mean": "14714.15",
        "Fwd IAT Std": "21663.099975655914",
        "Fwd IAT Max": "53729.0",
        "Fwd IAT Min": "74.0",
        "Bwd IAT Tot": "343021.0",
        "Bwd IAT Mean": "12250.750000000002",
        "Bwd IAT Std": "20655.333287833473",
        "Bwd IAT Max": "57007.0",
        "Bwd IAT Min": "12.0",
        "Fwd PSH Flags": "0",
        "Bwd PSH Flags": "0",
        "Fwd URG Flags": "0",
        "Bwd URG Flags": "0",
        "Fwd Header Len": "672",
        "Bwd Header Len": "944",
        "Fwd Pkts/s": "61.220741587249755",
        "Bwd Pkts/s": "84.542928858583",
        "Pkt Len Min": "0.0",
        "Pkt Len Max": "5600.0",
        "Pkt Len Mean": "1142.843137254902",
        "Pkt Len Std": "1362.1545928792227",
        "Pkt Len Var": "1855465.1349019608",
        "FIN Flag Cnt": "0",
        "SYN Flag Cnt": "1",
        "RST Flag Cnt": "0",
        "PSH Flag Cnt": "0",
        "ACK Flag Cnt": "0",
        "URG Flag Cnt": "0",
        "CWE Flag Count": "0",
        "ECE Flag Cnt": "0",
        "Down/Up Ratio": "1.0",
        "Pkt Size Avg": "1165.7",
        "Fwd Seg Size Avg": "51.80952380952381",
        "Bwd Seg Size Avg": "1972.3103448275863",
        "Fwd Byts/b Avg": "0",
        "Fwd Pkts/b Avg": "0",
        "Fwd Blk Rate Avg": "0",
        "Bwd Byts/b Avg": "0",
        "Bwd Pkts/b Avg": "0",
        "Bwd Blk Rate Avg": "0",
        "Subflow Fwd Pkts": "21",
        "Subflow Fwd Byts": "1088",
        "Subflow Bwd Pkts": "29",
        "Subflow Bwd Byts": "57197",
        "Init Fwd Win Byts": "-1",
        "Init Bwd Win Byts": "130",
        "Fwd Act Data Pkts": "3",
        "Fwd Seg Size Min": "0",
        "Active Mean": "0",
        "Active Std": "0",
        "Active Max": "0",
        "Active Min": "0",
        "Idle Mean": "0",
        "Idle Std": "0",
        "Idle Max": "0",
        "Idle Min": "0",
        "Label": "No Label"
    },
    {
        "Flow ID": "142.251.129.196-192.168.3.22-443-43654-17",
        "Src IP": "192.168.3.22",
        "Src Port": "43654",
        "Dst IP": "142.251.129.196",
        "Dst Port": "443",
        "Protocol": "17",
        "Timestamp": "24/01/2023 09:43:28 AM",
        "Flow Duration": "179282",
        "Tot Fwd Pkts": "5",
        "Tot Bwd Pkts": "7",
        "TotLen Fwd Pkts": "251.0",
        "TotLen Bwd Pkts": "4859.0",
        "Fwd Pkt Len Max": "78.0",
        "Fwd Pkt Len Min": "33.0",
        "Fwd Pkt Len Mean": "50.2",
        "Fwd Pkt Len Std": "23.594490882407275",
        "Bwd Pkt Len Max": "1250.0",
        "Bwd Pkt Len Min": "25.0",
        "Bwd Pkt Len Mean": "694.1428571428571",
        "Bwd Pkt Len Std": "576.3076228807633",
        "Flow Byts/s": "28502.582523622004",
        "Flow Pkts/s": "66.93365758971899",
        "Flow IAT Mean": "16298.363636363638",
        "Flow IAT Std": "22889.069370652567",
        "Flow IAT Max": "72556.0",
        "Flow IAT Min": "2.0",
        "Fwd IAT Tot": "178716.0",
        "Fwd IAT Mean": "44679.0",
        "Fwd IAT Std": "44837.82638204785",
        "Fwd IAT Max": "105117.0",
        "Fwd IAT Min": "47.0",
        "Bwd IAT Tot": "149935.0",
        "Bwd IAT Mean": "24989.166666666664",
        "Bwd IAT Std": "30384.834469956662",
        "Bwd IAT Max": "73122.0",
        "Bwd IAT Min": "2.0",
        "Fwd PSH Flags": "0",
        "Bwd PSH Flags": "0",
        "Fwd URG Flags": "0",
        "Bwd URG Flags": "0",
        "Fwd Header Len": "40",
        "Bwd Header Len": "56",
        "Fwd Pkts/s": "27.889023995716247",
        "Bwd Pkts/s": "39.04463359400275",
        "Pkt Len Min": "25.0",
        "Pkt Len Max": "1250.0",
        "Pkt Len Mean": "489.23076923076934",
        "Pkt Len Std": "565.0547398034628",
        "Pkt Len Var": "319286.858974359",
        "FIN Flag Cnt": "0",
        "SYN Flag Cnt": "0",
        "RST Flag Cnt": "0",
        "PSH Flag Cnt": "0",
        "ACK Flag Cnt": "0",
        "URG Flag Cnt": "0",
        "CWE Flag Count": "0",
        "ECE Flag Cnt": "0",
        "Down/Up Ratio": "1.0",
        "Pkt Size Avg": "530.0",
        "Fwd Seg Size Avg": "50.2",
        "Bwd Seg Size Avg": "694.1428571428571",
        "Fwd Byts/b Avg": "0",
        "Fwd Pkts/b Avg": "0",
        "Fwd Blk Rate Avg": "0",
        "Bwd Byts/b Avg": "0",
        "Bwd Pkts/b Avg": "0",
        "Bwd Blk Rate Avg": "0",
        "Subflow Fwd Pkts": "5",
        "Subflow Fwd Byts": "251",
        "Subflow Bwd Pkts": "7",
        "Subflow Bwd Byts": "4859",
        "Init Fwd Win Byts": "-1",
        "Init Bwd Win Byts": "-1",
        "Fwd Act Data Pkts": "5",
        "Fwd Seg Size Min": "0",
        "Active Mean": "0",
        "Active Std": "0",
        "Active Max": "0",
        "Active Min": "0",
        "Idle Mean": "0",
        "Idle Std": "0",
        "Idle Max": "0",
        "Idle Min": "0",
        "Label": "No Label"
    },
    {
        "Flow ID": "192.168.3.22-200.147.253.13-36532-443-6",
        "Src IP": "200.147.253.13",
        "Src Port": "443",
        "Dst IP": "192.168.3.22",
        "Dst Port": "36532",
        "Protocol": "6",
        "Timestamp": "24/01/2023 09:43:31 AM",
        "Flow Duration": "2909",
        "Tot Fwd Pkts": "1",
        "Tot Bwd Pkts": "1",
        "TotLen Fwd Pkts": "0.0",
        "TotLen Bwd Pkts": "0.0",
        "Fwd Pkt Len Max": "0.0",
        "Fwd Pkt Len Min": "0.0",
        "Fwd Pkt Len Mean": "0.0",
        "Fwd Pkt Len Std": "0.0",
        "Bwd Pkt Len Max": "0.0",
        "Bwd Pkt Len Min": "0.0",
        "Bwd Pkt Len Mean": "0.0",
        "Bwd Pkt Len Std": "0.0",
        "Flow Byts/s": "0.0",
        "Flow Pkts/s": "687.5214850464076",
        "Flow IAT Mean": "2909.0",
        "Flow IAT Std": "0.0",
        "Flow IAT Max": "2909.0",
        "Flow IAT Min": "2909.0",
        "Fwd IAT Tot": "0",
        "Fwd IAT Mean": "0",
        "Fwd IAT Std": "0",
        "Fwd IAT Max": "0",
        "Fwd IAT Min": "0",
        "Bwd IAT Tot": "0",
        "Bwd IAT Mean": "0",
        "Bwd IAT Std": "0",
        "Bwd IAT Max": "0",
        "Bwd IAT Min": "0",
        "Fwd PSH Flags": "0",
        "Bwd PSH Flags": "0",
        "Fwd URG Flags": "0",
        "Bwd URG Flags": "0",
        "Fwd Header Len": "20",
        "Bwd Header Len": "20",
        "Fwd Pkts/s": "343.7607425232038",
        "Bwd Pkts/s": "343.7607425232038",
        "Pkt Len Min": "0.0",
        "Pkt Len Max": "0.0",
        "Pkt Len Mean": "0.0",
        "Pkt Len Std": "0.0",
        "Pkt Len Var": "0.0",
        "FIN Flag Cnt": "0",
        "SYN Flag Cnt": "0",
        "RST Flag Cnt": "1",
        "PSH Flag Cnt": "0",
        "ACK Flag Cnt": "0",
        "URG Flag Cnt": "0",
        "CWE Flag Count": "0",
        "ECE Flag Cnt": "0",
        "Down/Up Ratio": "1.0",
        "Pkt Size Avg": "0.0",
        "Fwd Seg Size Avg": "0.0",
        "Bwd Seg Size Avg": "0.0",
        "Fwd Byts/b Avg": "0",
        "Fwd Pkts/b Avg": "0",
        "Fwd Blk Rate Avg": "0",
        "Bwd Byts/b Avg": "0",
        "Bwd Pkts/b Avg": "0",
        "Bwd Blk Rate Avg": "0",
        "Subflow Fwd Pkts": "1",
        "Subflow Fwd Byts": "0",
        "Subflow Bwd Pkts": "1",
        "Subflow Bwd Byts": "0",
        "Init Fwd Win Byts": "-1",
        "Init Bwd Win Byts": "0",
        "Fwd Act Data Pkts": "0",
        "Fwd Seg Size Min": "0",
        "Active Mean": "0",
        "Active Std": "0",
        "Active Max": "0",
        "Active Min": "0",
        "Idle Mean": "0",
        "Idle Std": "0",
        "Idle Max": "0",
        "Idle Min": "0",
        "Label": "No Label"
    }
]