[
    {
        "Flow ID": "192.168.3.22-200.147.253.13-44274-443-6",
        "Src IP": "192.168.3.22",
        "Src Port": "44274",
        "Dst IP": "200.147.253.13",
        "Dst Port": "443",
        "Protocol": "6",
        "Timestamp": "24/01/2023 09:42:21 AM",
        "Flow Duration": "291939",
        "Tot Fwd Pkts": "16",
        "Tot Bwd Pkts": "20",
        "TotLen Fwd Pkts": "1132.0",
        "TotLen Bwd Pkts": "42658.0",
        "Fwd Pkt Len Max": "517.0",
        "Fwd Pkt Len Min": "0.0",
        "Fwd Pkt Len Mean": "70.74999999999999",
        "Fwd Pkt Len Std": "171.6968258297165",
        "Bwd Pkt Len Max": "5600.0",
        "Bwd Pkt Len Min": "0.0",
        "Bwd Pkt Len Mean": "2132.9",
        "Bwd Pkt Len Std": "1739.8383439727652",
        "Flow Byts/s": "149997.08843285753",
        "Flow Pkts/s": "123.3134319155714",
        "Flow IAT Mean": "8341.114285714286",
        "Flow IAT Std": "17660.64107951622",
        "Flow IAT Max": "49980.0",
        "Flow IAT Min": "10.0",
        "Fwd IAT Tot": "244023.0",
        "Fwd IAT Mean": "16268.2",
        "Fwd IAT Std": "22232.645846014046",
        "Fwd IAT Max": "50013.0",
        "Fwd IAT Min": "100.0",
        "Bwd IAT Tot": "291939.0",
        "Bwd IAT Mean": "15365.210526315788",
        "Bwd IAT Std": "22913.229072061662",
        "Bwd IAT Max": "55371.0",
        "Bwd IAT Min": "10.0",
        "Fwd PSH Flags": "0",
        "Bwd PSH Flags": "0",
        "Fwd URG Flags": "0",
        "Bwd URG Flags": "0",
        "Fwd Header Len": "512",
        "Bwd Header Len": "656",
        "Fwd Pkts/s": "54.80596974025396",
        "Bwd Pkts/s": "68.50746217531744",
        "Pkt Len Min": "0.0",
        "Pkt Len Max": "5600.0",
        "Pkt Len Mean": "1183.5135135135133",
        "Pkt Len Std": "1643.1270090494734",
        "Pkt Len Var": "2699866.367867868",
        "FIN Flag Cnt": "0",
        "SYN Flag Cnt": "1",
        "RST Flag Cnt": "0",
        "PSH Flag Cnt": "0",
        "ACK Flag Cnt": "0",
        "URG Flag Cnt": "0",
        "CWE Flag Count": "0",
        "ECE Flag Cnt": "0",
        "Down/Up Ratio": "1.0",
        "Pkt Size Avg": "1216.388888888889",
        "Fwd Seg Size Avg": "70.75",
        "Bwd Seg Size Avg": "2132.9",
        "Fwd Byts/b Avg": "0",
        "Fwd Pkts/b Avg": "0",
        "Fwd Blk Rate Avg": "0",
        "Bwd Byts/b Avg": "0",
        "Bwd Pkts/b Avg": "0",
        "Bwd Blk Rate Avg": "0",
        "Subflow Fwd Pkts": "16",
        "Subflow Fwd Byts": "1132",
        "Subflow Bwd Pkts": "20",
        "Subflow Bwd Byts": "42658",
        "Init Fwd Win Byts": "-1",
        "Init Bwd Win Byts": "130",
        "Fwd Act Data Pkts": "3",
        "Fwd Seg Size Min": "0",
        "Active Mean": "0",
        "Active Std": "0",
        "Active Max": "0",
        "Active Min": "0",
        "Idle Mean": "0",
        "Idle Std": "0",
        "Idle Max": "0",
        "Idle Min": "0",
        "Label": "No Label"
    },
    {
        "Flow ID": "192.168.3.22-200.147.253.13-44274-443-6",
        "Src IP": "192.168.3.22",
        "Src Port": "44274",
        "Dst IP": "200.147.253.13",
        "Dst Port": "443",
        "Protocol": "6",
        "Timestamp": "24/01/2023 09:42:21 AM",
        "Flow Duration": "619",
        "Tot Fwd Pkts": "2",
        "Tot Bwd Pkts": "1",
        "TotLen Fwd Pkts": "31.0",
        "TotLen Bwd Pkts": "0.0",
        "Fwd Pkt Len Max": "31.0",
        "Fwd Pkt Len Min": "0.0",
        "Fwd Pkt Len Mean": "15.5",
        "Fwd Pkt Len Std": "21.920310216782973",
        "Bwd Pkt Len Max": "0.0",
        "Bwd Pkt Len Min": "0.0",
        "Bwd Pkt Len Mean": "0.0",
        "Bwd Pkt Len Std": "0.0",
        "Flow Byts/s": "50080.775444264946",
        "Flow Pkts/s": "4846.526655896608",
        "Flow IAT Mean": "309.5",
        "Flow IAT Std": "374.05948724768365",
        "Flow IAT Max": "574.0",
        "Flow IAT Min": "45.0",
        "Fwd IAT Tot": "45.0",
        "Fwd IAT Mean": "45.0",
        "Fwd IAT Std": "0.0",
        "Fwd IAT Max": "45.0",
        "Fwd IAT Min": "45.0",
        "Bwd IAT Tot": "0",
        "Bwd IAT Mean": "0",
        "Bwd IAT Std": "0",
        "Bwd IAT Max": "0",
        "Bwd IAT Min": "0",
        "Fwd PSH Flags": "0",
        "Bwd PSH Flags": "0",
        "Fwd URG Flags": "0",
        "Bwd URG Flags": "0",
        "Fwd Header Len": "64",
        "Bwd Header Len": "32",
        "Fwd Pkts/s": "3231.0177705977385",
        "Bwd Pkts/s": "1615.5088852988692",
        "Pkt Len Min": "0.0",
        "Pkt Len Max": "31.0",
        "Pkt Len Mean": "7.75",
        "Pkt Len Std": "15.500000000000002",
        "Pkt Len Var": "240.25000000000003",
        "FIN Flag Cnt": "0",
        "SYN Flag Cnt": "0",
        "RST Flag Cnt": "0",
        "PSH Flag Cnt": "0",
        "ACK Flag Cnt": "1",
        "URG Flag Cnt": "0",
        "CWE Flag Count": "0",
        "ECE Flag Cnt": "0",
        "Down/Up Ratio": "0.0",
        "Pkt Size Avg": "10.333333333333334",
        "Fwd Seg Size Avg": "15.5",
        "Bwd Seg Size Avg": "0.0",
        "Fwd Byts/b Avg": "0",
        "Fwd Pkts/b Avg": "0",
        "Fwd Blk Rate Avg": "0",
        "Bwd Byts/b Avg": "0",
        "Bwd Pkts/b Avg": "0",
        "Bwd Blk Rate Avg": "0",
        "Subflow Fwd Pkts": "2",
        "Subflow Fwd Byts": "31",
        "Subflow Bwd Pkts": "1",
        "Subflow Bwd Byts": "0",
        "Init Fwd Win Byts": "-1",
        "Init Bwd Win Byts": "625",
        "Fwd Act Data Pkts": "1",
        "Fwd Seg Size Min": "0",
        "Active Mean": "0",
        "Active Std": "0",
        "Active Max": "0",
        "Active Min": "0",
        "Idle Mean": "0",
        "Idle Std": "0",
        "Idle Max": "0",
        "Idle Min": "0",
        "Label": "No Label"
    },
    {
        "Flow ID": "192.168.3.22-200.147.253.13-44276-443-6",
        "Src IP": "192.168.3.22",
        "Src Port": "44276",
        "Dst IP": "200.147.253.13",
        "Dst Port": "443",
        "Protocol": "6",
        "Timestamp": "24/01/2023 09:42:21 AM",
        "Flow Duration": "729711",
        "Tot Fwd Pkts": "78",
        "Tot Bwd Pkts": "95",
        "TotLen Fwd Pkts": "1088.0",
        "TotLen Bwd Pkts": "195134.0",
        "Fwd Pkt Len Max": "517.0",
        "Fwd Pkt Len Min": "0.0",
        "Fwd Pkt Len Mean": "13.948717948717944",
        "Fwd Pkt Len Std": "77.79541892764128",
        "Bwd Pkt Len Max": "5950.0",
        "Bwd Pkt Len Min": "0.0",
        "Bwd Pkt Len Mean": "2054.042105263158",
        "Bwd Pkt Len Std": "1284.3806265873711",
        "Flow Byts/s": "268903.7166768762",
        "Flow Pkts/s": "237.08015913149177",
        "Flow IAT Mean": "4242.50581395349",
        "Flow IAT Std": "12037.753938221158",
        "Flow IAT Max": "54156.0",
        "Flow IAT Min": "1.0",
        "Fwd IAT Tot": "684218.0",
        "Fwd IAT Mean": "8885.948051948051",
        "Fwd IAT Std": "17933.29199964787",
        "Fwd IAT Max": "96638.0",
        "Fwd IAT Min": "10.0",
        "Bwd IAT Tot": "729711.0",
        "Bwd IAT Mean": "7762.882978723404",
        "Bwd IAT Std": "16522.805538970428",
        "Bwd IAT Max": "60849.0",
        "Bwd IAT Min": "1.0",
        "Fwd PSH Flags": "0",
        "Bwd PSH Flags": "0",
        "Fwd URG Flags": "0",
        "Bwd URG Flags": "0",
        "Fwd Header Len": "2496",
        "Bwd Header Len": "3056",
        "Fwd Pkts/s": "106.8916324407882",
        "Bwd Pkts/s": "130.18852669070358",
        "Pkt Len Min": "0.0",
        "Pkt Len Max": "5950.0",
        "Pkt Len Mean": "1127.7126436781612",
        "Pkt Len Std": "1391.7140627858785",
        "Pkt Len Var": "1936868.032555976",
        "FIN Flag Cnt": "0",
        "SYN Flag Cnt": "1",
        "RST Flag Cnt": "0",
        "PSH Flag Cnt": "0",
        "ACK Flag Cnt": "0",
        "URG Flag Cnt": "0",
        "CWE Flag Count": "0",
        "ECE Flag Cnt": "0",
        "Down/Up Ratio": "1.0",
        "Pkt Size Avg": "1134.2312138728323",
        "Fwd Seg Size Avg": "13.948717948717949",
        "Bwd Seg Size Avg": "2054.0421052631577",
        "Fwd Byts/b Avg": "0",
        "Fwd Pkts/b Avg": "0",
        "Fwd Blk Rate Avg": "0",
        "Bwd Byts/b Avg": "0",
        "Bwd Pkts/b Avg": "0",
        "Bwd Blk Rate Avg": "0",
        "Subflow Fwd Pkts": "78",
        "Subflow Fwd Byts": "1088",
        "Subflow Bwd Pkts": "95",
        "Subflow Bwd Byts": "195134",
        "Init Fwd Win Byts": "-1",
        "Init Bwd Win Byts": "130",
        "Fwd Act Data Pkts": "3",
        "Fwd Seg Size Min": "0",
        "Active Mean": "0",
        "Active Std": "0",
        "Active Max": "0",
        "Active Min": "0",
        "Idle Mean": "0",
        "Idle Std": "0",
        "Idle Max": "0",
        "Idle Min": "0",
        "Label": "No Label"
    },
    {
        "Flow ID": "192.168.3.22-200.147.253.13-44276-443-6",
        "Src IP": "192.168.3.22",
        "Src Port": "44276",
        "Dst IP": "200.147.253.13",
        "Dst Port": "443",
        "Protocol": "6",
        "Timestamp": "24/01/2023 09:42:22 AM",
        "Flow Duration": "130",
        "Tot Fwd Pkts": "2",
        "Tot Bwd Pkts": "1",
        "TotLen Fwd Pkts": "31.0",
        "TotLen Bwd Pkts": "0.0",
        "Fwd Pkt Len Max": "31.0",
        "Fwd Pkt Len Min": "0.0",
        "Fwd Pkt Len Mean": "15.5",
        "Fwd Pkt Len Std": "21.920310216782973",
        "Bwd Pkt Len Max": "0.0",
        "Bwd Pkt Len Min": "0.0",
        "Bwd Pkt Len Mean": "0.0",
        "Bwd Pkt Len Std": "0.0",
        "Flow Byts/s": "238461.53846153847",
        "Flow Pkts/s": "23076.923076923078",
        "Flow IAT Mean": "65.0",
        "Flow IAT Std": "65.05382386916237",
        "Flow IAT Max": "111.0",
        "Flow IAT Min": "19.0",
        "Fwd IAT Tot": "19.0",
        "Fwd IAT Mean": "19.0",
        "Fwd IAT Std": "0.0",
        "Fwd IAT Max": "19.0",
        "Fwd IAT Min": "19.0",
        "Bwd IAT Tot": "0",
        "Bwd IAT Mean": "0",
        "Bwd IAT Std": "0",
        "Bwd IAT Max": "0",
        "Bwd IAT Min": "0",
        "Fwd PSH Flags": "0",
        "Bwd PSH Flags": "0",
        "Fwd URG Flags": "0",
        "Bwd URG Flags": "0",
        "Fwd Header Len": "64",
        "Bwd Header Len": "32",
        "Fwd Pkts/s": "15384.615384615387",
        "Bwd Pkts/s": "7692.307692307693",
        "Pkt Len Min": "0.0",
        "Pkt Len Max": "31.0",
        "Pkt Len Mean": "7.75",
        "Pkt Len Std": "15.500000000000002",
        "Pkt Len Var": "240.25000000000003",
        "FIN Flag Cnt": "0",
        "SYN Flag Cnt": "0",
        "RST Flag Cnt": "0",
        "PSH Flag Cnt": "0",
        "ACK Flag Cnt": "1",
        "URG Flag Cnt": "0",
        "CWE Flag Count": "0",
        "ECE Flag Cnt": "0",
        "Down/Up Ratio": "0.0",
        "Pkt Size Avg": "10.333333333333334",
        "Fwd Seg Size Avg": "15.5",
        "Bwd Seg Size Avg": "0.0",
        "Fwd Byts/b Avg": "0",
        "Fwd Pkts/b Avg": "0",
        "Fwd Blk Rate Avg": "0",
        "Bwd Byts/b Avg": "0",
        "Bwd Pkts/b Avg": "0",
        "Bwd Blk Rate Avg": "0",
        "Subflow Fwd Pkts": "2",
        "Subflow Fwd Byts": "31",
        "Subflow Bwd Pkts": "1",
        "Subflow Bwd Byts": "0",
        "Init Fwd Win Byts": "-1",
        "Init Bwd Win Byts": "1736",
        "Fwd Act Data Pkts": "1",
        "Fwd Seg Size Min": "0",
        "Active Mean": "0",
        "Active Std": "0",
        "Active Max": "0",
        "Active Min": "0",
        "Idle Mean": "0",
        "Idle Std": "0",
        "Idle Max": "0",
        "Idle Min": "0",
        "Label": "No Label"
    },
    {
        "Flow ID": "192.168.3.22-200.147.253.13-44288-443-6",
        "Src IP": "192.168.3.22",
        "Src Port": "44288",
        "Dst IP": "200.147.253.13",
        "Dst Port": "443",
        "Protocol": "6",
        "Timestamp": "24/01/2023 09:42:22 AM",
        "Flow Duration": "715577",
        "Tot Fwd Pkts": "74",
        "Tot Bwd Pkts": "88",
        "TotLen Fwd Pkts": "1088.0",
        "TotLen Bwd Pkts": "191938.0",
        "Fwd Pkt Len Max": "517.0",
        "Fwd Pkt Len Min": "0.0",
        "Fwd Pkt Len Mean": "14.702702702702696",
        "Fwd Pkt Len Std": "79.82802229342943",
        "Bwd Pkt Len Max": "7000.0",
        "Bwd Pkt Len Min": "0.0",
        "Bwd Pkt Len Mean": "2181.1136363636365",
        "Bwd Pkt Len Std": "1423.0905208792974",
        "Flow Byts/s": "269748.7482129806",
        "Flow Pkts/s": "226.39073083679324",
        "Flow IAT Mean": "4444.577639751555",
        "Flow IAT Std": "12530.719273868392",
        "Flow IAT Max": "50779.0",
        "Flow IAT Min": "5.0",
        "Fwd IAT Tot": "669318.0",
        "Fwd IAT Mean": "9168.739726027397",
        "Fwd IAT Std": "18385.92839875361",
        "Fwd IAT Max": "89515.0",
        "Fwd IAT Min": "27.0",
        "Bwd IAT Tot": "715577.0",
        "Bwd IAT Mean": "8225.022988505745",
        "Bwd IAT Std": "17006.23390350905",
        "Bwd IAT Max": "60625.0",
        "Bwd IAT Min": "16.0",
        "Fwd PSH Flags": "0",
        "Bwd PSH Flags": "0",
        "Fwd URG Flags": "0",
        "Bwd URG Flags": "0",
        "Fwd Header Len": "2368",
        "Bwd Header Len": "2832",
        "Fwd Pkts/s": "103.41304988841172",
        "Bwd Pkts/s": "122.97768094838152",
        "Pkt Len Min": "0.0",
        "Pkt Len Max": "7000.0",
        "Pkt Len Mean": "1184.2085889570549",
        "Pkt Len Std": "1504.5773142293733",
        "Pkt Len Var": "2263752.8944936744",
        "FIN Flag Cnt": "0",
        "SYN Flag Cnt": "1",
        "RST Flag Cnt": "0",
        "PSH Flag Cnt": "0",
        "ACK Flag Cnt": "0",
        "URG Flag Cnt": "0",
        "CWE Flag Count": "0",
        "ECE Flag Cnt": "0",
        "Down/Up Ratio": "1.0",
        "Pkt Size Avg": "1191.5185185185185",
        "Fwd Seg Size Avg": "14.702702702702704",
        "Bwd Seg Size Avg": "2181.1136363636365",
        "Fwd Byts/b Avg": "0",
        "Fwd Pkts/b Avg": "0",
        "Fwd Blk Rate Avg": "0",
        "Bwd Byts/b Avg": "0",
        "Bwd Pkts/b Avg": "0",
        "Bwd Blk Rate Avg": "0",
        "Subflow Fwd Pkts": "74",
        "Subflow Fwd Byts": "1088",
        "Subflow Bwd Pkts": "88",
        "Subflow Bwd Byts": "191938",
        "Init Fwd Win Byts": "-1",
        "Init Bwd Win Byts": "130",
        "Fwd Act Data Pkts": "3",
        "Fwd Seg Size Min": "0",
        "Active Mean": "0",
        "Active Std": "0",
        "Active Max": "0",
        "Active Min": "0",
        "Idle Mean": "0",
        "Idle Std": "0",
        "Idle Max": "0",
        "Idle Min": "0",
        "Label": "No Label"
    },
    {
        "Flow ID": "192.168.3.22-200.147.253.13-44288-443-6",
        "Src IP": "192.168.3.22",
        "Src Port": "44288",
        "Dst IP": "200.147.253.13",
        "Dst Port": "443",
        "Protocol": "6",
        "Timestamp": "24/01/2023 09:42:23 AM",
        "Flow Duration": "62",
        "Tot Fwd Pkts": "1",
        "Tot Bwd Pkts": "1",
        "TotLen Fwd Pkts": "0.0",
        "TotLen Bwd Pkts": "31.0",
        "Fwd Pkt Len Max": "0.0",
        "Fwd Pkt Len Min": "0.0",
        "Fwd Pkt Len Mean": "0.0",
        "Fwd Pkt Len Std": "0.0",
        "Bwd Pkt Len Max": "31.0",
        "Bwd Pkt Len Min": "31.0",
        "Bwd Pkt Len Mean": "31.0",
        "Bwd Pkt Len Std": "0.0",
        "Flow Byts/s": "500000.0",
        "Flow Pkts/s": "32258.06451612903",
        "Flow IAT Mean": "62.0",
        "Flow IAT Std": "0.0",
        "Flow IAT Max": "62.0",
        "Flow IAT Min": "62.0",
        "Fwd IAT Tot": "0",
        "Fwd IAT Mean": "0",
        "Fwd IAT Std": "0",
        "Fwd IAT Max": "0",
        "Fwd IAT Min": "0",
        "Bwd IAT Tot": "0",
        "Bwd IAT Mean": "0",
        "Bwd IAT Std": "0",
        "Bwd IAT Max": "0",
        "Bwd IAT Min": "0",
        "Fwd PSH Flags": "0",
        "Bwd PSH Flags": "1",
        "Fwd URG Flags": "0",
        "Bwd URG Flags": "0",
        "Fwd Header Len": "32",
        "Bwd Header Len": "32",
        "Fwd Pkts/s": "16129.032258064515",
        "Bwd Pkts/s": "16129.032258064515",
        "Pkt Len Min": "0.0",
        "Pkt Len Max": "31.0",
        "Pkt Len Mean": "20.666666666666664",
        "Pkt Len Std": "17.8978583448784",
        "Pkt Len Var": "320.33333333333337",
        "FIN Flag Cnt": "0",
        "SYN Flag Cnt": "0",
        "RST Flag Cnt": "0",
        "PSH Flag Cnt": "1",
        "ACK Flag Cnt": "1",
        "URG Flag Cnt": "0",
        "CWE Flag Count": "0",
        "ECE Flag Cnt": "0",
        "Down/Up Ratio": "1.0",
        "Pkt Size Avg": "31.0",
        "Fwd Seg Size Avg": "0.0",
        "Bwd Seg Size Avg": "31.0",
        "Fwd Byts/b Avg": "0",
        "Fwd Pkts/b Avg": "0",
        "Fwd Blk Rate Avg": "0",
        "Bwd Byts/b Avg": "0",
        "Bwd Pkts/b Avg": "0",
        "Bwd Blk Rate Avg": "0",
        "Subflow Fwd Pkts": "1",
        "Subflow Fwd Byts": "0",
        "Subflow Bwd Pkts": "1",
        "Subflow Bwd Byts": "31",
        "Init Fwd Win Byts": "-1",
        "Init Bwd Win Byts": "1998",
        "Fwd Act Data Pkts": "0",
        "Fwd Seg Size Min": "0",
        "Active Mean": "0",
        "Active Std": "0",
        "Active Max": "0",
        "Active Min": "0",
        "Idle Mean": "0",
        "Idle Std": "0",
        "Idle Max": "0",
        "Idle Min": "0",
        "Label": "No Label"
    },
    {
        "Flow ID": "192.168.3.22-35.241.9.150-56560-443-6",
        "Src IP": "192.168.3.22",
        "Src Port": "56560",
        "Dst IP": "35.241.9.150",
        "Dst Port": "443",
        "Protocol": "6",
        "Timestamp": "24/01/2023 09:42:20 AM",
        "Flow Duration": "96483",
        "Tot Fwd Pkts": "2",
        "Tot Bwd Pkts": "6",
        "TotLen Fwd Pkts": "46.0",
        "TotLen Bwd Pkts": "351.0",
        "Fwd Pkt Len Max": "46.0",
        "Fwd Pkt Len Min": "0.0",
        "Fwd Pkt Len Mean": "23.0",
        "Fwd Pkt Len Std": "32.526911934581186",
        "Bwd Pkt Len Max": "131.0",
        "Bwd Pkt Len Min": "0.0",
        "Bwd Pkt Len Mean": "58.5",
        "Bwd Pkt Len Std": "52.78541465215557",
        "Flow Byts/s": "4114.714509291793",
        "Flow Pkts/s": "82.91616139630815",
        "Flow IAT Mean": "13783.285714285716",
        "Flow IAT Std": "23035.16444275495",
        "Flow IAT Max": "50379.0",
        "Flow IAT Min": "21.0",
        "Fwd IAT Tot": "264.0",
        "Fwd IAT Mean": "264.0",
        "Fwd IAT Std": "0.0",
        "Fwd IAT Max": "264.0",
        "Fwd IAT Min": "264.0",
        "Bwd IAT Tot": "96483.0",
        "Bwd IAT Mean": "19296.6",
        "Bwd IAT Std": "25788.86758467692",
        "Bwd IAT Max": "50462.0",
        "Bwd IAT Min": "21.0",
        "Fwd PSH Flags": "0",
        "Bwd PSH Flags": "1",
        "Fwd URG Flags": "0",
        "Bwd URG Flags": "0",
        "Fwd Header Len": "64",
        "Bwd Header Len": "192",
        "Fwd Pkts/s": "20.72904034907704",
        "Bwd Pkts/s": "62.187121047231116",
        "Pkt Len Min": "0.0",
        "Pkt Len Max": "131.0",
        "Pkt Len Mean": "58.666666666666664",
        "Pkt Len Std": "53.34557151254451",
        "Pkt Len Var": "2845.75",
        "FIN Flag Cnt": "0",
        "SYN Flag Cnt": "0",
        "RST Flag Cnt": "0",
        "PSH Flag Cnt": "1",
        "ACK Flag Cnt": "1",
        "URG Flag Cnt": "0",
        "CWE Flag Count": "0",
        "ECE Flag Cnt": "0",
        "Down/Up Ratio": "3.0",
        "Pkt Size Avg": "66.0",
        "Fwd Seg Size Avg": "23.0",
        "Bwd Seg Size Avg": "58.5",
        "Fwd Byts/b Avg": "0",
        "Fwd Pkts/b Avg": "0",
        "Fwd Blk Rate Avg": "0",
        "Bwd Byts/b Avg": "0",
        "Bwd Pkts/b Avg": "0",
        "Bwd Blk Rate Avg": "0",
        "Subflow Fwd Pkts": "2",
        "Subflow Fwd Byts": "46",
        "Subflow Bwd Pkts": "6",
        "Subflow Bwd Byts": "351",
        "Init Fwd Win Byts": "-1",
        "Init Bwd Win Byts": "282",
        "Fwd Act Data Pkts": "1",
        "Fwd Seg Size Min": "0",
        "Active Mean": "0",
        "Active Std": "0",
        "Active Max": "0",
        "Active Min": "0",
        "Idle Mean": "0",
        "Idle Std": "0",
        "Idle Max": "0",
        "Idle Min": "0",
        "Label": "No Label"
    },
    {
        "Flow ID": "192.168.3.22-31.13.85.51-59566-443-6",
        "Src IP": "31.13.85.51",
        "Src Port": "443",
        "Dst IP": "192.168.3.22",
        "Dst Port": "59566",
        "Protocol": "6",
        "Timestamp": "24/01/2023 09:42:20 AM",
        "Flow Duration": "3175768",
        "Tot Fwd Pkts": "4",
        "Tot Bwd Pkts": "6",
        "TotLen Fwd Pkts": "419.0",
        "TotLen Bwd Pkts": "297.0",
        "Fwd Pkt Len Max": "339.0",
        "Fwd Pkt Len Min": "0.0",
        "Fwd Pkt Len Mean": "104.75000000000001",
        "Fwd Pkt Len Std": "160.65568773000226",
        "Bwd Pkt Len Max": "110.0",
        "Bwd Pkt Len Min": "0.0",
        "Bwd Pkt Len Mean": "49.5",
        "Bwd Pkt Len Std": "55.2222781130949",
        "Flow Byts/s": "225.45727521657753",
        "Flow Pkts/s": "3.1488446259298537",
        "Flow IAT Mean": "352863.1111111111",
        "Flow IAT Std": "1023369.6404085187",
        "Flow IAT Max": "3081565.0",
        "Flow IAT Min": "5.0",
        "Fwd IAT Tot": "3175683.0",
        "Fwd IAT Mean": "1058561.0",
        "Fwd IAT Std": "1752344.175024701",
        "Fwd IAT Max": "3081570.0",
        "Fwd IAT Min": "11195.0",
        "Bwd IAT Tot": "3132233.0",
        "Bwd IAT Mean": "626446.6",
        "Bwd IAT Std": "1372566.6080525198",
        "Bwd IAT Max": "3081599.0",
        "Bwd IAT Min": "15.0",
        "Fwd PSH Flags": "0",
        "Bwd PSH Flags": "1",
        "Fwd URG Flags": "0",
        "Bwd URG Flags": "0",
        "Fwd Header Len": "128",
        "Bwd Header Len": "204",
        "Fwd Pkts/s": "1.2595378503719414",
        "Bwd Pkts/s": "1.8893067755579123",
        "Pkt Len Min": "0.0",
        "Pkt Len Max": "339.0",
        "Pkt Len Mean": "72.36363636363636",
        "Pkt Len Std": "100.03426685618555",
        "Pkt Len Var": "10006.854545454544",
        "FIN Flag Cnt": "0",
        "SYN Flag Cnt": "0",
        "RST Flag Cnt": "0",
        "PSH Flag Cnt": "1",
        "ACK Flag Cnt": "1",
        "URG Flag Cnt": "0",
        "CWE Flag Count": "0",
        "ECE Flag Cnt": "0",
        "Down/Up Ratio": "1.0",
        "Pkt Size Avg": "79.6",
        "Fwd Seg Size Avg": "104.75",
        "Bwd Seg Size Avg": "49.5",
        "Fwd Byts/b Avg": "0",
        "Fwd Pkts/b Avg": "0",
        "Fwd Blk Rate Avg": "0",
        "Bwd Byts/b Avg": "0",
        "Bwd Pkts/b Avg": "0",
        "Bwd Blk Rate Avg": "0",
        "Subflow Fwd Pkts": "4",
        "Subflow Fwd Byts": "419",
        "Subflow Bwd Pkts": "6",
        "Subflow Bwd Byts": "297",
        "Init Fwd Win Byts": "-1",
        "Init Bwd Win Byts": "5880",
        "Fwd Act Data Pkts": "2",
        "Fwd Seg Size Min": "0",
        "Active Mean": "0",
        "Active Std": "0",
        "Active Max": "0",
        "Active Min": "0",
        "Idle Mean": "0",
        "Idle Std": "0",
        "Idle Max": "0",
        "Idle Min": "0",
        "Label": "No Label"
    },
    {
        "Flow ID": "142.251.132.227-192.168.3.22-443-47100-17",
        "Src IP": "192.168.3.22",
        "Src Port": "47100",
        "Dst IP": "142.251.132.227",
        "Dst Port": "443",
        "Protocol": "17",
        "Timestamp": "24/01/2023 09:42:23 AM",
        "Flow Duration": "191549",
        "Tot Fwd Pkts": "7",
        "Tot Bwd Pkts": "11",
        "TotLen Fwd Pkts": "974.0",
        "TotLen Bwd Pkts": "5546.0",
        "Fwd Pkt Len Max": "685.0",
        "Fwd Pkt Len Min": "33.0",
        "Fwd Pkt Len Mean": "139.14285714285714",
        "Fwd Pkt Len Std": "241.59499758302707",
        "Bwd Pkt Len Max": "1250.0",
        "Bwd Pkt Len Min": "25.0",
        "Bwd Pkt Len Mean": "504.18181818181813",
        "Bwd Pkt Len Std": "541.4533808522795",
        "Flow Byts/s": "34038.287853238595",
        "Flow Pkts/s": "93.97073333716178",
        "Flow IAT Mean": "11267.588235294117",
        "Flow IAT Std": "20499.03170901867",
        "Flow IAT Max": "71407.0",
        "Flow IAT Min": "2.0",
        "Fwd IAT Tot": "179025.0",
        "Fwd IAT Mean": "29837.5",
        "Fwd IAT Std": "38649.26263074109",
        "Fwd IAT Max": "96779.0",
        "Fwd IAT Min": "174.0",
        "Bwd IAT Tot": "191549.0",
        "Bwd IAT Mean": "19154.9",
        "Bwd IAT Std": "26388.014229738637",
        "Bwd IAT Max": "72406.0",
        "Bwd IAT Min": "2.0",
        "Fwd PSH Flags": "0",
        "Bwd PSH Flags": "0",
        "Fwd URG Flags": "0",
        "Bwd URG Flags": "0",
        "Fwd Header Len": "56",
        "Bwd Header Len": "88",
        "Fwd Pkts/s": "36.544174075562914",
        "Bwd Pkts/s": "57.42655926159886",
        "Pkt Len Min": "25.0",
        "Pkt Len Max": "1250.0",
        "Pkt Len Mean": "408.9473684210525",
        "Pkt Len Std": "505.4493571383575",
        "Pkt Len Var": "255479.05263157887",
        "FIN Flag Cnt": "0",
        "SYN Flag Cnt": "0",
        "RST Flag Cnt": "0",
        "PSH Flag Cnt": "0",
        "ACK Flag Cnt": "0",
        "URG Flag Cnt": "0",
        "CWE Flag Count": "0",
        "ECE Flag Cnt": "0",
        "Down/Up Ratio": "1.0",
        "Pkt Size Avg": "431.6666666666667",
        "Fwd Seg Size Avg": "139.14285714285714",
        "Bwd Seg Size Avg": "504.1818181818182",
        "Fwd Byts/b Avg": "0",
        "Fwd Pkts/b Avg": "0",
        "Fwd Blk Rate Avg": "0",
        "Bwd Byts/b Avg": "0",
        "Bwd Pkts/b Avg": "0",
        "Bwd Blk Rate Avg": "0",
        "Subflow Fwd Pkts": "7",
        "Subflow Fwd Byts": "974",
        "Subflow Bwd Pkts": "11",
        "Subflow Bwd Byts": "5546",
        "Init Fwd Win Byts": "-1",
        "Init Bwd Win Byts": "-1",
        "Fwd Act Data Pkts": "7",
        "Fwd Seg Size Min": "0",
        "Active Mean": "0",
        "Active Std": "0",
        "Active Max": "0",
        "Active Min": "0",
        "Idle Mean": "0",
        "Idle Std": "0",
        "Idle Max": "0",
        "Idle Min": "0",
        "Label": "No Label"
    },
    {
        "Flow ID": "192.168.3.22-200.147.253.13-44274-443-6",
        "Src IP": "200.147.253.13",
        "Src Port": "443",
        "Dst IP": "192.168.3.22",
        "Dst Port": "44274",
        "Protocol": "6",
        "Timestamp": "24/01/2023 09:42:21 AM",
        "Flow Duration": "38",
        "Tot Fwd Pkts": "1",
        "Tot Bwd Pkts": "1",
        "TotLen Fwd Pkts": "0.0",
        "TotLen Bwd Pkts": "0.0",
        "Fwd Pkt Len Max": "0.0",
        "Fwd Pkt Len Min": "0.0",
        "Fwd Pkt Len Mean": "0.0",
        "Fwd Pkt Len Std": "0.0",
        "Bwd Pkt Len Max": "0.0",
        "Bwd Pkt Len Min": "0.0",
        "Bwd Pkt Len Mean": "0.0",
        "Bwd Pkt Len Std": "0.0",
        "Flow Byts/s": "0.0",
        "Flow Pkts/s": "52631.57894736842",
        "Flow IAT Mean": "38.0",
        "Flow IAT Std": "0.0",
        "Flow IAT Max": "38.0",
        "Flow IAT Min": "38.0",
        "Fwd IAT Tot": "0",
        "Fwd IAT Mean": "0",
        "Fwd IAT Std": "0",
        "Fwd IAT Max": "0",
        "Fwd IAT Min": "0",
        "Bwd IAT Tot": "0",
        "Bwd IAT Mean": "0",
        "Bwd IAT Std": "0",
        "Bwd IAT Max": "0",
        "Bwd IAT Min": "0",
        "Fwd PSH Flags": "0",
        "Bwd PSH Flags": "0",
        "Fwd URG Flags": "0",
        "Bwd URG Flags": "0",
        "Fwd Header Len": "20",
        "Bwd Header Len": "20",
        "Fwd Pkts/s": "26315.78947368421",
        "Bwd Pkts/s": "26315.78947368421",
        "Pkt Len Min": "0.0",
        "Pkt Len Max": "0.0",
        "Pkt Len Mean": "0.0",
        "Pkt Len Std": "0.0",
        "Pkt Len Var": "0.0",
        "FIN Flag Cnt": "0",
        "SYN Flag Cnt": "0",
        "RST Flag Cnt": "1",
        "PSH Flag Cnt": "0",
        "ACK Flag Cnt": "0",
        "URG Flag Cnt": "0",
        "CWE Flag Count": "0",
        "ECE Flag Cnt": "0",
        "Down/Up Ratio": "1.0",
        "Pkt Size Avg": "0.0",
        "Fwd Seg Size Avg": "0.0",
        "Bwd Seg Size Avg": "0.0",
        "Fwd Byts/b Avg": "0",
        "Fwd Pkts/b Avg": "0",
        "Fwd Blk Rate Avg": "0",
        "Bwd Byts/b Avg": "0",
        "Bwd Pkts/b Avg": "0",
        "Bwd Blk Rate Avg": "0",
        "Subflow Fwd Pkts": "1",
        "Subflow Fwd Byts": "0",
        "Subflow Bwd Pkts": "1",
        "Subflow Bwd Byts": "0",
        "Init Fwd Win Byts": "-1",
        "Init Bwd Win Byts": "0",
        "Fwd Act Data Pkts": "0",
        "Fwd Seg Size Min": "0",
        "Active Mean": "0",
        "Active Std": "0",
        "Active Max": "0",
        "Active Min": "0",
        "Idle Mean": "0",
        "Idle Std": "0",
        "Idle Max": "0",
        "Idle Min": "0",
        "Label": "No Label"
    },
    {
        "Flow ID": "172.217.29.14-192.168.3.22-443-59458-6",
        "Src IP": "192.168.3.22",
        "Src Port": "59458",
        "Dst IP": "172.217.29.14",
        "Dst Port": "443",
        "Protocol": "6",
        "Timestamp": "24/01/2023 09:42:23 AM",
        "Flow Duration": "43704",
        "Tot Fwd Pkts": "0",
        "Tot Bwd Pkts": "2",
        "TotLen Fwd Pkts": "0.0",
        "TotLen Bwd Pkts": "0.0",
        "Fwd Pkt Len Max": "0",
        "Fwd Pkt Len Min": "0",
        "Fwd Pkt Len Mean": "0",
        "Fwd Pkt Len Std": "0",
        "Bwd Pkt Len Max": "0.0",
        "Bwd Pkt Len Min": "0.0",
        "Bwd Pkt Len Mean": "0.0",
        "Bwd Pkt Len Std": "0.0",
        "Flow Byts/s": "0.0",
        "Flow Pkts/s": "45.762401610836534",
        "Flow IAT Mean": "43704.0",
        "Flow IAT Std": "0.0",
        "Flow IAT Max": "43704.0",
        "Flow IAT Min": "43704.0",
        "Fwd IAT Tot": "0",
        "Fwd IAT Mean": "0",
        "Fwd IAT Std": "0",
        "Fwd IAT Max": "0",
        "Fwd IAT Min": "0",
        "Bwd IAT Tot": "43704.0",
        "Bwd IAT Mean": "43704.0",
        "Bwd IAT Std": "0.0",
        "Bwd IAT Max": "43704.0",
        "Bwd IAT Min": "43704.0",
        "Fwd PSH Flags": "0",
        "Bwd PSH Flags": "0",
        "Fwd URG Flags": "0",
        "Bwd URG Flags": "0",
        "Fwd Header Len": "0",
        "Bwd Header Len": "64",
        "Fwd Pkts/s": "0.0",
        "Bwd Pkts/s": "45.762401610836534",
        "Pkt Len Min": "0.0",
        "Pkt Len Max": "0.0",
        "Pkt Len Mean": "0.0",
        "Pkt Len Std": "0.0",
        "Pkt Len Var": "0.0",
        "FIN Flag Cnt": "0",
        "SYN Flag Cnt": "0",
        "RST Flag Cnt": "0",
        "PSH Flag Cnt": "0",
        "ACK Flag Cnt": "1",
        "URG Flag Cnt": "0",
        "CWE Flag Count": "0",
        "ECE Flag Cnt": "0",
        "Down/Up Ratio": "0.0",
        "Pkt Size Avg": "0.0",
        "Fwd Seg Size Avg": "0.0",
        "Bwd Seg Size Avg": "0.0",
        "Fwd Byts/b Avg": "0",
        "Fwd Pkts/b Avg": "0",
        "Fwd Blk Rate Avg": "0",
        "Bwd Byts/b Avg": "0",
        "Bwd Pkts/b Avg": "0",
        "Bwd Blk Rate Avg": "0",
        "Subflow Fwd Pkts": "0",
        "Subflow Fwd Byts": "0",
        "Subflow Bwd Pkts": "2",
        "Subflow Bwd Byts": "0",
        "Init Fwd Win Byts": "-1",
        "Init Bwd Win Byts": "261",
        "Fwd Act Data Pkts": "0",
        "Fwd Seg Size Min": "0",
        "Active Mean": "0",
        "Active Std": "0",
        "Active Max": "0",
        "Active Min": "0",
        "Idle Mean": "0",
        "Idle Std": "0",
        "Idle Max": "0",
        "Idle Min": "0",
        "Label": "No Label"
    },
    {
        "Flow ID": "142.250.219.138-192.168.3.22-443-33124-6",
        "Src IP": "192.168.3.22",
        "Src Port": "33124",
        "Dst IP": "142.250.219.138",
        "Dst Port": "443",
        "Protocol": "6",
        "Timestamp": "24/01/2023 09:42:21 AM",
        "Flow Duration": "46569",
        "Tot Fwd Pkts": "0",
        "Tot Bwd Pkts": "2",
        "TotLen Fwd Pkts": "0.0",
        "TotLen Bwd Pkts": "0.0",
        "Fwd Pkt Len Max": "0",
        "Fwd Pkt Len Min": "0",
        "Fwd Pkt Len Mean": "0",
        "Fwd Pkt Len Std": "0",
        "Bwd Pkt Len Max": "0.0",
        "Bwd Pkt Len Min": "0.0",
        "Bwd Pkt Len Mean": "0.0",
        "Bwd Pkt Len Std": "0.0",
        "Flow Byts/s": "0.0",
        "Flow Pkts/s": "42.94702484485387",
        "Flow IAT Mean": "46569.0",
        "Flow IAT Std": "0.0",
        "Flow IAT Max": "46569.0",
        "Flow IAT Min": "46569.0",
        "Fwd IAT Tot": "0",
        "Fwd IAT Mean": "0",
        "Fwd IAT Std": "0",
        "Fwd IAT Max": "0",
        "Fwd IAT Min": "0",
        "Bwd IAT Tot": "46569.0",
        "Bwd IAT Mean": "46569.0",
        "Bwd IAT Std": "0.0",
        "Bwd IAT Max": "46569.0",
        "Bwd IAT Min": "46569.0",
        "Fwd PSH Flags": "0",
        "Bwd PSH Flags": "0",
        "Fwd URG Flags": "0",
        "Bwd URG Flags": "0",
        "Fwd Header Len": "0",
        "Bwd Header Len": "64",
        "Fwd Pkts/s": "0.0",
        "Bwd Pkts/s": "42.94702484485387",
        "Pkt Len Min": "0.0",
        "Pkt Len Max": "0.0",
        "Pkt Len Mean": "0.0",
        "Pkt Len Std": "0.0",
        "Pkt Len Var": "0.0",
        "FIN Flag Cnt": "0",
        "SYN Flag Cnt": "0",
        "RST Flag Cnt": "0",
        "PSH Flag Cnt": "0",
        "ACK Flag Cnt": "1",
        "URG Flag Cnt": "0",
        "CWE Flag Count": "0",
        "ECE Flag Cnt": "0",
        "Down/Up Ratio": "0.0",
        "Pkt Size Avg": "0.0",
        "Fwd Seg Size Avg": "0.0",
        "Bwd Seg Size Avg": "0.0",
        "Fwd Byts/b Avg": "0",
        "Fwd Pkts/b Avg": "0",
        "Fwd Blk Rate Avg": "0",
        "Bwd Byts/b Avg": "0",
        "Bwd Pkts/b Avg": "0",
        "Bwd Blk Rate Avg": "0",
        "Subflow Fwd Pkts": "0",
        "Subflow Fwd Byts": "0",
        "Subflow Bwd Pkts": "2",
        "Subflow Bwd Byts": "0",
        "Init Fwd Win Byts": "-1",
        "Init Bwd Win Byts": "268",
        "Fwd Act Data Pkts": "0",
        "Fwd Seg Size Min": "0",
        "Active Mean": "0",
        "Active Std": "0",
        "Active Max": "0",
        "Active Min": "0",
        "Idle Mean": "0",
        "Idle Std": "0",
        "Idle Max": "0",
        "Idle Min": "0",
        "Label": "No Label"
    },
    {
        "Flow ID": "142.250.219.3-192.168.3.22-443-44732-6",
        "Src IP": "192.168.3.22",
        "Src Port": "44732",
        "Dst IP": "142.250.219.3",
        "Dst Port": "443",
        "Protocol": "6",
        "Timestamp": "24/01/2023 09:42:21 AM",
        "Flow Duration": "45943",
        "Tot Fwd Pkts": "0",
        "Tot Bwd Pkts": "2",
        "TotLen Fwd Pkts": "0.0",
        "TotLen Bwd Pkts": "0.0",
        "Fwd Pkt Len Max": "0",
        "Fwd Pkt Len Min": "0",
        "Fwd Pkt Len Mean": "0",
        "Fwd Pkt Len Std": "0",
        "Bwd Pkt Len Max": "0.0",
        "Bwd Pkt Len Min": "0.0",
        "Bwd Pkt Len Mean": "0.0",
        "Bwd Pkt Len Std": "0.0",
        "Flow Byts/s": "0.0",
        "Flow Pkts/s": "43.532202947130145",
        "Flow IAT Mean": "45943.0",
        "Flow IAT Std": "0.0",
        "Flow IAT Max": "45943.0",
        "Flow IAT Min": "45943.0",
        "Fwd IAT Tot": "0",
        "Fwd IAT Mean": "0",
        "Fwd IAT Std": "0",
        "Fwd IAT Max": "0",
        "Fwd IAT Min": "0",
        "Bwd IAT Tot": "45943.0",
        "Bwd IAT Mean": "45943.0",
        "Bwd IAT Std": "0.0",
        "Bwd IAT Max": "45943.0",
        "Bwd IAT Min": "45943.0",
        "Fwd PSH Flags": "0",
        "Bwd PSH Flags": "0",
        "Fwd URG Flags": "0",
        "Bwd URG Flags": "0",
        "Fwd Header Len": "0",
        "Bwd Header Len": "64",
        "Fwd Pkts/s": "0.0",
        "Bwd Pkts/s": "43.532202947130145",
        "Pkt Len Min": "0.0",
        "Pkt Len Max": "0.0",
        "Pkt Len Mean": "0.0",
        "Pkt Len Std": "0.0",
        "Pkt Len Var": "0.0",
        "FIN Flag Cnt": "0",
        "SYN Flag Cnt": "0",
        "RST Flag Cnt": "0",
        "PSH Flag Cnt": "0",
        "ACK Flag Cnt": "1",
        "URG Flag Cnt": "0",
        "CWE Flag Count": "0",
        "ECE Flag Cnt": "0",
        "Down/Up Ratio": "0.0",
        "Pkt Size Avg": "0.0",
        "Fwd Seg Size Avg": "0.0",
        "Bwd Seg Size Avg": "0.0",
        "Fwd Byts/b Avg": "0",
        "Fwd Pkts/b Avg": "0",
        "Fwd Blk Rate Avg": "0",
        "Bwd Byts/b Avg": "0",
        "Bwd Pkts/b Avg": "0",
        "Bwd Blk Rate Avg": "0",
        "Subflow Fwd Pkts": "0",
        "Subflow Fwd Byts": "0",
        "Subflow Bwd Pkts": "2",
        "Subflow Bwd Byts": "0",
        "Init Fwd Win Byts": "-1",
        "Init Bwd Win Byts": "283",
        "Fwd Act Data Pkts": "0",
        "Fwd Seg Size Min": "0",
        "Active Mean": "0",
        "Active Std": "0",
        "Active Max": "0",
        "Active Min": "0",
        "Idle Mean": "0",
        "Idle Std": "0",
        "Idle Max": "0",
        "Idle Min": "0",
        "Label": "No Label"
    },
    {
        "Flow ID": "192.168.3.22-200.147.253.13-44276-443-6",
        "Src IP": "200.147.253.13",
        "Src Port": "443",
        "Dst IP": "192.168.3.22",
        "Dst Port": "44276",
        "Protocol": "6",
        "Timestamp": "24/01/2023 09:42:22 AM",
        "Flow Duration": "38",
        "Tot Fwd Pkts": "1",
        "Tot Bwd Pkts": "1",
        "TotLen Fwd Pkts": "0.0",
        "TotLen Bwd Pkts": "0.0",
        "Fwd Pkt Len Max": "0.0",
        "Fwd Pkt Len Min": "0.0",
        "Fwd Pkt Len Mean": "0.0",
        "Fwd Pkt Len Std": "0.0",
        "Bwd Pkt Len Max": "0.0",
        "Bwd Pkt Len Min": "0.0",
        "Bwd Pkt Len Mean": "0.0",
        "Bwd Pkt Len Std": "0.0",
        "Flow Byts/s": "0.0",
        "Flow Pkts/s": "52631.57894736842",
        "Flow IAT Mean": "38.0",
        "Flow IAT Std": "0.0",
        "Flow IAT Max": "38.0",
        "Flow IAT Min": "38.0",
        "Fwd IAT Tot": "0",
        "Fwd IAT Mean": "0",
        "Fwd IAT Std": "0",
        "Fwd IAT Max": "0",
        "Fwd IAT Min": "0",
        "Bwd IAT Tot": "0",
        "Bwd IAT Mean": "0",
        "Bwd IAT Std": "0",
        "Bwd IAT Max": "0",
        "Bwd IAT Min": "0",
        "Fwd PSH Flags": "0",
        "Bwd PSH Flags": "0",
        "Fwd URG Flags": "0",
        "Bwd URG Flags": "0",
        "Fwd Header Len": "20",
        "Bwd Header Len": "20",
        "Fwd Pkts/s": "26315.78947368421",
        "Bwd Pkts/s": "26315.78947368421",
        "Pkt Len Min": "0.0",
        "Pkt Len Max": "0.0",
        "Pkt Len Mean": "0.0",
        "Pkt Len Std": "0.0",
        "Pkt Len Var": "0.0",
        "FIN Flag Cnt": "0",
        "SYN Flag Cnt": "0",
        "RST Flag Cnt": "1",
        "PSH Flag Cnt": "0",
        "ACK Flag Cnt": "0",
        "URG Flag Cnt": "0",
        "CWE Flag Count": "0",
        "ECE Flag Cnt": "0",
        "Down/Up Ratio": "1.0",
        "Pkt Size Avg": "0.0",
        "Fwd Seg Size Avg": "0.0",
        "Bwd Seg Size Avg": "0.0",
        "Fwd Byts/b Avg": "0",
        "Fwd Pkts/b Avg": "0",
        "Fwd Blk Rate Avg": "0",
        "Bwd Byts/b Avg": "0",
        "Bwd Pkts/b Avg": "0",
        "Bwd Blk Rate Avg": "0",
        "Subflow Fwd Pkts": "1",
        "Subflow Fwd Byts": "0",
        "Subflow Bwd Pkts": "1",
        "Subflow Bwd Byts": "0",
        "Init Fwd Win Byts": "-1",
        "Init Bwd Win Byts": "0",
        "Fwd Act Data Pkts": "0",
        "Fwd Seg Size Min": "0",
        "Active Mean": "0",
        "Active Std": "0",
        "Active Max": "0",
        "Active Min": "0",
        "Idle Mean": "0",
        "Idle Std": "0",
        "Idle Max": "0",
        "Idle Min": "0",
        "Label": "No Label"
    },
    {
        "Flow ID": "172.217.28.3-192.168.3.22-443-34459-17",
        "Src IP": "192.168.3.22",
        "Src Port": "34459",
        "Dst IP": "172.217.28.3",
        "Dst Port": "443",
        "Protocol": "17",
        "Timestamp": "24/01/2023 09:42:23 AM",
        "Flow Duration": "210107",
        "Tot Fwd Pkts": "5",
        "Tot Bwd Pkts": "5",
        "TotLen Fwd Pkts": "170.0",
        "TotLen Bwd Pkts": "496.0",
        "Fwd Pkt Len Max": "36.0",
        "Fwd Pkt Len Min": "33.0",
        "Fwd Pkt Len Mean": "34.0",
        "Fwd Pkt Len Std": "1.4142135623730958",
        "Bwd Pkt Len Max": "356.0",
        "Bwd Pkt Len Min": "25.0",
        "Bwd Pkt Len Mean": "99.2",
        "Bwd Pkt Len Std": "144.46522072803543",
        "Flow Byts/s": "3169.813475990805",
        "Flow Pkts/s": "47.59479693679887",
        "Flow IAT Mean": "23345.222222222223",
        "Flow IAT Std": "29760.620200097383",
        "Flow IAT Max": "89379.0",
        "Flow IAT Min": "26.0",
        "Fwd IAT Tot": "119659.0",
        "Fwd IAT Mean": "29914.75",
        "Fwd IAT Std": "42152.350755918706",
        "Fwd IAT Max": "89534.0",
        "Fwd IAT Min": "26.0",
        "Bwd IAT Tot": "210107.0",
        "Bwd IAT Mean": "52526.75",
        "Bwd IAT Std": "49940.79183309639",
        "Bwd IAT Max": "121439.0",
        "Bwd IAT Min": "1886.0",
        "Fwd PSH Flags": "0",
        "Bwd PSH Flags": "0",
        "Fwd URG Flags": "0",
        "Bwd URG Flags": "0",
        "Fwd Header Len": "40",
        "Bwd Header Len": "40",
        "Fwd Pkts/s": "23.797398468399436",
        "Bwd Pkts/s": "23.797398468399436",
        "Pkt Len Min": "25.0",
        "Pkt Len Max": "356.0",
        "Pkt Len Mean": "92.9090909090909",
        "Pkt Len Std": "130.48176466116215",
        "Pkt Len Var": "17025.490909090906",
        "FIN Flag Cnt": "0",
        "SYN Flag Cnt": "0",
        "RST Flag Cnt": "0",
        "PSH Flag Cnt": "0",
        "ACK Flag Cnt": "0",
        "URG Flag Cnt": "0",
        "CWE Flag Count": "0",
        "ECE Flag Cnt": "0",
        "Down/Up Ratio": "1.0",
        "Pkt Size Avg": "102.2",
        "Fwd Seg Size Avg": "34.0",
        "Bwd Seg Size Avg": "99.2",
        "Fwd Byts/b Avg": "0",
        "Fwd Pkts/b Avg": "0",
        "Fwd Blk Rate Avg": "0",
        "Bwd Byts/b Avg": "0",
        "Bwd Pkts/b Avg": "0",
        "Bwd Blk Rate Avg": "0",
        "Subflow Fwd Pkts": "5",
        "Subflow Fwd Byts": "170",
        "Subflow Bwd Pkts": "5",
        "Subflow Bwd Byts": "496",
        "Init Fwd Win Byts": "-1",
        "Init Bwd Win Byts": "-1",
        "Fwd Act Data Pkts": "5",
        "Fwd Seg Size Min": "0",
        "Active Mean": "0",
        "Active Std": "0",
        "Active Max": "0",
        "Active Min": "0",
        "Idle Mean": "0",
        "Idle Std": "0",
        "Idle Max": "0",
        "Idle Min": "0",
        "Label": "No Label"
    },
    {
        "Flow ID": "142.251.129.106-192.168.3.22-443-38436-6",
        "Src IP": "192.168.3.22",
        "Src Port": "38436",
        "Dst IP": "142.251.129.106",
        "Dst Port": "443",
        "Protocol": "6",
        "Timestamp": "24/01/2023 09:42:21 AM",
        "Flow Duration": "45795",
        "Tot Fwd Pkts": "0",
        "Tot Bwd Pkts": "2",
        "TotLen Fwd Pkts": "0.0",
        "TotLen Bwd Pkts": "0.0",
        "Fwd Pkt Len Max": "0",
        "Fwd Pkt Len Min": "0",
        "Fwd Pkt Len Mean": "0",
        "Fwd Pkt Len Std": "0",
        "Bwd Pkt Len Max": "0.0",
        "Bwd Pkt Len Min": "0.0",
        "Bwd Pkt Len Mean": "0.0",
        "Bwd Pkt Len Std": "0.0",
        "Flow Byts/s": "0.0",
        "Flow Pkts/s": "43.67289005349929",
        "Flow IAT Mean": "45795.0",
        "Flow IAT Std": "0.0",
        "Flow IAT Max": "45795.0",
        "Flow IAT Min": "45795.0",
        "Fwd IAT Tot": "0",
        "Fwd IAT Mean": "0",
        "Fwd IAT Std": "0",
        "Fwd IAT Max": "0",
        "Fwd IAT Min": "0",
        "Bwd IAT Tot": "45795.0",
        "Bwd IAT Mean": "45795.0",
        "Bwd IAT Std": "0.0",
        "Bwd IAT Max": "45795.0",
        "Bwd IAT Min": "45795.0",
        "Fwd PSH Flags": "0",
        "Bwd PSH Flags": "0",
        "Fwd URG Flags": "0",
        "Bwd URG Flags": "0",
        "Fwd Header Len": "0",
        "Bwd Header Len": "64",
        "Fwd Pkts/s": "0.0",
        "Bwd Pkts/s": "43.67289005349929",
        "Pkt Len Min": "0.0",
        "Pkt Len Max": "0.0",
        "Pkt Len Mean": "0.0",
        "Pkt Len Std": "0.0",
        "Pkt Len Var": "0.0",
        "FIN Flag Cnt": "0",
        "SYN Flag Cnt": "0",
        "RST Flag Cnt": "0",
        "PSH Flag Cnt": "0",
        "ACK Flag Cnt": "1",
        "URG Flag Cnt": "0",
        "CWE Flag Count": "0",
        "ECE Flag Cnt": "0",
        "Down/Up Ratio": "0.0",
        "Pkt Size Avg": "0.0",
        "Fwd Seg Size Avg": "0.0",
        "Bwd Seg Size Avg": "0.0",
        "Fwd Byts/b Avg": "0",
        "Fwd Pkts/b Avg": "0",
        "Fwd Blk Rate Avg": "0",
        "Bwd Byts/b Avg": "0",
        "Bwd Pkts/b Avg": "0",
        "Bwd Blk Rate Avg": "0",
        "Subflow Fwd Pkts": "0",
        "Subflow Fwd Byts": "0",
        "Subflow Bwd Pkts": "2",
        "Subflow Bwd Byts": "0",
        "Init Fwd Win Byts": "-1",
        "Init Bwd Win Byts": "328",
        "Fwd Act Data Pkts": "0",
        "Fwd Seg Size Min": "0",
        "Active Mean": "0",
        "Active Std": "0",
        "Active Max": "0",
        "Active Min": "0",
        "Idle Mean": "0",
        "Idle Std": "0",
        "Idle Max": "0",
        "Idle Min": "0",
        "Label": "No Label"
    },
    {
        "Flow ID": "192.168.3.22-200.147.253.13-44288-443-6",
        "Src IP": "200.147.253.13",
        "Src Port": "443",
        "Dst IP": "192.168.3.22",
        "Dst Port": "44288",
        "Protocol": "6",
        "Timestamp": "24/01/2023 09:42:23 AM",
        "Flow Duration": "81",
        "Tot Fwd Pkts": "1",
        "Tot Bwd Pkts": "1",
        "TotLen Fwd Pkts": "0.0",
        "TotLen Bwd Pkts": "0.0",
        "Fwd Pkt Len Max": "0.0",
        "Fwd Pkt Len Min": "0.0",
        "Fwd Pkt Len Mean": "0.0",
        "Fwd Pkt Len Std": "0.0",
        "Bwd Pkt Len Max": "0.0",
        "Bwd Pkt Len Min": "0.0",
        "Bwd Pkt Len Mean": "0.0",
        "Bwd Pkt Len Std": "0.0",
        "Flow Byts/s": "0.0",
        "Flow Pkts/s": "24691.358024691355",
        "Flow IAT Mean": "81.0",
        "Flow IAT Std": "0.0",
        "Flow IAT Max": "81.0",
        "Flow IAT Min": "81.0",
        "Fwd IAT Tot": "0",
        "Fwd IAT Mean": "0",
        "Fwd IAT Std": "0",
        "Fwd IAT Max": "0",
        "Fwd IAT Min": "0",
        "Bwd IAT Tot": "0",
        "Bwd IAT Mean": "0",
        "Bwd IAT Std": "0",
        "Bwd IAT Max": "0",
        "Bwd IAT Min": "0",
        "Fwd PSH Flags": "0",
        "Bwd PSH Flags": "0",
        "Fwd URG Flags": "0",
        "Bwd URG Flags": "0",
        "Fwd Header Len": "20",
        "Bwd Header Len": "20",
        "Fwd Pkts/s": "12345.679012345678",
        "Bwd Pkts/s": "12345.679012345678",
        "Pkt Len Min": "0.0",
        "Pkt Len Max": "0.0",
        "Pkt Len Mean": "0.0",
        "Pkt Len Std": "0.0",
        "Pkt Len Var": "0.0",
        "FIN Flag Cnt": "0",
        "SYN Flag Cnt": "0",
        "RST Flag Cnt": "1",
        "PSH Flag Cnt": "0",
        "ACK Flag Cnt": "0",
        "URG Flag Cnt": "0",
        "CWE Flag Count": "0",
        "ECE Flag Cnt": "0",
        "Down/Up Ratio": "1.0",
        "Pkt Size Avg": "0.0",
        "Fwd Seg Size Avg": "0.0",
        "Bwd Seg Size Avg": "0.0",
        "Fwd Byts/b Avg": "0",
        "Fwd Pkts/b Avg": "0",
        "Fwd Blk Rate Avg": "0",
        "Bwd Byts/b Avg": "0",
        "Bwd Pkts/b Avg": "0",
        "Bwd Blk Rate Avg": "0",
        "Subflow Fwd Pkts": "1",
        "Subflow Fwd Byts": "0",
        "Subflow Bwd Pkts": "1",
        "Subflow Bwd Byts": "0",
        "Init Fwd Win Byts": "-1",
        "Init Bwd Win Byts": "0",
        "Fwd Act Data Pkts": "0",
        "Fwd Seg Size Min": "0",
        "Active Mean": "0",
        "Active Std": "0",
        "Active Max": "0",
        "Active Min": "0",
        "Idle Mean": "0",
        "Idle Std": "0",
        "Idle Max": "0",
        "Idle Min": "0",
        "Label": "No Label"
    },
    {
        "Flow ID": "192.168.3.22-192.16.58.8-45732-80-6",
        "Src IP": "192.168.3.22",
        "Src Port": "45732",
        "Dst IP": "192.16.58.8",
        "Dst Port": "80",
        "Protocol": "6",
        "Timestamp": "24/01/2023 09:42:20 AM",
        "Flow Duration": "43359",
        "Tot Fwd Pkts": "0",
        "Tot Bwd Pkts": "2",
        "TotLen Fwd Pkts": "0.0",
        "TotLen Bwd Pkts": "0.0",
        "Fwd Pkt Len Max": "0",
        "Fwd Pkt Len Min": "0",
        "Fwd Pkt Len Mean": "0",
        "Fwd Pkt Len Std": "0",
        "Bwd Pkt Len Max": "0.0",
        "Bwd Pkt Len Min": "0.0",
        "Bwd Pkt Len Mean": "0.0",
        "Bwd Pkt Len Std": "0.0",
        "Flow Byts/s": "0.0",
        "Flow Pkts/s": "46.12652505823473",
        "Flow IAT Mean": "43359.0",
        "Flow IAT Std": "0.0",
        "Flow IAT Max": "43359.0",
        "Flow IAT Min": "43359.0",
        "Fwd IAT Tot": "0",
        "Fwd IAT Mean": "0",
        "Fwd IAT Std": "0",
        "Fwd IAT Max": "0",
        "Fwd IAT Min": "0",
        "Bwd IAT Tot": "43359.0",
        "Bwd IAT Mean": "43359.0",
        "Bwd IAT Std": "0.0",
        "Bwd IAT Max": "43359.0",
        "Bwd IAT Min": "43359.0",
        "Fwd PSH Flags": "0",
        "Bwd PSH Flags": "0",
        "Fwd URG Flags": "0",
        "Bwd URG Flags": "0",
        "Fwd Header Len": "0",
        "Bwd Header Len": "64",
        "Fwd Pkts/s": "0.0",
        "Bwd Pkts/s": "46.12652505823473",
        "Pkt Len Min": "0.0",
        "Pkt Len Max": "0.0",
        "Pkt Len Mean": "0.0",
        "Pkt Len Std": "0.0",
        "Pkt Len Var": "0.0",
        "FIN Flag Cnt": "0",
        "SYN Flag Cnt": "0",
        "RST Flag Cnt": "0",
        "PSH Flag Cnt": "0",
        "ACK Flag Cnt": "1",
        "URG Flag Cnt": "0",
        "CWE Flag Count": "0",
        "ECE Flag Cnt": "0",
        "Down/Up Ratio": "0.0",
        "Pkt Size Avg": "0.0",
        "Fwd Seg Size Avg": "0.0",
        "Bwd Seg Size Avg": "0.0",
        "Fwd Byts/b Avg": "0",
        "Fwd Pkts/b Avg": "0",
        "Fwd Blk Rate Avg": "0",
        "Bwd Byts/b Avg": "0",
        "Bwd Pkts/b Avg": "0",
        "Bwd Blk Rate Avg": "0",
        "Subflow Fwd Pkts": "0",
        "Subflow Fwd Byts": "0",
        "Subflow Bwd Pkts": "2",
        "Subflow Bwd Byts": "0",
        "Init Fwd Win Byts": "-1",
        "Init Bwd Win Byts": "131",
        "Fwd Act Data Pkts": "0",
        "Fwd Seg Size Min": "0",
        "Active Mean": "0",
        "Active Std": "0",
        "Active Max": "0",
        "Active Min": "0",
        "Idle Mean": "0",
        "Idle Std": "0",
        "Idle Max": "0",
        "Idle Min": "0",
        "Label": "No Label"
    }
]