[
    {
        "Flow ID": "192.168.3.22-200.147.253.13-49806-443-6",
        "Src IP": "192.168.3.22",
        "Src Port": "49806",
        "Dst IP": "200.147.253.13",
        "Dst Port": "443",
        "Protocol": "6",
        "Timestamp": "24/01/2023 09:42:13 AM",
        "Flow Duration": "297059",
        "Tot Fwd Pkts": "15",
        "Tot Bwd Pkts": "19",
        "TotLen Fwd Pkts": "1132.0",
        "TotLen Bwd Pkts": "42523.0",
        "Fwd Pkt Len Max": "517.0",
        "Fwd Pkt Len Min": "0.0",
        "Fwd Pkt Len Mean": "75.46666666666665",
        "Fwd Pkt Len Std": "176.64689017790212",
        "Bwd Pkt Len Max": "8400.0",
        "Bwd Pkt Len Min": "0.0",
        "Bwd Pkt Len Mean": "2238.0526315789475",
        "Bwd Pkt Len Std": "2029.6852923458139",
        "Flow Byts/s": "146957.33844118507",
        "Flow Pkts/s": "114.45537755126085",
        "Flow IAT Mean": "9001.787878787878",
        "Flow IAT Std": "18389.739084876885",
        "Flow IAT Max": "55871.0",
        "Flow IAT Min": "13.0",
        "Fwd IAT Tot": "249434.0",
        "Fwd IAT Mean": "17816.714285714286",
        "Fwd IAT Std": "23057.26537400896",
        "Fwd IAT Max": "55915.0",
        "Fwd IAT Min": "72.0",
        "Bwd IAT Tot": "297059.0",
        "Bwd IAT Mean": "16503.277777777774",
        "Bwd IAT Std": "23465.6997835152",
        "Bwd IAT Max": "58271.0",
        "Bwd IAT Min": "145.0",
        "Fwd PSH Flags": "0",
        "Bwd PSH Flags": "0",
        "Fwd URG Flags": "0",
        "Bwd URG Flags": "0",
        "Fwd Header Len": "480",
        "Bwd Header Len": "624",
        "Fwd Pkts/s": "50.4950195079092",
        "Bwd Pkts/s": "63.960358043351654",
        "Pkt Len Min": "0.0",
        "Pkt Len Max": "8400.0",
        "Pkt Len Mean": "1247.2857142857147",
        "Pkt Len Std": "1842.264775813097",
        "Pkt Len Var": "3393939.5042016804",
        "FIN Flag Cnt": "0",
        "SYN Flag Cnt": "1",
        "RST Flag Cnt": "0",
        "PSH Flag Cnt": "0",
        "ACK Flag Cnt": "0",
        "URG Flag Cnt": "0",
        "CWE Flag Count": "0",
        "ECE Flag Cnt": "0",
        "Down/Up Ratio": "1.0",
        "Pkt Size Avg": "1283.9705882352941",
        "Fwd Seg Size Avg": "75.46666666666667",
        "Bwd Seg Size Avg": "2238.0526315789475",
        "Fwd Byts/b Avg": "0",
        "Fwd Pkts/b Avg": "0",
        "Fwd Blk Rate Avg": "0",
        "Bwd Byts/b Avg": "0",
        "Bwd Pkts/b Avg": "0",
        "Bwd Blk Rate Avg": "0",
        "Subflow Fwd Pkts": "15",
        "Subflow Fwd Byts": "1132",
        "Subflow Bwd Pkts": "19",
        "Subflow Bwd Byts": "42523",
        "Init Fwd Win Byts": "-1",
        "Init Bwd Win Byts": "130",
        "Fwd Act Data Pkts": "3",
        "Fwd Seg Size Min": "0",
        "Active Mean": "0",
        "Active Std": "0",
        "Active Max": "0",
        "Active Min": "0",
        "Idle Mean": "0",
        "Idle Std": "0",
        "Idle Max": "0",
        "Idle Min": "0",
        "Label": "No Label"
    },
    {
        "Flow ID": "192.168.3.22-200.147.253.13-49806-443-6",
        "Src IP": "192.168.3.22",
        "Src Port": "49806",
        "Dst IP": "200.147.253.13",
        "Dst Port": "443",
        "Protocol": "6",
        "Timestamp": "24/01/2023 09:42:13 AM",
        "Flow Duration": "156",
        "Tot Fwd Pkts": "2",
        "Tot Bwd Pkts": "1",
        "TotLen Fwd Pkts": "31.0",
        "TotLen Bwd Pkts": "0.0",
        "Fwd Pkt Len Max": "31.0",
        "Fwd Pkt Len Min": "0.0",
        "Fwd Pkt Len Mean": "15.5",
        "Fwd Pkt Len Std": "21.920310216782973",
        "Bwd Pkt Len Max": "0.0",
        "Bwd Pkt Len Min": "0.0",
        "Bwd Pkt Len Mean": "0.0",
        "Bwd Pkt Len Std": "0.0",
        "Flow Byts/s": "198717.94871794872",
        "Flow Pkts/s": "19230.76923076923",
        "Flow IAT Mean": "78.0",
        "Flow IAT Std": "93.33809511662427",
        "Flow IAT Max": "144.0",
        "Flow IAT Min": "12.0",
        "Fwd IAT Tot": "12.0",
        "Fwd IAT Mean": "12.0",
        "Fwd IAT Std": "0.0",
        "Fwd IAT Max": "12.0",
        "Fwd IAT Min": "12.0",
        "Bwd IAT Tot": "0",
        "Bwd IAT Mean": "0",
        "Bwd IAT Std": "0",
        "Bwd IAT Max": "0",
        "Bwd IAT Min": "0",
        "Fwd PSH Flags": "0",
        "Bwd PSH Flags": "0",
        "Fwd URG Flags": "0",
        "Bwd URG Flags": "0",
        "Fwd Header Len": "64",
        "Bwd Header Len": "32",
        "Fwd Pkts/s": "12820.51282051282",
        "Bwd Pkts/s": "6410.25641025641",
        "Pkt Len Min": "0.0",
        "Pkt Len Max": "31.0",
        "Pkt Len Mean": "7.75",
        "Pkt Len Std": "15.500000000000002",
        "Pkt Len Var": "240.25000000000003",
        "FIN Flag Cnt": "0",
        "SYN Flag Cnt": "0",
        "RST Flag Cnt": "0",
        "PSH Flag Cnt": "0",
        "ACK Flag Cnt": "1",
        "URG Flag Cnt": "0",
        "CWE Flag Count": "0",
        "ECE Flag Cnt": "0",
        "Down/Up Ratio": "0.0",
        "Pkt Size Avg": "10.333333333333334",
        "Fwd Seg Size Avg": "15.5",
        "Bwd Seg Size Avg": "0.0",
        "Fwd Byts/b Avg": "0",
        "Fwd Pkts/b Avg": "0",
        "Fwd Blk Rate Avg": "0",
        "Bwd Byts/b Avg": "0",
        "Bwd Pkts/b Avg": "0",
        "Bwd Blk Rate Avg": "0",
        "Subflow Fwd Pkts": "2",
        "Subflow Fwd Byts": "31",
        "Subflow Bwd Pkts": "1",
        "Subflow Bwd Byts": "0",
        "Init Fwd Win Byts": "-1",
        "Init Bwd Win Byts": "608",
        "Fwd Act Data Pkts": "1",
        "Fwd Seg Size Min": "0",
        "Active Mean": "0",
        "Active Std": "0",
        "Active Max": "0",
        "Active Min": "0",
        "Idle Mean": "0",
        "Idle Std": "0",
        "Idle Max": "0",
        "Idle Min": "0",
        "Label": "No Label"
    },
    {
        "Flow ID": "142.251.129.206-192.168.3.22-443-60164-6",
        "Src IP": "192.168.3.22",
        "Src Port": "60164",
        "Dst IP": "142.251.129.206",
        "Dst Port": "443",
        "Protocol": "6",
        "Timestamp": "24/01/2023 09:42:13 AM",
        "Flow Duration": "97481",
        "Tot Fwd Pkts": "3",
        "Tot Bwd Pkts": "7",
        "TotLen Fwd Pkts": "724.0",
        "TotLen Bwd Pkts": "1019.0",
        "Fwd Pkt Len Max": "661.0",
        "Fwd Pkt Len Min": "24.0",
        "Fwd Pkt Len Mean": "241.33333333333331",
        "Fwd Pkt Len Std": "363.519371331616",
        "Bwd Pkt Len Max": "725.0",
        "Bwd Pkt Len Min": "0.0",
        "Bwd Pkt Len Mean": "145.57142857142858",
        "Bwd Pkt Len Std": "261.3610893909402",
        "Flow Byts/s": "17880.40746401863",
        "Flow Pkts/s": "102.58409331049128",
        "Flow IAT Mean": "10831.222222222224",
        "Flow IAT Std": "21434.70895404098",
        "Flow IAT Max": "53104.0",
        "Flow IAT Min": "0.0",
        "Fwd IAT Tot": "97062.0",
        "Fwd IAT Mean": "48531.0",
        "Fwd IAT Std": "68504.50496135272",
        "Fwd IAT Max": "96971.0",
        "Fwd IAT Min": "91.0",
        "Bwd IAT Tot": "97258.0",
        "Bwd IAT Mean": "16209.666666666668",
        "Bwd IAT Std": "25264.606616107572",
        "Bwd IAT Max": "53104.0",
        "Bwd IAT Min": "0.0",
        "Fwd PSH Flags": "0",
        "Bwd PSH Flags": "1",
        "Fwd URG Flags": "0",
        "Bwd URG Flags": "0",
        "Fwd Header Len": "96",
        "Bwd Header Len": "224",
        "Fwd Pkts/s": "30.775227993147382",
        "Bwd Pkts/s": "71.80886531734389",
        "Pkt Len Min": "0.0",
        "Pkt Len Max": "725.0",
        "Pkt Len Mean": "224.36363636363637",
        "Pkt Len Std": "311.30508274914905",
        "Pkt Len Var": "96910.85454545454",
        "FIN Flag Cnt": "0",
        "SYN Flag Cnt": "0",
        "RST Flag Cnt": "0",
        "PSH Flag Cnt": "1",
        "ACK Flag Cnt": "1",
        "URG Flag Cnt": "0",
        "CWE Flag Count": "0",
        "ECE Flag Cnt": "0",
        "Down/Up Ratio": "2.0",
        "Pkt Size Avg": "246.8",
        "Fwd Seg Size Avg": "241.33333333333334",
        "Bwd Seg Size Avg": "145.57142857142858",
        "Fwd Byts/b Avg": "0",
        "Fwd Pkts/b Avg": "0",
        "Fwd Blk Rate Avg": "0",
        "Bwd Byts/b Avg": "0",
        "Bwd Pkts/b Avg": "0",
        "Bwd Blk Rate Avg": "0",
        "Subflow Fwd Pkts": "3",
        "Subflow Fwd Byts": "724",
        "Subflow Bwd Pkts": "7",
        "Subflow Bwd Byts": "1019",
        "Init Fwd Win Byts": "-1",
        "Init Bwd Win Byts": "305",
        "Fwd Act Data Pkts": "3",
        "Fwd Seg Size Min": "0",
        "Active Mean": "0",
        "Active Std": "0",
        "Active Max": "0",
        "Active Min": "0",
        "Idle Mean": "0",
        "Idle Std": "0",
        "Idle Max": "0",
        "Idle Min": "0",
        "Label": "No Label"
    },
    {
        "Flow ID": "142.251.129.206-192.168.3.22-443-60164-6",
        "Src IP": "142.251.129.206",
        "Src Port": "443",
        "Dst IP": "192.168.3.22",
        "Dst Port": "60164",
        "Protocol": "6",
        "Timestamp": "24/01/2023 09:42:13 AM",
        "Flow Duration": "329",
        "Tot Fwd Pkts": "1",
        "Tot Bwd Pkts": "1",
        "TotLen Fwd Pkts": "0.0",
        "TotLen Bwd Pkts": "0.0",
        "Fwd Pkt Len Max": "0.0",
        "Fwd Pkt Len Min": "0.0",
        "Fwd Pkt Len Mean": "0.0",
        "Fwd Pkt Len Std": "0.0",
        "Bwd Pkt Len Max": "0.0",
        "Bwd Pkt Len Min": "0.0",
        "Bwd Pkt Len Mean": "0.0",
        "Bwd Pkt Len Std": "0.0",
        "Flow Byts/s": "0.0",
        "Flow Pkts/s": "6079.0273556231",
        "Flow IAT Mean": "329.0",
        "Flow IAT Std": "0.0",
        "Flow IAT Max": "329.0",
        "Flow IAT Min": "329.0",
        "Fwd IAT Tot": "0",
        "Fwd IAT Mean": "0",
        "Fwd IAT Std": "0",
        "Fwd IAT Max": "0",
        "Fwd IAT Min": "0",
        "Bwd IAT Tot": "0",
        "Bwd IAT Mean": "0",
        "Bwd IAT Std": "0",
        "Bwd IAT Max": "0",
        "Bwd IAT Min": "0",
        "Fwd PSH Flags": "0",
        "Bwd PSH Flags": "0",
        "Fwd URG Flags": "0",
        "Bwd URG Flags": "0",
        "Fwd Header Len": "32",
        "Bwd Header Len": "32",
        "Fwd Pkts/s": "3039.51367781155",
        "Bwd Pkts/s": "3039.51367781155",
        "Pkt Len Min": "0.0",
        "Pkt Len Max": "0.0",
        "Pkt Len Mean": "0.0",
        "Pkt Len Std": "0.0",
        "Pkt Len Var": "0.0",
        "FIN Flag Cnt": "0",
        "SYN Flag Cnt": "0",
        "RST Flag Cnt": "0",
        "PSH Flag Cnt": "0",
        "ACK Flag Cnt": "1",
        "URG Flag Cnt": "0",
        "CWE Flag Count": "0",
        "ECE Flag Cnt": "0",
        "Down/Up Ratio": "1.0",
        "Pkt Size Avg": "0.0",
        "Fwd Seg Size Avg": "0.0",
        "Bwd Seg Size Avg": "0.0",
        "Fwd Byts/b Avg": "0",
        "Fwd Pkts/b Avg": "0",
        "Fwd Blk Rate Avg": "0",
        "Bwd Byts/b Avg": "0",
        "Bwd Pkts/b Avg": "0",
        "Bwd Blk Rate Avg": "0",
        "Subflow Fwd Pkts": "1",
        "Subflow Fwd Byts": "0",
        "Subflow Bwd Pkts": "1",
        "Subflow Bwd Byts": "0",
        "Init Fwd Win Byts": "-1",
        "Init Bwd Win Byts": "305",
        "Fwd Act Data Pkts": "0",
        "Fwd Seg Size Min": "0",
        "Active Mean": "0",
        "Active Std": "0",
        "Active Max": "0",
        "Active Min": "0",
        "Idle Mean": "0",
        "Idle Std": "0",
        "Idle Max": "0",
        "Idle Min": "0",
        "Label": "No Label"
    },
    {
        "Flow ID": "192.168.3.22-200.147.253.13-49812-443-6",
        "Src IP": "192.168.3.22",
        "Src Port": "49812",
        "Dst IP": "200.147.253.13",
        "Dst Port": "443",
        "Protocol": "6",
        "Timestamp": "24/01/2023 09:42:13 AM",
        "Flow Duration": "152695",
        "Tot Fwd Pkts": "6",
        "Tot Bwd Pkts": "5",
        "TotLen Fwd Pkts": "1088.0",
        "TotLen Bwd Pkts": "4906.0",
        "Fwd Pkt Len Max": "517.0",
        "Fwd Pkt Len Min": "0.0",
        "Fwd Pkt Len Mean": "181.33333333333331",
        "Fwd Pkt Len Std": "238.28526321757013",
        "Bwd Pkt Len Max": "2800.0",
        "Bwd Pkt Len Min": "0.0",
        "Bwd Pkt Len Mean": "981.2",
        "Bwd Pkt Len Std": "1346.4637759702264",
        "Flow Byts/s": "39254.72346835194",
        "Flow Pkts/s": "72.03903205736927",
        "Flow IAT Mean": "15269.499999999998",
        "Flow IAT Std": "23648.758042325277",
        "Flow IAT Max": "55918.0",
        "Flow IAT Min": "7.0",
        "Fwd IAT Tot": "107715.0",
        "Fwd IAT Mean": "21543.0",
        "Fwd IAT Std": "27569.165457082665",
        "Fwd IAT Max": "55937.0",
        "Fwd IAT Min": "117.0",
        "Bwd IAT Tot": "152524.0",
        "Bwd IAT Mean": "38131.0",
        "Bwd IAT Std": "25829.80143167965",
        "Bwd IAT Max": "57252.0",
        "Bwd IAT Min": "129.0",
        "Fwd PSH Flags": "0",
        "Bwd PSH Flags": "0",
        "Fwd URG Flags": "0",
        "Bwd URG Flags": "0",
        "Fwd Header Len": "192",
        "Bwd Header Len": "176",
        "Fwd Pkts/s": "39.294017485837784",
        "Bwd Pkts/s": "32.745014571531485",
        "Pkt Len Min": "0.0",
        "Pkt Len Max": "2800.0",
        "Pkt Len Mean": "499.50000000000006",
        "Pkt Len Std": "931.8999653688937",
        "Pkt Len Var": "868437.5454545454",
        "FIN Flag Cnt": "0",
        "SYN Flag Cnt": "1",
        "RST Flag Cnt": "0",
        "PSH Flag Cnt": "0",
        "ACK Flag Cnt": "0",
        "URG Flag Cnt": "0",
        "CWE Flag Count": "0",
        "ECE Flag Cnt": "0",
        "Down/Up Ratio": "0.0",
        "Pkt Size Avg": "544.9090909090909",
        "Fwd Seg Size Avg": "181.33333333333334",
        "Bwd Seg Size Avg": "981.2",
        "Fwd Byts/b Avg": "0",
        "Fwd Pkts/b Avg": "0",
        "Fwd Blk Rate Avg": "0",
        "Bwd Byts/b Avg": "0",
        "Bwd Pkts/b Avg": "0",
        "Bwd Blk Rate Avg": "0",
        "Subflow Fwd Pkts": "6",
        "Subflow Fwd Byts": "1088",
        "Subflow Bwd Pkts": "5",
        "Subflow Bwd Byts": "4906",
        "Init Fwd Win Byts": "-1",
        "Init Bwd Win Byts": "122",
        "Fwd Act Data Pkts": "3",
        "Fwd Seg Size Min": "0",
        "Active Mean": "0",
        "Active Std": "0",
        "Active Max": "0",
        "Active Min": "0",
        "Idle Mean": "0",
        "Idle Std": "0",
        "Idle Max": "0",
        "Idle Min": "0",
        "Label": "No Label"
    },
    {
        "Flow ID": "192.168.3.22-31.13.85.51-59566-443-6",
        "Src IP": "31.13.85.51",
        "Src Port": "443",
        "Dst IP": "192.168.3.22",
        "Dst Port": "59566",
        "Protocol": "6",
        "Timestamp": "24/01/2023 09:42:09 AM",
        "Flow Duration": "1415477",
        "Tot Fwd Pkts": "2",
        "Tot Bwd Pkts": "4",
        "TotLen Fwd Pkts": "80.0",
        "TotLen Bwd Pkts": "339.0",
        "Fwd Pkt Len Max": "80.0",
        "Fwd Pkt Len Min": "0.0",
        "Fwd Pkt Len Mean": "40.0",
        "Fwd Pkt Len Std": "56.568542494923804",
        "Bwd Pkt Len Max": "246.0",
        "Bwd Pkt Len Min": "0.0",
        "Bwd Pkt Len Mean": "84.75",
        "Bwd Pkt Len Std": "116.0958655594591",
        "Flow Byts/s": "296.01328739357825",
        "Flow Pkts/s": "4.238853757425941",
        "Flow IAT Mean": "283095.4",
        "Flow IAT Std": "541716.8128910159",
        "Flow IAT Max": "1248012.0",
        "Flow IAT Min": "32.0",
        "Fwd IAT Tot": "1248012.0",
        "Fwd IAT Mean": "1248012.0",
        "Fwd IAT Std": "0.0",
        "Fwd IAT Max": "1248012.0",
        "Fwd IAT Min": "1248012.0",
        "Bwd IAT Tot": "1415477.0",
        "Bwd IAT Mean": "471825.6666666667",
        "Bwd IAT Std": "713776.6155530268",
        "Bwd IAT Max": "1292990.0",
        "Bwd IAT Min": "56.0",
        "Fwd PSH Flags": "0",
        "Bwd PSH Flags": "1",
        "Fwd URG Flags": "0",
        "Bwd URG Flags": "0",
        "Fwd Header Len": "64",
        "Bwd Header Len": "128",
        "Fwd Pkts/s": "1.4129512524753138",
        "Bwd Pkts/s": "2.8259025049506277",
        "Pkt Len Min": "0.0",
        "Pkt Len Max": "246.0",
        "Pkt Len Mean": "95.0",
        "Pkt Len Std": "110.2315744240279",
        "Pkt Len Var": "12151.0",
        "FIN Flag Cnt": "0",
        "SYN Flag Cnt": "0",
        "RST Flag Cnt": "0",
        "PSH Flag Cnt": "1",
        "ACK Flag Cnt": "1",
        "URG Flag Cnt": "0",
        "CWE Flag Count": "0",
        "ECE Flag Cnt": "0",
        "Down/Up Ratio": "2.0",
        "Pkt Size Avg": "110.83333333333333",
        "Fwd Seg Size Avg": "40.0",
        "Bwd Seg Size Avg": "84.75",
        "Fwd Byts/b Avg": "0",
        "Fwd Pkts/b Avg": "0",
        "Fwd Blk Rate Avg": "0",
        "Bwd Byts/b Avg": "0",
        "Bwd Pkts/b Avg": "0",
        "Bwd Blk Rate Avg": "0",
        "Subflow Fwd Pkts": "2",
        "Subflow Fwd Byts": "80",
        "Subflow Bwd Pkts": "4",
        "Subflow Bwd Byts": "339",
        "Init Fwd Win Byts": "-1",
        "Init Bwd Win Byts": "5880",
        "Fwd Act Data Pkts": "1",
        "Fwd Seg Size Min": "0",
        "Active Mean": "0",
        "Active Std": "0",
        "Active Max": "0",
        "Active Min": "0",
        "Idle Mean": "0",
        "Idle Std": "0",
        "Idle Max": "0",
        "Idle Min": "0",
        "Label": "No Label"
    },
    {
        "Flow ID": "192.168.3.22-64.233.190.154-50426-443-6",
        "Src IP": "192.168.3.22",
        "Src Port": "50426",
        "Dst IP": "64.233.190.154",
        "Dst Port": "443",
        "Protocol": "6",
        "Timestamp": "24/01/2023 09:42:12 AM",
        "Flow Duration": "109409",
        "Tot Fwd Pkts": "0",
        "Tot Bwd Pkts": "2",
        "TotLen Fwd Pkts": "0.0",
        "TotLen Bwd Pkts": "0.0",
        "Fwd Pkt Len Max": "0",
        "Fwd Pkt Len Min": "0",
        "Fwd Pkt Len Mean": "0",
        "Fwd Pkt Len Std": "0",
        "Bwd Pkt Len Max": "0.0",
        "Bwd Pkt Len Min": "0.0",
        "Bwd Pkt Len Mean": "0.0",
        "Bwd Pkt Len Std": "0.0",
        "Flow Byts/s": "0.0",
        "Flow Pkts/s": "18.280031807255344",
        "Flow IAT Mean": "109409.0",
        "Flow IAT Std": "0.0",
        "Flow IAT Max": "109409.0",
        "Flow IAT Min": "109409.0",
        "Fwd IAT Tot": "0",
        "Fwd IAT Mean": "0",
        "Fwd IAT Std": "0",
        "Fwd IAT Max": "0",
        "Fwd IAT Min": "0",
        "Bwd IAT Tot": "109409.0",
        "Bwd IAT Mean": "109409.0",
        "Bwd IAT Std": "0.0",
        "Bwd IAT Max": "109409.0",
        "Bwd IAT Min": "109409.0",
        "Fwd PSH Flags": "0",
        "Bwd PSH Flags": "0",
        "Fwd URG Flags": "0",
        "Bwd URG Flags": "0",
        "Fwd Header Len": "0",
        "Bwd Header Len": "64",
        "Fwd Pkts/s": "0.0",
        "Bwd Pkts/s": "18.280031807255344",
        "Pkt Len Min": "0.0",
        "Pkt Len Max": "0.0",
        "Pkt Len Mean": "0.0",
        "Pkt Len Std": "0.0",
        "Pkt Len Var": "0.0",
        "FIN Flag Cnt": "0",
        "SYN Flag Cnt": "0",
        "RST Flag Cnt": "0",
        "PSH Flag Cnt": "0",
        "ACK Flag Cnt": "1",
        "URG Flag Cnt": "0",
        "CWE Flag Count": "0",
        "ECE Flag Cnt": "0",
        "Down/Up Ratio": "0.0",
        "Pkt Size Avg": "0.0",
        "Fwd Seg Size Avg": "0.0",
        "Bwd Seg Size Avg": "0.0",
        "Fwd Byts/b Avg": "0",
        "Fwd Pkts/b Avg": "0",
        "Fwd Blk Rate Avg": "0",
        "Bwd Byts/b Avg": "0",
        "Bwd Pkts/b Avg": "0",
        "Bwd Blk Rate Avg": "0",
        "Subflow Fwd Pkts": "0",
        "Subflow Fwd Byts": "0",
        "Subflow Bwd Pkts": "2",
        "Subflow Bwd Byts": "0",
        "Init Fwd Win Byts": "-1",
        "Init Bwd Win Byts": "261",
        "Fwd Act Data Pkts": "0",
        "Fwd Seg Size Min": "0",
        "Active Mean": "0",
        "Active Std": "0",
        "Active Max": "0",
        "Active Min": "0",
        "Idle Mean": "0",
        "Idle Std": "0",
        "Idle Max": "0",
        "Idle Min": "0",
        "Label": "No Label"
    },
    {
        "Flow ID": "142.251.128.46-192.168.3.22-443-47728-17",
        "Src IP": "192.168.3.22",
        "Src Port": "47728",
        "Dst IP": "142.251.128.46",
        "Dst Port": "443",
        "Protocol": "17",
        "Timestamp": "24/01/2023 09:42:10 AM",
        "Flow Duration": "308520",
        "Tot Fwd Pkts": "8",
        "Tot Bwd Pkts": "14",
        "TotLen Fwd Pkts": "528.0",
        "TotLen Bwd Pkts": "2719.0",
        "Fwd Pkt Len Max": "159.0",
        "Fwd Pkt Len Min": "33.0",
        "Fwd Pkt Len Mean": "66.0",
        "Fwd Pkt Len Std": "57.430703585153076",
        "Bwd Pkt Len Max": "597.0",
        "Bwd Pkt Len Min": "26.0",
        "Bwd Pkt Len Mean": "194.2142857142857",
        "Bwd Pkt Len Std": "223.93102597809974",
        "Flow Byts/s": "10524.439258394917",
        "Flow Pkts/s": "71.30818099312847",
        "Flow IAT Mean": "14691.42857142857",
        "Flow IAT Std": "24154.72512278173",
        "Flow IAT Max": "96443.0",
        "Flow IAT Min": "166.0",
        "Fwd IAT Tot": "273400.0",
        "Fwd IAT Mean": "39057.14285714286",
        "Fwd IAT Std": "48026.29096799853",
        "Fwd IAT Max": "138132.0",
        "Fwd IAT Min": "1302.0",
        "Bwd IAT Tot": "308520.0",
        "Bwd IAT Mean": "23732.307692307695",
        "Bwd IAT Std": "32122.768496775552",
        "Bwd IAT Max": "96443.0",
        "Bwd IAT Min": "166.0",
        "Fwd PSH Flags": "0",
        "Bwd PSH Flags": "0",
        "Fwd URG Flags": "0",
        "Bwd URG Flags": "0",
        "Fwd Header Len": "64",
        "Bwd Header Len": "112",
        "Fwd Pkts/s": "25.9302476338649",
        "Bwd Pkts/s": "45.37793335926358",
        "Pkt Len Min": "26.0",
        "Pkt Len Max": "597.0",
        "Pkt Len Mean": "165.2608695652174",
        "Pkt Len Std": "204.12233795877154",
        "Pkt Len Var": "41665.928853754944",
        "FIN Flag Cnt": "0",
        "SYN Flag Cnt": "0",
        "RST Flag Cnt": "0",
        "PSH Flag Cnt": "0",
        "ACK Flag Cnt": "0",
        "URG Flag Cnt": "0",
        "CWE Flag Count": "0",
        "ECE Flag Cnt": "0",
        "Down/Up Ratio": "1.0",
        "Pkt Size Avg": "172.77272727272728",
        "Fwd Seg Size Avg": "66.0",
        "Bwd Seg Size Avg": "194.21428571428572",
        "Fwd Byts/b Avg": "0",
        "Fwd Pkts/b Avg": "0",
        "Fwd Blk Rate Avg": "0",
        "Bwd Byts/b Avg": "0",
        "Bwd Pkts/b Avg": "0",
        "Bwd Blk Rate Avg": "0",
        "Subflow Fwd Pkts": "8",
        "Subflow Fwd Byts": "528",
        "Subflow Bwd Pkts": "14",
        "Subflow Bwd Byts": "2719",
        "Init Fwd Win Byts": "-1",
        "Init Bwd Win Byts": "-1",
        "Fwd Act Data Pkts": "8",
        "Fwd Seg Size Min": "0",
        "Active Mean": "0",
        "Active Std": "0",
        "Active Max": "0",
        "Active Min": "0",
        "Idle Mean": "0",
        "Idle Std": "0",
        "Idle Max": "0",
        "Idle Min": "0",
        "Label": "No Label"
    },
    {
        "Flow ID": "192.168.3.22-200.147.253.13-49806-443-6",
        "Src IP": "200.147.253.13",
        "Src Port": "443",
        "Dst IP": "192.168.3.22",
        "Dst Port": "49806",
        "Protocol": "6",
        "Timestamp": "24/01/2023 09:42:13 AM",
        "Flow Duration": "353",
        "Tot Fwd Pkts": "1",
        "Tot Bwd Pkts": "1",
        "TotLen Fwd Pkts": "0.0",
        "TotLen Bwd Pkts": "0.0",
        "Fwd Pkt Len Max": "0.0",
        "Fwd Pkt Len Min": "0.0",
        "Fwd Pkt Len Mean": "0.0",
        "Fwd Pkt Len Std": "0.0",
        "Bwd Pkt Len Max": "0.0",
        "Bwd Pkt Len Min": "0.0",
        "Bwd Pkt Len Mean": "0.0",
        "Bwd Pkt Len Std": "0.0",
        "Flow Byts/s": "0.0",
        "Flow Pkts/s": "5665.7223796033995",
        "Flow IAT Mean": "353.0",
        "Flow IAT Std": "0.0",
        "Flow IAT Max": "353.0",
        "Flow IAT Min": "353.0",
        "Fwd IAT Tot": "0",
        "Fwd IAT Mean": "0",
        "Fwd IAT Std": "0",
        "Fwd IAT Max": "0",
        "Fwd IAT Min": "0",
        "Bwd IAT Tot": "0",
        "Bwd IAT Mean": "0",
        "Bwd IAT Std": "0",
        "Bwd IAT Max": "0",
        "Bwd IAT Min": "0",
        "Fwd PSH Flags": "0",
        "Bwd PSH Flags": "0",
        "Fwd URG Flags": "0",
        "Bwd URG Flags": "0",
        "Fwd Header Len": "20",
        "Bwd Header Len": "20",
        "Fwd Pkts/s": "2832.8611898016998",
        "Bwd Pkts/s": "2832.8611898016998",
        "Pkt Len Min": "0.0",
        "Pkt Len Max": "0.0",
        "Pkt Len Mean": "0.0",
        "Pkt Len Std": "0.0",
        "Pkt Len Var": "0.0",
        "FIN Flag Cnt": "0",
        "SYN Flag Cnt": "0",
        "RST Flag Cnt": "1",
        "PSH Flag Cnt": "0",
        "ACK Flag Cnt": "0",
        "URG Flag Cnt": "0",
        "CWE Flag Count": "0",
        "ECE Flag Cnt": "0",
        "Down/Up Ratio": "1.0",
        "Pkt Size Avg": "0.0",
        "Fwd Seg Size Avg": "0.0",
        "Bwd Seg Size Avg": "0.0",
        "Fwd Byts/b Avg": "0",
        "Fwd Pkts/b Avg": "0",
        "Fwd Blk Rate Avg": "0",
        "Bwd Byts/b Avg": "0",
        "Bwd Pkts/b Avg": "0",
        "Bwd Blk Rate Avg": "0",
        "Subflow Fwd Pkts": "1",
        "Subflow Fwd Byts": "0",
        "Subflow Bwd Pkts": "1",
        "Subflow Bwd Byts": "0",
        "Init Fwd Win Byts": "-1",
        "Init Bwd Win Byts": "0",
        "Fwd Act Data Pkts": "0",
        "Fwd Seg Size Min": "0",
        "Active Mean": "0",
        "Active Std": "0",
        "Active Max": "0",
        "Active Min": "0",
        "Idle Mean": "0",
        "Idle Std": "0",
        "Idle Max": "0",
        "Idle Min": "0",
        "Label": "No Label"
    },
    {
        "Flow ID": "142.250.219.234-192.168.3.22-443-60782-17",
        "Src IP": "192.168.3.22",
        "Src Port": "60782",
        "Dst IP": "142.250.219.234",
        "Dst Port": "443",
        "Protocol": "17",
        "Timestamp": "24/01/2023 09:42:12 AM",
        "Flow Duration": "71724",
        "Tot Fwd Pkts": "0",
        "Tot Bwd Pkts": "2",
        "TotLen Fwd Pkts": "0.0",
        "TotLen Bwd Pkts": "58.0",
        "Fwd Pkt Len Max": "0",
        "Fwd Pkt Len Min": "0",
        "Fwd Pkt Len Mean": "0",
        "Fwd Pkt Len Std": "0",
        "Bwd Pkt Len Max": "33.0",
        "Bwd Pkt Len Min": "25.0",
        "Bwd Pkt Len Mean": "29.0",
        "Bwd Pkt Len Std": "5.656854249492381",
        "Flow Byts/s": "808.6554012603871",
        "Flow Pkts/s": "27.884669008978864",
        "Flow IAT Mean": "71724.0",
        "Flow IAT Std": "0.0",
        "Flow IAT Max": "71724.0",
        "Flow IAT Min": "71724.0",
        "Fwd IAT Tot": "0",
        "Fwd IAT Mean": "0",
        "Fwd IAT Std": "0",
        "Fwd IAT Max": "0",
        "Fwd IAT Min": "0",
        "Bwd IAT Tot": "71724.0",
        "Bwd IAT Mean": "71724.0",
        "Bwd IAT Std": "0.0",
        "Bwd IAT Max": "71724.0",
        "Bwd IAT Min": "71724.0",
        "Fwd PSH Flags": "0",
        "Bwd PSH Flags": "0",
        "Fwd URG Flags": "0",
        "Bwd URG Flags": "0",
        "Fwd Header Len": "0",
        "Bwd Header Len": "16",
        "Fwd Pkts/s": "0.0",
        "Bwd Pkts/s": "27.884669008978864",
        "Pkt Len Min": "25.0",
        "Pkt Len Max": "33.0",
        "Pkt Len Mean": "30.333333333333332",
        "Pkt Len Std": "4.618802153517006",
        "Pkt Len Var": "21.333333333333332",
        "FIN Flag Cnt": "0",
        "SYN Flag Cnt": "0",
        "RST Flag Cnt": "0",
        "PSH Flag Cnt": "0",
        "ACK Flag Cnt": "0",
        "URG Flag Cnt": "0",
        "CWE Flag Count": "0",
        "ECE Flag Cnt": "0",
        "Down/Up Ratio": "0.0",
        "Pkt Size Avg": "45.5",
        "Fwd Seg Size Avg": "0.0",
        "Bwd Seg Size Avg": "29.0",
        "Fwd Byts/b Avg": "0",
        "Fwd Pkts/b Avg": "0",
        "Fwd Blk Rate Avg": "0",
        "Bwd Byts/b Avg": "0",
        "Bwd Pkts/b Avg": "0",
        "Bwd Blk Rate Avg": "0",
        "Subflow Fwd Pkts": "0",
        "Subflow Fwd Byts": "0",
        "Subflow Bwd Pkts": "2",
        "Subflow Bwd Byts": "58",
        "Init Fwd Win Byts": "-1",
        "Init Bwd Win Byts": "-1",
        "Fwd Act Data Pkts": "0",
        "Fwd Seg Size Min": "0",
        "Active Mean": "0",
        "Active Std": "0",
        "Active Max": "0",
        "Active Min": "0",
        "Idle Mean": "0",
        "Idle Std": "0",
        "Idle Max": "0",
        "Idle Min": "0",
        "Label": "No Label"
    },
    {
        "Flow ID": "192.168.3.22-3.220.38.137-52184-443-6",
        "Src IP": "192.168.3.22",
        "Src Port": "52184",
        "Dst IP": "3.220.38.137",
        "Dst Port": "443",
        "Protocol": "6",
        "Timestamp": "24/01/2023 09:42:10 AM",
        "Flow Duration": "93445",
        "Tot Fwd Pkts": "1",
        "Tot Bwd Pkts": "2",
        "TotLen Fwd Pkts": "0.0",
        "TotLen Bwd Pkts": "92.0",
        "Fwd Pkt Len Max": "0.0",
        "Fwd Pkt Len Min": "0.0",
        "Fwd Pkt Len Mean": "0.0",
        "Fwd Pkt Len Std": "0.0",
        "Bwd Pkt Len Max": "46.0",
        "Bwd Pkt Len Min": "46.0",
        "Bwd Pkt Len Mean": "46.0",
        "Bwd Pkt Len Std": "0.0",
        "Flow Byts/s": "984.5363582856226",
        "Flow Pkts/s": "32.104446465835515",
        "Flow IAT Mean": "46722.5",
        "Flow IAT Std": "66028.92412041863",
        "Flow IAT Max": "93412.0",
        "Flow IAT Min": "33.0",
        "Fwd IAT Tot": "0",
        "Fwd IAT Mean": "0",
        "Fwd IAT Std": "0",
        "Fwd IAT Max": "0",
        "Fwd IAT Min": "0",
        "Bwd IAT Tot": "93412.0",
        "Bwd IAT Mean": "93412.0",
        "Bwd IAT Std": "0.0",
        "Bwd IAT Max": "93412.0",
        "Bwd IAT Min": "93412.0",
        "Fwd PSH Flags": "0",
        "Bwd PSH Flags": "1",
        "Fwd URG Flags": "0",
        "Bwd URG Flags": "0",
        "Fwd Header Len": "32",
        "Bwd Header Len": "64",
        "Fwd Pkts/s": "10.701482155278507",
        "Bwd Pkts/s": "21.402964310557014",
        "Pkt Len Min": "0.0",
        "Pkt Len Max": "46.0",
        "Pkt Len Mean": "34.5",
        "Pkt Len Std": "23.0",
        "Pkt Len Var": "529.0",
        "FIN Flag Cnt": "0",
        "SYN Flag Cnt": "0",
        "RST Flag Cnt": "0",
        "PSH Flag Cnt": "1",
        "ACK Flag Cnt": "1",
        "URG Flag Cnt": "0",
        "CWE Flag Count": "0",
        "ECE Flag Cnt": "0",
        "Down/Up Ratio": "2.0",
        "Pkt Size Avg": "46.0",
        "Fwd Seg Size Avg": "0.0",
        "Bwd Seg Size Avg": "46.0",
        "Fwd Byts/b Avg": "0",
        "Fwd Pkts/b Avg": "0",
        "Fwd Blk Rate Avg": "0",
        "Bwd Byts/b Avg": "0",
        "Bwd Pkts/b Avg": "0",
        "Bwd Blk Rate Avg": "0",
        "Subflow Fwd Pkts": "1",
        "Subflow Fwd Byts": "0",
        "Subflow Bwd Pkts": "2",
        "Subflow Bwd Byts": "92",
        "Init Fwd Win Byts": "-1",
        "Init Bwd Win Byts": "292",
        "Fwd Act Data Pkts": "0",
        "Fwd Seg Size Min": "0",
        "Active Mean": "0",
        "Active Std": "0",
        "Active Max": "0",
        "Active Min": "0",
        "Idle Mean": "0",
        "Idle Std": "0",
        "Idle Max": "0",
        "Idle Min": "0",
        "Label": "No Label"
    },
    {
        "Flow ID": "192.168.3.22-216.58.222.14-40334-443-17",
        "Src IP": "192.168.3.22",
        "Src Port": "40334",
        "Dst IP": "216.58.222.14",
        "Dst Port": "443",
        "Protocol": "17",
        "Timestamp": "24/01/2023 09:42:13 AM",
        "Flow Duration": "159187",
        "Tot Fwd Pkts": "2",
        "Tot Bwd Pkts": "6",
        "TotLen Fwd Pkts": "145.0",
        "TotLen Bwd Pkts": "4809.0",
        "Fwd Pkt Len Max": "113.0",
        "Fwd Pkt Len Min": "32.0",
        "Fwd Pkt Len Mean": "72.5",
        "Fwd Pkt Len Std": "57.27564927611035",
        "Bwd Pkt Len Max": "1357.0",
        "Bwd Pkt Len Min": "28.0",
        "Bwd Pkt Len Mean": "801.5",
        "Bwd Pkt Len Std": "641.5555315013657",
        "Flow Byts/s": "31120.631709875808",
        "Flow Pkts/s": "50.255360048245144",
        "Flow IAT Mean": "22741.0",
        "Flow IAT Std": "26484.99200805367",
        "Flow IAT Max": "70162.0",
        "Flow IAT Min": "3.0",
        "Fwd IAT Tot": "65150.0",
        "Fwd IAT Mean": "65150.0",
        "Fwd IAT Std": "0.0",
        "Fwd IAT Max": "65150.0",
        "Fwd IAT Min": "65150.0",
        "Bwd IAT Tot": "138237.0",
        "Bwd IAT Mean": "27647.4",
        "Bwd IAT Std": "30215.824675159867",
        "Bwd IAT Max": "70162.0",
        "Bwd IAT Min": "3.0",
        "Fwd PSH Flags": "0",
        "Bwd PSH Flags": "0",
        "Fwd URG Flags": "0",
        "Bwd URG Flags": "0",
        "Fwd Header Len": "16",
        "Bwd Header Len": "48",
        "Fwd Pkts/s": "12.563840012061286",
        "Bwd Pkts/s": "37.69152003618386",
        "Pkt Len Min": "28.0",
        "Pkt Len Max": "1357.0",
        "Pkt Len Mean": "701.2222222222222",
        "Pkt Len Std": "646.3560895082867",
        "Pkt Len Var": "417776.1944444444",
        "FIN Flag Cnt": "0",
        "SYN Flag Cnt": "0",
        "RST Flag Cnt": "0",
        "PSH Flag Cnt": "0",
        "ACK Flag Cnt": "0",
        "URG Flag Cnt": "0",
        "CWE Flag Count": "0",
        "ECE Flag Cnt": "0",
        "Down/Up Ratio": "3.0",
        "Pkt Size Avg": "788.875",
        "Fwd Seg Size Avg": "72.5",
        "Bwd Seg Size Avg": "801.5",
        "Fwd Byts/b Avg": "0",
        "Fwd Pkts/b Avg": "0",
        "Fwd Blk Rate Avg": "0",
        "Bwd Byts/b Avg": "0",
        "Bwd Pkts/b Avg": "0",
        "Bwd Blk Rate Avg": "0",
        "Subflow Fwd Pkts": "2",
        "Subflow Fwd Byts": "145",
        "Subflow Bwd Pkts": "6",
        "Subflow Bwd Byts": "4809",
        "Init Fwd Win Byts": "-1",
        "Init Bwd Win Byts": "-1",
        "Fwd Act Data Pkts": "2",
        "Fwd Seg Size Min": "0",
        "Active Mean": "0",
        "Active Std": "0",
        "Active Max": "0",
        "Active Min": "0",
        "Idle Mean": "0",
        "Idle Std": "0",
        "Idle Max": "0",
        "Idle Min": "0",
        "Label": "No Label"
    },
    {
        "Flow ID": "192.168.3.22-34.104.35.123-46370-80-6",
        "Src IP": "192.168.3.22",
        "Src Port": "46370",
        "Dst IP": "34.104.35.123",
        "Dst Port": "80",
        "Protocol": "6",
        "Timestamp": "24/01/2023 09:42:12 AM",
        "Flow Duration": "58361",
        "Tot Fwd Pkts": "0",
        "Tot Bwd Pkts": "2",
        "TotLen Fwd Pkts": "0.0",
        "TotLen Bwd Pkts": "0.0",
        "Fwd Pkt Len Max": "0",
        "Fwd Pkt Len Min": "0",
        "Fwd Pkt Len Mean": "0",
        "Fwd Pkt Len Std": "0",
        "Bwd Pkt Len Max": "0.0",
        "Bwd Pkt Len Min": "0.0",
        "Bwd Pkt Len Mean": "0.0",
        "Bwd Pkt Len Std": "0.0",
        "Flow Byts/s": "0.0",
        "Flow Pkts/s": "34.26946077003478",
        "Flow IAT Mean": "58361.0",
        "Flow IAT Std": "0.0",
        "Flow IAT Max": "58361.0",
        "Flow IAT Min": "58361.0",
        "Fwd IAT Tot": "0",
        "Fwd IAT Mean": "0",
        "Fwd IAT Std": "0",
        "Fwd IAT Max": "0",
        "Fwd IAT Min": "0",
        "Bwd IAT Tot": "58361.0",
        "Bwd IAT Mean": "58361.0",
        "Bwd IAT Std": "0.0",
        "Bwd IAT Max": "58361.0",
        "Bwd IAT Min": "58361.0",
        "Fwd PSH Flags": "0",
        "Bwd PSH Flags": "0",
        "Fwd URG Flags": "0",
        "Bwd URG Flags": "0",
        "Fwd Header Len": "0",
        "Bwd Header Len": "64",
        "Fwd Pkts/s": "0.0",
        "Bwd Pkts/s": "34.26946077003478",
        "Pkt Len Min": "0.0",
        "Pkt Len Max": "0.0",
        "Pkt Len Mean": "0.0",
        "Pkt Len Std": "0.0",
        "Pkt Len Var": "0.0",
        "FIN Flag Cnt": "0",
        "SYN Flag Cnt": "0",
        "RST Flag Cnt": "0",
        "PSH Flag Cnt": "0",
        "ACK Flag Cnt": "1",
        "URG Flag Cnt": "0",
        "CWE Flag Count": "0",
        "ECE Flag Cnt": "0",
        "Down/Up Ratio": "0.0",
        "Pkt Size Avg": "0.0",
        "Fwd Seg Size Avg": "0.0",
        "Bwd Seg Size Avg": "0.0",
        "Fwd Byts/b Avg": "0",
        "Fwd Pkts/b Avg": "0",
        "Fwd Blk Rate Avg": "0",
        "Bwd Byts/b Avg": "0",
        "Bwd Pkts/b Avg": "0",
        "Bwd Blk Rate Avg": "0",
        "Subflow Fwd Pkts": "0",
        "Subflow Fwd Byts": "0",
        "Subflow Bwd Pkts": "2",
        "Subflow Bwd Byts": "0",
        "Init Fwd Win Byts": "-1",
        "Init Bwd Win Byts": "282",
        "Fwd Act Data Pkts": "0",
        "Fwd Seg Size Min": "0",
        "Active Mean": "0",
        "Active Std": "0",
        "Active Max": "0",
        "Active Min": "0",
        "Idle Mean": "0",
        "Idle Std": "0",
        "Idle Max": "0",
        "Idle Min": "0",
        "Label": "No Label"
    },
    {
        "Flow ID": "192.168.3.22-192.16.58.8-45732-80-6",
        "Src IP": "192.16.58.8",
        "Src Port": "80",
        "Dst IP": "192.168.3.22",
        "Dst Port": "45732",
        "Protocol": "6",
        "Timestamp": "24/01/2023 09:42:10 AM",
        "Flow Duration": "290929",
        "Tot Fwd Pkts": "1",
        "Tot Bwd Pkts": "3",
        "TotLen Fwd Pkts": "0.0",
        "TotLen Bwd Pkts": "0.0",
        "Fwd Pkt Len Max": "0.0",
        "Fwd Pkt Len Min": "0.0",
        "Fwd Pkt Len Mean": "0.0",
        "Fwd Pkt Len Std": "0.0",
        "Bwd Pkt Len Max": "0.0",
        "Bwd Pkt Len Min": "0.0",
        "Bwd Pkt Len Mean": "0.0",
        "Bwd Pkt Len Std": "0.0",
        "Flow Byts/s": "0.0",
        "Flow Pkts/s": "13.74905904877135",
        "Flow IAT Mean": "96976.33333333333",
        "Flow IAT Std": "130603.2477556869",
        "Flow IAT Max": "245489.0",
        "Flow IAT Min": "22.0",
        "Fwd IAT Tot": "0",
        "Fwd IAT Mean": "0",
        "Fwd IAT Std": "0",
        "Fwd IAT Max": "0",
        "Fwd IAT Min": "0",
        "Bwd IAT Tot": "245511.0",
        "Bwd IAT Mean": "122755.5",
        "Bwd IAT Std": "173571.38025751826",
        "Bwd IAT Max": "245489.0",
        "Bwd IAT Min": "22.0",
        "Fwd PSH Flags": "0",
        "Bwd PSH Flags": "0",
        "Fwd URG Flags": "0",
        "Bwd URG Flags": "0",
        "Fwd Header Len": "32",
        "Bwd Header Len": "96",
        "Fwd Pkts/s": "3.4372647621928376",
        "Bwd Pkts/s": "10.311794286578513",
        "Pkt Len Min": "0.0",
        "Pkt Len Max": "0.0",
        "Pkt Len Mean": "0.0",
        "Pkt Len Std": "0.0",
        "Pkt Len Var": "0.0",
        "FIN Flag Cnt": "0",
        "SYN Flag Cnt": "0",
        "RST Flag Cnt": "0",
        "PSH Flag Cnt": "0",
        "ACK Flag Cnt": "1",
        "URG Flag Cnt": "0",
        "CWE Flag Count": "0",
        "ECE Flag Cnt": "0",
        "Down/Up Ratio": "3.0",
        "Pkt Size Avg": "0.0",
        "Fwd Seg Size Avg": "0.0",
        "Bwd Seg Size Avg": "0.0",
        "Fwd Byts/b Avg": "0",
        "Fwd Pkts/b Avg": "0",
        "Fwd Blk Rate Avg": "0",
        "Bwd Byts/b Avg": "0",
        "Bwd Pkts/b Avg": "0",
        "Bwd Blk Rate Avg": "0",
        "Subflow Fwd Pkts": "1",
        "Subflow Fwd Byts": "0",
        "Subflow Bwd Pkts": "3",
        "Subflow Bwd Byts": "0",
        "Init Fwd Win Byts": "-1",
        "Init Bwd Win Byts": "501",
        "Fwd Act Data Pkts": "0",
        "Fwd Seg Size Min": "0",
        "Active Mean": "0",
        "Active Std": "0",
        "Active Max": "0",
        "Active Min": "0",
        "Idle Mean": "0",
        "Idle Std": "0",
        "Idle Max": "0",
        "Idle Min": "0",
        "Label": "No Label"
    }
]