[
    {
        "Flow ID": "192.168.3.22-31.13.85.51-59566-443-6",
        "Src IP": "31.13.85.51",
        "Src Port": "443",
        "Dst IP": "192.168.3.22",
        "Dst Port": "59566",
        "Protocol": "6",
        "Timestamp": "24/01/2023 09:41:54 AM",
        "Flow Duration": "1132887",
        "Tot Fwd Pkts": "1",
        "Tot Bwd Pkts": "3",
        "TotLen Fwd Pkts": "0.0",
        "TotLen Bwd Pkts": "778.0",
        "Fwd Pkt Len Max": "0.0",
        "Fwd Pkt Len Min": "0.0",
        "Fwd Pkt Len Mean": "0.0",
        "Fwd Pkt Len Std": "0.0",
        "Bwd Pkt Len Max": "679.0",
        "Bwd Pkt Len Min": "0.0",
        "Bwd Pkt Len Mean": "259.3333333333333",
        "Bwd Pkt Len Std": "366.79740093590266",
        "Flow Byts/s": "686.7410430166468",
        "Flow Pkts/s": "3.530802277720549",
        "Flow IAT Mean": "377629.0",
        "Flow IAT Std": "615144.0413033357",
        "Flow IAT Max": "1087454.0",
        "Flow IAT Min": "55.0",
        "Fwd IAT Tot": "0",
        "Fwd IAT Mean": "0",
        "Fwd IAT Std": "0",
        "Fwd IAT Max": "0",
        "Fwd IAT Min": "0",
        "Bwd IAT Tot": "1087509.0",
        "Bwd IAT Mean": "543754.5",
        "Bwd IAT Std": "768907.2067554706",
        "Bwd IAT Max": "1087454.0",
        "Bwd IAT Min": "55.0",
        "Fwd PSH Flags": "0",
        "Bwd PSH Flags": "1",
        "Fwd URG Flags": "0",
        "Bwd URG Flags": "0",
        "Fwd Header Len": "32",
        "Bwd Header Len": "96",
        "Fwd Pkts/s": "0.8827005694301373",
        "Bwd Pkts/s": "2.648101708290412",
        "Pkt Len Min": "0.0",
        "Pkt Len Max": "679.0",
        "Pkt Len Mean": "291.4",
        "Pkt Len Std": "356.1296112372573",
        "Pkt Len Var": "126828.3",
        "FIN Flag Cnt": "0",
        "SYN Flag Cnt": "0",
        "RST Flag Cnt": "0",
        "PSH Flag Cnt": "1",
        "ACK Flag Cnt": "1",
        "URG Flag Cnt": "0",
        "CWE Flag Count": "0",
        "ECE Flag Cnt": "0",
        "Down/Up Ratio": "3.0",
        "Pkt Size Avg": "364.25",
        "Fwd Seg Size Avg": "0.0",
        "Bwd Seg Size Avg": "259.3333333333333",
        "Fwd Byts/b Avg": "0",
        "Fwd Pkts/b Avg": "0",
        "Fwd Blk Rate Avg": "0",
        "Bwd Byts/b Avg": "0",
        "Bwd Pkts/b Avg": "0",
        "Bwd Blk Rate Avg": "0",
        "Subflow Fwd Pkts": "1",
        "Subflow Fwd Byts": "0",
        "Subflow Bwd Pkts": "3",
        "Subflow Bwd Byts": "778",
        "Init Fwd Win Byts": "-1",
        "Init Bwd Win Byts": "5880",
        "Fwd Act Data Pkts": "0",
        "Fwd Seg Size Min": "0",
        "Active Mean": "0",
        "Active Std": "0",
        "Active Max": "0",
        "Active Min": "0",
        "Idle Mean": "0",
        "Idle Std": "0",
        "Idle Max": "0",
        "Idle Min": "0",
        "Label": "No Label"
    },
    {
        "Flow ID": "142.250.219.234-192.168.3.22-443-39604-17",
        "Src IP": "192.168.3.22",
        "Src Port": "39604",
        "Dst IP": "142.250.219.234",
        "Dst Port": "443",
        "Protocol": "17",
        "Timestamp": "24/01/2023 09:41:57 AM",
        "Flow Duration": "318890",
        "Tot Fwd Pkts": "8",
        "Tot Bwd Pkts": "11",
        "TotLen Fwd Pkts": "827.0",
        "TotLen Bwd Pkts": "5260.0",
        "Fwd Pkt Len Max": "502.0",
        "Fwd Pkt Len Min": "33.0",
        "Fwd Pkt Len Mean": "103.37499999999999",
        "Fwd Pkt Len Std": "162.38308981277225",
        "Bwd Pkt Len Max": "1250.0",
        "Bwd Pkt Len Min": "25.0",
        "Bwd Pkt Len Mean": "478.1818181818182",
        "Bwd Pkt Len Std": "542.1689438139773",
        "Flow Byts/s": "19088.086801091285",
        "Flow Pkts/s": "59.581673931449714",
        "Flow IAT Mean": "17716.111111111113",
        "Flow IAT Std": "33770.67586442221",
        "Flow IAT Max": "131387.0",
        "Flow IAT Min": "5.0",
        "Fwd IAT Tot": "307126.0",
        "Fwd IAT Mean": "43875.142857142855",
        "Fwd IAT Std": "50617.11018495811",
        "Fwd IAT Max": "131836.0",
        "Fwd IAT Min": "84.0",
        "Bwd IAT Tot": "318890.0",
        "Bwd IAT Mean": "31889.0",
        "Bwd IAT Std": "43189.91359616785",
        "Bwd IAT Max": "131432.0",
        "Bwd IAT Min": "5.0",
        "Fwd PSH Flags": "0",
        "Bwd PSH Flags": "0",
        "Fwd URG Flags": "0",
        "Bwd URG Flags": "0",
        "Fwd Header Len": "64",
        "Bwd Header Len": "88",
        "Fwd Pkts/s": "25.08702060271567",
        "Bwd Pkts/s": "34.494653328734046",
        "Pkt Len Min": "25.0",
        "Pkt Len Max": "1250.0",
        "Pkt Len Mean": "366.84999999999997",
        "Pkt Len Std": "491.8118248401837",
        "Pkt Len Var": "241878.87105263153",
        "FIN Flag Cnt": "0",
        "SYN Flag Cnt": "0",
        "RST Flag Cnt": "0",
        "PSH Flag Cnt": "0",
        "ACK Flag Cnt": "0",
        "URG Flag Cnt": "0",
        "CWE Flag Count": "0",
        "ECE Flag Cnt": "0",
        "Down/Up Ratio": "1.0",
        "Pkt Size Avg": "386.1578947368421",
        "Fwd Seg Size Avg": "103.375",
        "Bwd Seg Size Avg": "478.1818181818182",
        "Fwd Byts/b Avg": "0",
        "Fwd Pkts/b Avg": "0",
        "Fwd Blk Rate Avg": "0",
        "Bwd Byts/b Avg": "0",
        "Bwd Pkts/b Avg": "0",
        "Bwd Blk Rate Avg": "0",
        "Subflow Fwd Pkts": "8",
        "Subflow Fwd Byts": "827",
        "Subflow Bwd Pkts": "11",
        "Subflow Bwd Byts": "5260",
        "Init Fwd Win Byts": "-1",
        "Init Bwd Win Byts": "-1",
        "Fwd Act Data Pkts": "8",
        "Fwd Seg Size Min": "0",
        "Active Mean": "0",
        "Active Std": "0",
        "Active Max": "0",
        "Active Min": "0",
        "Idle Mean": "0",
        "Idle Std": "0",
        "Idle Max": "0",
        "Idle Min": "0",
        "Label": "No Label"
    },
    {
        "Flow ID": "142.251.128.46-192.168.3.22-443-47728-17",
        "Src IP": "192.168.3.22",
        "Src Port": "47728",
        "Dst IP": "142.251.128.46",
        "Dst Port": "443",
        "Protocol": "17",
        "Timestamp": "24/01/2023 09:41:54 AM",
        "Flow Duration": "1324515",
        "Tot Fwd Pkts": "8",
        "Tot Bwd Pkts": "12",
        "TotLen Fwd Pkts": "1209.0",
        "TotLen Bwd Pkts": "989.0",
        "Fwd Pkt Len Max": "558.0",
        "Fwd Pkt Len Min": "33.0",
        "Fwd Pkt Len Mean": "151.125",
        "Fwd Pkt Len Std": "217.2933747593003",
        "Bwd Pkt Len Max": "275.0",
        "Bwd Pkt Len Min": "26.0",
        "Bwd Pkt Len Mean": "82.41666666666669",
        "Bwd Pkt Len Std": "89.2488434692913",
        "Flow Byts/s": "1659.475355129991",
        "Flow Pkts/s": "15.099866743675985",
        "Flow IAT Mean": "69711.3157894737",
        "Flow IAT Std": "226245.39294095218",
        "Flow IAT Max": "1000249.0",
        "Flow IAT Min": "72.0",
        "Fwd IAT Tot": "1264347.0",
        "Fwd IAT Mean": "180621.00000000003",
        "Fwd IAT Std": "383682.6503748465",
        "Fwd IAT Max": "1049674.0",
        "Fwd IAT Min": "7197.0",
        "Bwd IAT Tot": "1324515.0",
        "Bwd IAT Mean": "120410.45454545456",
        "Bwd IAT Std": "292808.68395570636",
        "Bwd IAT Max": "1000249.0",
        "Bwd IAT Min": "197.0",
        "Fwd PSH Flags": "0",
        "Bwd PSH Flags": "0",
        "Fwd URG Flags": "0",
        "Bwd URG Flags": "0",
        "Fwd Header Len": "64",
        "Bwd Header Len": "96",
        "Fwd Pkts/s": "6.039946697470394",
        "Bwd Pkts/s": "9.059920046205592",
        "Pkt Len Min": "26.0",
        "Pkt Len Max": "558.0",
        "Pkt Len Mean": "106.23809523809524",
        "Pkt Len Std": "149.40311401102213",
        "Pkt Len Var": "22321.290476190476",
        "FIN Flag Cnt": "0",
        "SYN Flag Cnt": "0",
        "RST Flag Cnt": "0",
        "PSH Flag Cnt": "0",
        "ACK Flag Cnt": "0",
        "URG Flag Cnt": "0",
        "CWE Flag Count": "0",
        "ECE Flag Cnt": "0",
        "Down/Up Ratio": "1.0",
        "Pkt Size Avg": "111.55",
        "Fwd Seg Size Avg": "151.125",
        "Bwd Seg Size Avg": "82.41666666666667",
        "Fwd Byts/b Avg": "0",
        "Fwd Pkts/b Avg": "0",
        "Fwd Blk Rate Avg": "0",
        "Bwd Byts/b Avg": "0",
        "Bwd Pkts/b Avg": "0",
        "Bwd Blk Rate Avg": "0",
        "Subflow Fwd Pkts": "8",
        "Subflow Fwd Byts": "1209",
        "Subflow Bwd Pkts": "12",
        "Subflow Bwd Byts": "989",
        "Init Fwd Win Byts": "-1",
        "Init Bwd Win Byts": "-1",
        "Fwd Act Data Pkts": "8",
        "Fwd Seg Size Min": "0",
        "Active Mean": "0",
        "Active Std": "0",
        "Active Max": "0",
        "Active Min": "0",
        "Idle Mean": "0",
        "Idle Std": "0",
        "Idle Max": "0",
        "Idle Min": "0",
        "Label": "No Label"
    },
    {
        "Flow ID": "172.217.173.110-192.168.3.22-443-52895-17",
        "Src IP": "192.168.3.22",
        "Src Port": "52895",
        "Dst IP": "172.217.173.110",
        "Dst Port": "443",
        "Protocol": "17",
        "Timestamp": "24/01/2023 09:41:54 AM",
        "Flow Duration": "162436",
        "Tot Fwd Pkts": "4",
        "Tot Bwd Pkts": "6",
        "TotLen Fwd Pkts": "308.0",
        "TotLen Bwd Pkts": "2244.0",
        "Fwd Pkt Len Max": "203.0",
        "Fwd Pkt Len Min": "34.0",
        "Fwd Pkt Len Mean": "77.0",
        "Fwd Pkt Len Std": "84.01190391843289",
        "Bwd Pkt Len Max": "1243.0",
        "Bwd Pkt Len Min": "25.0",
        "Bwd Pkt Len Mean": "374.0",
        "Bwd Pkt Len Std": "496.0145159166211",
        "Flow Byts/s": "15710.803023960207",
        "Flow Pkts/s": "61.56270777413874",
        "Flow IAT Mean": "18048.444444444445",
        "Flow IAT Std": "20675.143899808238",
        "Flow IAT Max": "46443.0",
        "Flow IAT Min": "97.0",
        "Fwd IAT Tot": "120725.0",
        "Fwd IAT Mean": "40241.666666666664",
        "Fwd IAT Std": "23552.765407343006",
        "Fwd IAT Max": "57730.0",
        "Fwd IAT Min": "13460.0",
        "Bwd IAT Tot": "162436.0",
        "Bwd IAT Mean": "32487.2",
        "Bwd IAT Std": "24628.4720537024",
        "Bwd IAT Max": "56846.0",
        "Bwd IAT Min": "1333.0",
        "Fwd PSH Flags": "0",
        "Bwd PSH Flags": "0",
        "Fwd URG Flags": "0",
        "Bwd URG Flags": "0",
        "Fwd Header Len": "32",
        "Bwd Header Len": "48",
        "Fwd Pkts/s": "24.625083109655495",
        "Bwd Pkts/s": "36.937624664483245",
        "Pkt Len Min": "25.0",
        "Pkt Len Max": "1243.0",
        "Pkt Len Mean": "345.0",
        "Pkt Len Std": "484.7754119177251",
        "Pkt Len Var": "235007.2",
        "FIN Flag Cnt": "0",
        "SYN Flag Cnt": "0",
        "RST Flag Cnt": "0",
        "PSH Flag Cnt": "0",
        "ACK Flag Cnt": "0",
        "URG Flag Cnt": "0",
        "CWE Flag Count": "0",
        "ECE Flag Cnt": "0",
        "Down/Up Ratio": "1.0",
        "Pkt Size Avg": "379.5",
        "Fwd Seg Size Avg": "77.0",
        "Bwd Seg Size Avg": "374.0",
        "Fwd Byts/b Avg": "0",
        "Fwd Pkts/b Avg": "0",
        "Fwd Blk Rate Avg": "0",
        "Bwd Byts/b Avg": "0",
        "Bwd Pkts/b Avg": "0",
        "Bwd Blk Rate Avg": "0",
        "Subflow Fwd Pkts": "4",
        "Subflow Fwd Byts": "308",
        "Subflow Bwd Pkts": "6",
        "Subflow Bwd Byts": "2244",
        "Init Fwd Win Byts": "-1",
        "Init Bwd Win Byts": "-1",
        "Fwd Act Data Pkts": "4",
        "Fwd Seg Size Min": "0",
        "Active Mean": "0",
        "Active Std": "0",
        "Active Max": "0",
        "Active Min": "0",
        "Idle Mean": "0",
        "Idle Std": "0",
        "Idle Max": "0",
        "Idle Min": "0",
        "Label": "No Label"
    },
    {
        "Flow ID": "142.250.219.234-192.168.3.22-443-60782-17",
        "Src IP": "142.250.219.234",
        "Src Port": "443",
        "Dst IP": "192.168.3.22",
        "Dst Port": "60782",
        "Protocol": "17",
        "Timestamp": "24/01/2023 09:41:57 AM",
        "Flow Duration": "684554",
        "Tot Fwd Pkts": "6",
        "Tot Bwd Pkts": "7",
        "TotLen Fwd Pkts": "362.0",
        "TotLen Bwd Pkts": "836.0",
        "Fwd Pkt Len Max": "117.0",
        "Fwd Pkt Len Min": "25.0",
        "Fwd Pkt Len Mean": "60.333333333333336",
        "Fwd Pkt Len Std": "39.848044703180435",
        "Bwd Pkt Len Max": "552.0",
        "Bwd Pkt Len Min": "33.0",
        "Bwd Pkt Len Mean": "119.42857142857142",
        "Bwd Pkt Len Std": "193.2751554501657",
        "Flow Byts/s": "1750.0445545566895",
        "Flow Pkts/s": "18.990466785673593",
        "Flow IAT Mean": "57046.16666666668",
        "Flow IAT Std": "99190.19603756057",
        "Flow IAT Max": "294879.0",
        "Flow IAT Min": "137.0",
        "Fwd IAT Tot": "684417.0",
        "Fwd IAT Mean": "136883.4",
        "Fwd IAT Std": "154026.32468120506",
        "Fwd IAT Max": "339621.0",
        "Fwd IAT Min": "9353.0",
        "Bwd IAT Tot": "637564.0",
        "Bwd IAT Mean": "106260.66666666667",
        "Bwd IAT Std": "126769.60667552246",
        "Bwd IAT Max": "294879.0",
        "Bwd IAT Min": "320.0",
        "Fwd PSH Flags": "0",
        "Bwd PSH Flags": "0",
        "Fwd URG Flags": "0",
        "Bwd URG Flags": "0",
        "Fwd Header Len": "48",
        "Bwd Header Len": "56",
        "Fwd Pkts/s": "8.764830824157043",
        "Bwd Pkts/s": "10.22563596151655",
        "Pkt Len Min": "25.0",
        "Pkt Len Max": "552.0",
        "Pkt Len Mean": "93.92857142857143",
        "Pkt Len Std": "136.9803266535377",
        "Pkt Len Var": "18763.609890109892",
        "FIN Flag Cnt": "0",
        "SYN Flag Cnt": "0",
        "RST Flag Cnt": "0",
        "PSH Flag Cnt": "0",
        "ACK Flag Cnt": "0",
        "URG Flag Cnt": "0",
        "CWE Flag Count": "0",
        "ECE Flag Cnt": "0",
        "Down/Up Ratio": "1.0",
        "Pkt Size Avg": "101.15384615384616",
        "Fwd Seg Size Avg": "60.333333333333336",
        "Bwd Seg Size Avg": "119.42857142857143",
        "Fwd Byts/b Avg": "0",
        "Fwd Pkts/b Avg": "0",
        "Fwd Blk Rate Avg": "0",
        "Bwd Byts/b Avg": "0",
        "Bwd Pkts/b Avg": "0",
        "Bwd Blk Rate Avg": "0",
        "Subflow Fwd Pkts": "6",
        "Subflow Fwd Byts": "362",
        "Subflow Bwd Pkts": "7",
        "Subflow Bwd Byts": "836",
        "Init Fwd Win Byts": "-1",
        "Init Bwd Win Byts": "-1",
        "Fwd Act Data Pkts": "6",
        "Fwd Seg Size Min": "0",
        "Active Mean": "0",
        "Active Std": "0",
        "Active Max": "0",
        "Active Min": "0",
        "Idle Mean": "0",
        "Idle Std": "0",
        "Idle Max": "0",
        "Idle Min": "0",
        "Label": "No Label"
    },
    {
        "Flow ID": "172.217.28.3-192.168.3.22-443-34459-17",
        "Src IP": "192.168.3.22",
        "Src Port": "34459",
        "Dst IP": "172.217.28.3",
        "Dst Port": "443",
        "Protocol": "17",
        "Timestamp": "24/01/2023 09:41:57 AM",
        "Flow Duration": "208882",
        "Tot Fwd Pkts": "5",
        "Tot Bwd Pkts": "5",
        "TotLen Fwd Pkts": "170.0",
        "TotLen Bwd Pkts": "971.0",
        "Fwd Pkt Len Max": "36.0",
        "Fwd Pkt Len Min": "33.0",
        "Fwd Pkt Len Mean": "34.0",
        "Fwd Pkt Len Std": "1.4142135623730958",
        "Bwd Pkt Len Max": "831.0",
        "Bwd Pkt Len Min": "25.0",
        "Bwd Pkt Len Mean": "194.2",
        "Bwd Pkt Len Std": "356.3498281183814",
        "Flow Byts/s": "5462.414185999751",
        "Flow Pkts/s": "47.87391924627301",
        "Flow IAT Mean": "23209.11111111111",
        "Flow IAT Std": "29472.524791933098",
        "Flow IAT Max": "89038.0",
        "Flow IAT Min": "22.0",
        "Fwd IAT Tot": "120141.0",
        "Fwd IAT Mean": "30035.25",
        "Fwd IAT Std": "42034.76411555083",
        "Fwd IAT Max": "89278.0",
        "Fwd IAT Min": "22.0",
        "Bwd IAT Tot": "208882.0",
        "Bwd IAT Mean": "52220.5",
        "Bwd IAT Std": "48697.13627788257",
        "Bwd IAT Max": "119785.0",
        "Bwd IAT Min": "3596.0",
        "Fwd PSH Flags": "0",
        "Bwd PSH Flags": "0",
        "Fwd URG Flags": "0",
        "Bwd URG Flags": "0",
        "Fwd Header Len": "40",
        "Bwd Header Len": "40",
        "Fwd Pkts/s": "23.936959623136506",
        "Bwd Pkts/s": "23.936959623136506",
        "Pkt Len Min": "25.0",
        "Pkt Len Max": "831.0",
        "Pkt Len Mean": "179.27272727272725",
        "Pkt Len Std": "322.3867524911937",
        "Pkt Len Var": "103933.21818181819",
        "FIN Flag Cnt": "0",
        "SYN Flag Cnt": "0",
        "RST Flag Cnt": "0",
        "PSH Flag Cnt": "0",
        "ACK Flag Cnt": "0",
        "URG Flag Cnt": "0",
        "CWE Flag Count": "0",
        "ECE Flag Cnt": "0",
        "Down/Up Ratio": "1.0",
        "Pkt Size Avg": "197.2",
        "Fwd Seg Size Avg": "34.0",
        "Bwd Seg Size Avg": "194.2",
        "Fwd Byts/b Avg": "0",
        "Fwd Pkts/b Avg": "0",
        "Fwd Blk Rate Avg": "0",
        "Bwd Byts/b Avg": "0",
        "Bwd Pkts/b Avg": "0",
        "Bwd Blk Rate Avg": "0",
        "Subflow Fwd Pkts": "5",
        "Subflow Fwd Byts": "170",
        "Subflow Bwd Pkts": "5",
        "Subflow Bwd Byts": "971",
        "Init Fwd Win Byts": "-1",
        "Init Bwd Win Byts": "-1",
        "Fwd Act Data Pkts": "5",
        "Fwd Seg Size Min": "0",
        "Active Mean": "0",
        "Active Std": "0",
        "Active Max": "0",
        "Active Min": "0",
        "Idle Mean": "0",
        "Idle Std": "0",
        "Idle Max": "0",
        "Idle Min": "0",
        "Label": "No Label"
    }
]