[
    {
        "Flow ID": "192.168.3.22-193.162.131.1-52278-443-6",
        "Src IP": "193.162.131.1",
        "Src Port": "443",
        "Dst IP": "192.168.3.22",
        "Dst Port": "52278",
        "Protocol": "6",
        "Timestamp": "24/01/2023 09:42:36 AM",
        "Flow Duration": "234",
        "Tot Fwd Pkts": "2",
        "Tot Bwd Pkts": "4",
        "TotLen Fwd Pkts": "24.0",
        "TotLen Bwd Pkts": "78.0",
        "Fwd Pkt Len Max": "24.0",
        "Fwd Pkt Len Min": "0.0",
        "Fwd Pkt Len Mean": "12.0",
        "Fwd Pkt Len Std": "16.97056274847714",
        "Bwd Pkt Len Max": "39.0",
        "Bwd Pkt Len Min": "0.0",
        "Bwd Pkt Len Mean": "19.5",
        "Bwd Pkt Len Std": "22.516660498395403",
        "Flow Byts/s": "435897.4358974359",
        "Flow Pkts/s": "25641.02564102564",
        "Flow IAT Mean": "46.8",
        "Flow IAT Std": "52.50904683956851",
        "Flow IAT Max": "117.0",
        "Flow IAT Min": "1.0",
        "Fwd IAT Tot": "207.0",
        "Fwd IAT Mean": "207.0",
        "Fwd IAT Std": "0.0",
        "Fwd IAT Max": "207.0",
        "Fwd IAT Min": "207.0",
        "Bwd IAT Tot": "145.0",
        "Bwd IAT Mean": "48.333333333333336",
        "Bwd IAT Std": "59.47548514584251",
        "Bwd IAT Max": "117.0",
        "Bwd IAT Min": "13.0",
        "Fwd PSH Flags": "0",
        "Bwd PSH Flags": "1",
        "Fwd URG Flags": "0",
        "Bwd URG Flags": "0",
        "Fwd Header Len": "64",
        "Bwd Header Len": "128",
        "Fwd Pkts/s": "8547.008547008547",
        "Bwd Pkts/s": "17094.017094017094",
        "Pkt Len Min": "0.0",
        "Pkt Len Max": "39.0",
        "Pkt Len Mean": "20.142857142857142",
        "Pkt Len Std": "19.574035280004406",
        "Pkt Len Var": "383.1428571428571",
        "FIN Flag Cnt": "0",
        "SYN Flag Cnt": "0",
        "RST Flag Cnt": "0",
        "PSH Flag Cnt": "1",
        "ACK Flag Cnt": "1",
        "URG Flag Cnt": "0",
        "CWE Flag Count": "0",
        "ECE Flag Cnt": "0",
        "Down/Up Ratio": "2.0",
        "Pkt Size Avg": "23.5",
        "Fwd Seg Size Avg": "12.0",
        "Bwd Seg Size Avg": "19.5",
        "Fwd Byts/b Avg": "0",
        "Fwd Pkts/b Avg": "0",
        "Fwd Blk Rate Avg": "0",
        "Bwd Byts/b Avg": "0",
        "Bwd Pkts/b Avg": "0",
        "Bwd Blk Rate Avg": "0",
        "Subflow Fwd Pkts": "2",
        "Subflow Fwd Byts": "24",
        "Subflow Bwd Pkts": "4",
        "Subflow Bwd Byts": "78",
        "Init Fwd Win Byts": "-1",
        "Init Bwd Win Byts": "1019",
        "Fwd Act Data Pkts": "1",
        "Fwd Seg Size Min": "0",
        "Active Mean": "0",
        "Active Std": "0",
        "Active Max": "0",
        "Active Min": "0",
        "Idle Mean": "0",
        "Idle Std": "0",
        "Idle Max": "0",
        "Idle Min": "0",
        "Label": "No Label"
    },
    {
        "Flow ID": "192.168.3.22-200.147.253.13-47752-443-6",
        "Src IP": "192.168.3.22",
        "Src Port": "47752",
        "Dst IP": "200.147.253.13",
        "Dst Port": "443",
        "Protocol": "6",
        "Timestamp": "24/01/2023 09:42:37 AM",
        "Flow Duration": "307389",
        "Tot Fwd Pkts": "17",
        "Tot Bwd Pkts": "20",
        "TotLen Fwd Pkts": "1132.0",
        "TotLen Bwd Pkts": "42841.0",
        "Fwd Pkt Len Max": "517.0",
        "Fwd Pkt Len Min": "0.0",
        "Fwd Pkt Len Mean": "66.58823529411764",
        "Fwd Pkt Len Std": "167.12796699816934",
        "Bwd Pkt Len Max": "7000.0",
        "Bwd Pkt Len Min": "0.0",
        "Bwd Pkt Len Mean": "2142.05",
        "Bwd Pkt Len Std": "1660.5688142447168",
        "Flow Byts/s": "143053.26475573296",
        "Flow Pkts/s": "120.36865340008913",
        "Flow IAT Mean": "8538.583333333336",
        "Flow IAT Std": "18444.462657045417",
        "Flow IAT Max": "59689.0",
        "Flow IAT Min": "11.0",
        "Fwd IAT Tot": "260325.0",
        "Fwd IAT Mean": "16270.312500000004",
        "Fwd IAT Std": "23396.595839904432",
        "Fwd IAT Max": "59737.0",
        "Fwd IAT Min": "188.0",
        "Bwd IAT Tot": "307389.0",
        "Bwd IAT Mean": "16178.368421052628",
        "Bwd IAT Std": "24220.359264723567",
        "Bwd IAT Max": "64265.0",
        "Bwd IAT Min": "165.0",
        "Fwd PSH Flags": "0",
        "Bwd PSH Flags": "0",
        "Fwd URG Flags": "0",
        "Bwd URG Flags": "0",
        "Fwd Header Len": "544",
        "Bwd Header Len": "656",
        "Fwd Pkts/s": "55.30451642706798",
        "Bwd Pkts/s": "65.06413697302115",
        "Pkt Len Min": "0.0",
        "Pkt Len Max": "7000.0",
        "Pkt Len Mean": "1157.1842105263156",
        "Pkt Len Std": "1592.1876477632593",
        "Pkt Len Var": "2535061.5056899004",
        "FIN Flag Cnt": "0",
        "SYN Flag Cnt": "1",
        "RST Flag Cnt": "0",
        "PSH Flag Cnt": "0",
        "ACK Flag Cnt": "0",
        "URG Flag Cnt": "0",
        "CWE Flag Count": "0",
        "ECE Flag Cnt": "0",
        "Down/Up Ratio": "1.0",
        "Pkt Size Avg": "1188.4594594594594",
        "Fwd Seg Size Avg": "66.58823529411765",
        "Bwd Seg Size Avg": "2142.05",
        "Fwd Byts/b Avg": "0",
        "Fwd Pkts/b Avg": "0",
        "Fwd Blk Rate Avg": "0",
        "Bwd Byts/b Avg": "0",
        "Bwd Pkts/b Avg": "0",
        "Bwd Blk Rate Avg": "0",
        "Subflow Fwd Pkts": "17",
        "Subflow Fwd Byts": "1132",
        "Subflow Bwd Pkts": "20",
        "Subflow Bwd Byts": "42841",
        "Init Fwd Win Byts": "-1",
        "Init Bwd Win Byts": "130",
        "Fwd Act Data Pkts": "3",
        "Fwd Seg Size Min": "0",
        "Active Mean": "0",
        "Active Std": "0",
        "Active Max": "0",
        "Active Min": "0",
        "Idle Mean": "0",
        "Idle Std": "0",
        "Idle Max": "0",
        "Idle Min": "0",
        "Label": "No Label"
    },
    {
        "Flow ID": "192.168.3.22-200.147.253.13-47752-443-6",
        "Src IP": "192.168.3.22",
        "Src Port": "47752",
        "Dst IP": "200.147.253.13",
        "Dst Port": "443",
        "Protocol": "6",
        "Timestamp": "24/01/2023 09:42:37 AM",
        "Flow Duration": "443",
        "Tot Fwd Pkts": "2",
        "Tot Bwd Pkts": "1",
        "TotLen Fwd Pkts": "31.0",
        "TotLen Bwd Pkts": "0.0",
        "Fwd Pkt Len Max": "31.0",
        "Fwd Pkt Len Min": "0.0",
        "Fwd Pkt Len Mean": "15.5",
        "Fwd Pkt Len Std": "21.920310216782973",
        "Bwd Pkt Len Max": "0.0",
        "Bwd Pkt Len Min": "0.0",
        "Bwd Pkt Len Mean": "0.0",
        "Bwd Pkt Len Std": "0.0",
        "Flow Byts/s": "69977.42663656885",
        "Flow Pkts/s": "6772.009029345373",
        "Flow IAT Mean": "221.5",
        "Flow IAT Std": "259.50818869546293",
        "Flow IAT Max": "405.0",
        "Flow IAT Min": "38.0",
        "Fwd IAT Tot": "38.0",
        "Fwd IAT Mean": "38.0",
        "Fwd IAT Std": "0.0",
        "Fwd IAT Max": "38.0",
        "Fwd IAT Min": "38.0",
        "Bwd IAT Tot": "0",
        "Bwd IAT Mean": "0",
        "Bwd IAT Std": "0",
        "Bwd IAT Max": "0",
        "Bwd IAT Min": "0",
        "Fwd PSH Flags": "0",
        "Bwd PSH Flags": "0",
        "Fwd URG Flags": "0",
        "Bwd URG Flags": "0",
        "Fwd Header Len": "64",
        "Bwd Header Len": "32",
        "Fwd Pkts/s": "4514.6726862302485",
        "Bwd Pkts/s": "2257.3363431151242",
        "Pkt Len Min": "0.0",
        "Pkt Len Max": "31.0",
        "Pkt Len Mean": "7.75",
        "Pkt Len Std": "15.500000000000002",
        "Pkt Len Var": "240.25000000000003",
        "FIN Flag Cnt": "0",
        "SYN Flag Cnt": "0",
        "RST Flag Cnt": "0",
        "PSH Flag Cnt": "0",
        "ACK Flag Cnt": "1",
        "URG Flag Cnt": "0",
        "CWE Flag Count": "0",
        "ECE Flag Cnt": "0",
        "Down/Up Ratio": "0.0",
        "Pkt Size Avg": "10.333333333333334",
        "Fwd Seg Size Avg": "15.5",
        "Bwd Seg Size Avg": "0.0",
        "Fwd Byts/b Avg": "0",
        "Fwd Pkts/b Avg": "0",
        "Fwd Blk Rate Avg": "0",
        "Bwd Byts/b Avg": "0",
        "Bwd Pkts/b Avg": "0",
        "Bwd Blk Rate Avg": "0",
        "Subflow Fwd Pkts": "2",
        "Subflow Fwd Byts": "31",
        "Subflow Bwd Pkts": "1",
        "Subflow Bwd Byts": "0",
        "Init Fwd Win Byts": "-1",
        "Init Bwd Win Byts": "656",
        "Fwd Act Data Pkts": "1",
        "Fwd Seg Size Min": "0",
        "Active Mean": "0",
        "Active Std": "0",
        "Active Max": "0",
        "Active Min": "0",
        "Idle Mean": "0",
        "Idle Std": "0",
        "Idle Max": "0",
        "Idle Min": "0",
        "Label": "No Label"
    },
    {
        "Flow ID": "192.168.3.22-200.147.253.13-54672-443-6",
        "Src IP": "192.168.3.22",
        "Src Port": "54672",
        "Dst IP": "200.147.253.13",
        "Dst Port": "443",
        "Protocol": "6",
        "Timestamp": "24/01/2023 09:42:37 AM",
        "Flow Duration": "786113",
        "Tot Fwd Pkts": "75",
        "Tot Bwd Pkts": "86",
        "TotLen Fwd Pkts": "1088.0",
        "TotLen Bwd Pkts": "201716.0",
        "Fwd Pkt Len Max": "517.0",
        "Fwd Pkt Len Min": "0.0",
        "Fwd Pkt Len Mean": "14.50666666666666",
        "Fwd Pkt Len Std": "79.30498320005093",
        "Bwd Pkt Len Max": "5600.0",
        "Bwd Pkt Len Min": "0.0",
        "Bwd Pkt Len Mean": "2345.5348837209303",
        "Bwd Pkt Len Std": "1433.0428809944278",
        "Flow Byts/s": "257983.26703667286",
        "Flow Pkts/s": "204.80516159890502",
        "Flow IAT Mean": "4913.206250000001",
        "Flow IAT Std": "13310.720700756427",
        "Flow IAT Max": "56516.0",
        "Flow IAT Min": "5.0",
        "Fwd IAT Tot": "741319.0",
        "Fwd IAT Mean": "10017.824324324321",
        "Fwd IAT Std": "19556.70665215143",
        "Fwd IAT Max": "98139.0",
        "Fwd IAT Min": "16.0",
        "Bwd IAT Tot": "786113.0",
        "Bwd IAT Mean": "9248.38823529412",
        "Bwd IAT Std": "18207.57853078278",
        "Bwd IAT Max": "64245.0",
        "Bwd IAT Min": "17.0",
        "Fwd PSH Flags": "0",
        "Bwd PSH Flags": "0",
        "Fwd URG Flags": "0",
        "Bwd URG Flags": "0",
        "Fwd Header Len": "2400",
        "Bwd Header Len": "2768",
        "Fwd Pkts/s": "95.40613117961414",
        "Bwd Pkts/s": "109.39903041929087",
        "Pkt Len Min": "0.0",
        "Pkt Len Max": "5600.0",
        "Pkt Len Mean": "1251.8765432098767",
        "Pkt Len Std": "1564.9192734738235",
        "Pkt Len Var": "2448972.3324898398",
        "FIN Flag Cnt": "0",
        "SYN Flag Cnt": "1",
        "RST Flag Cnt": "0",
        "PSH Flag Cnt": "0",
        "ACK Flag Cnt": "0",
        "URG Flag Cnt": "0",
        "CWE Flag Count": "0",
        "ECE Flag Cnt": "0",
        "Down/Up Ratio": "1.0",
        "Pkt Size Avg": "1259.6521739130435",
        "Fwd Seg Size Avg": "14.506666666666666",
        "Bwd Seg Size Avg": "2345.5348837209303",
        "Fwd Byts/b Avg": "0",
        "Fwd Pkts/b Avg": "0",
        "Fwd Blk Rate Avg": "0",
        "Bwd Byts/b Avg": "0",
        "Bwd Pkts/b Avg": "0",
        "Bwd Blk Rate Avg": "0",
        "Subflow Fwd Pkts": "75",
        "Subflow Fwd Byts": "1088",
        "Subflow Bwd Pkts": "86",
        "Subflow Bwd Byts": "201716",
        "Init Fwd Win Byts": "-1",
        "Init Bwd Win Byts": "130",
        "Fwd Act Data Pkts": "3",
        "Fwd Seg Size Min": "0",
        "Active Mean": "0",
        "Active Std": "0",
        "Active Max": "0",
        "Active Min": "0",
        "Idle Mean": "0",
        "Idle Std": "0",
        "Idle Max": "0",
        "Idle Min": "0",
        "Label": "No Label"
    },
    {
        "Flow ID": "192.168.3.22-200.147.253.13-54672-443-6",
        "Src IP": "192.168.3.22",
        "Src Port": "54672",
        "Dst IP": "200.147.253.13",
        "Dst Port": "443",
        "Protocol": "6",
        "Timestamp": "24/01/2023 09:42:38 AM",
        "Flow Duration": "51",
        "Tot Fwd Pkts": "1",
        "Tot Bwd Pkts": "1",
        "TotLen Fwd Pkts": "0.0",
        "TotLen Bwd Pkts": "31.0",
        "Fwd Pkt Len Max": "0.0",
        "Fwd Pkt Len Min": "0.0",
        "Fwd Pkt Len Mean": "0.0",
        "Fwd Pkt Len Std": "0.0",
        "Bwd Pkt Len Max": "31.0",
        "Bwd Pkt Len Min": "31.0",
        "Bwd Pkt Len Mean": "31.0",
        "Bwd Pkt Len Std": "0.0",
        "Flow Byts/s": "607843.1372549019",
        "Flow Pkts/s": "39215.686274509804",
        "Flow IAT Mean": "51.0",
        "Flow IAT Std": "0.0",
        "Flow IAT Max": "51.0",
        "Flow IAT Min": "51.0",
        "Fwd IAT Tot": "0",
        "Fwd IAT Mean": "0",
        "Fwd IAT Std": "0",
        "Fwd IAT Max": "0",
        "Fwd IAT Min": "0",
        "Bwd IAT Tot": "0",
        "Bwd IAT Mean": "0",
        "Bwd IAT Std": "0",
        "Bwd IAT Max": "0",
        "Bwd IAT Min": "0",
        "Fwd PSH Flags": "0",
        "Bwd PSH Flags": "1",
        "Fwd URG Flags": "0",
        "Bwd URG Flags": "0",
        "Fwd Header Len": "32",
        "Bwd Header Len": "32",
        "Fwd Pkts/s": "19607.843137254902",
        "Bwd Pkts/s": "19607.843137254902",
        "Pkt Len Min": "0.0",
        "Pkt Len Max": "31.0",
        "Pkt Len Mean": "20.666666666666664",
        "Pkt Len Std": "17.8978583448784",
        "Pkt Len Var": "320.33333333333337",
        "FIN Flag Cnt": "0",
        "SYN Flag Cnt": "0",
        "RST Flag Cnt": "0",
        "PSH Flag Cnt": "1",
        "ACK Flag Cnt": "1",
        "URG Flag Cnt": "0",
        "CWE Flag Count": "0",
        "ECE Flag Cnt": "0",
        "Down/Up Ratio": "1.0",
        "Pkt Size Avg": "31.0",
        "Fwd Seg Size Avg": "0.0",
        "Bwd Seg Size Avg": "31.0",
        "Fwd Byts/b Avg": "0",
        "Fwd Pkts/b Avg": "0",
        "Fwd Blk Rate Avg": "0",
        "Bwd Byts/b Avg": "0",
        "Bwd Pkts/b Avg": "0",
        "Bwd Blk Rate Avg": "0",
        "Subflow Fwd Pkts": "1",
        "Subflow Fwd Byts": "0",
        "Subflow Bwd Pkts": "1",
        "Subflow Bwd Byts": "31",
        "Init Fwd Win Byts": "-1",
        "Init Bwd Win Byts": "1998",
        "Fwd Act Data Pkts": "0",
        "Fwd Seg Size Min": "0",
        "Active Mean": "0",
        "Active Std": "0",
        "Active Max": "0",
        "Active Min": "0",
        "Idle Mean": "0",
        "Idle Std": "0",
        "Idle Max": "0",
        "Idle Min": "0",
        "Label": "No Label"
    },
    {
        "Flow ID": "192.168.3.22-200.147.253.13-54684-443-6",
        "Src IP": "192.168.3.22",
        "Src Port": "54684",
        "Dst IP": "200.147.253.13",
        "Dst Port": "443",
        "Protocol": "6",
        "Timestamp": "24/01/2023 09:42:38 AM",
        "Flow Duration": "712661",
        "Tot Fwd Pkts": "69",
        "Tot Bwd Pkts": "80",
        "TotLen Fwd Pkts": "1088.0",
        "TotLen Bwd Pkts": "202878.0",
        "Fwd Pkt Len Max": "517.0",
        "Fwd Pkt Len Min": "0.0",
        "Fwd Pkt Len Mean": "15.76811594202898",
        "Fwd Pkt Len Std": "82.6077095333075",
        "Bwd Pkt Len Max": "7000.0",
        "Bwd Pkt Len Min": "0.0",
        "Bwd Pkt Len Mean": "2535.9749999999995",
        "Bwd Pkt Len Std": "1563.8952664518104",
        "Flow Byts/s": "286203.3982496587",
        "Flow Pkts/s": "209.0755632762281",
        "Flow IAT Mean": "4815.277027027025",
        "Flow IAT Std": "13584.983398206146",
        "Flow IAT Max": "57867.0",
        "Flow IAT Min": "3.0",
        "Fwd IAT Tot": "666206.0",
        "Fwd IAT Mean": "9797.14705882353",
        "Fwd IAT Std": "18215.16302528617",
        "Fwd IAT Max": "57883.0",
        "Fwd IAT Min": "13.0",
        "Bwd IAT Tot": "712661.0",
        "Bwd IAT Mean": "9021.025316455693",
        "Bwd IAT Std": "18032.588455615773",
        "Bwd IAT Max": "64252.0",
        "Bwd IAT Min": "15.0",
        "Fwd PSH Flags": "0",
        "Bwd PSH Flags": "0",
        "Fwd URG Flags": "0",
        "Bwd URG Flags": "0",
        "Fwd Header Len": "2208",
        "Bwd Header Len": "2576",
        "Fwd Pkts/s": "96.82022728899155",
        "Bwd Pkts/s": "112.25533598723656",
        "Pkt Len Min": "0.0",
        "Pkt Len Max": "7000.0",
        "Pkt Len Mean": "1359.7733333333322",
        "Pkt Len Std": "1700.459673923443",
        "Pkt Len Var": "2891563.102639822",
        "FIN Flag Cnt": "0",
        "SYN Flag Cnt": "1",
        "RST Flag Cnt": "0",
        "PSH Flag Cnt": "0",
        "ACK Flag Cnt": "0",
        "URG Flag Cnt": "0",
        "CWE Flag Count": "0",
        "ECE Flag Cnt": "0",
        "Down/Up Ratio": "1.0",
        "Pkt Size Avg": "1368.8993288590605",
        "Fwd Seg Size Avg": "15.768115942028986",
        "Bwd Seg Size Avg": "2535.975",
        "Fwd Byts/b Avg": "0",
        "Fwd Pkts/b Avg": "0",
        "Fwd Blk Rate Avg": "0",
        "Bwd Byts/b Avg": "0",
        "Bwd Pkts/b Avg": "0",
        "Bwd Blk Rate Avg": "0",
        "Subflow Fwd Pkts": "69",
        "Subflow Fwd Byts": "1088",
        "Subflow Bwd Pkts": "80",
        "Subflow Bwd Byts": "202878",
        "Init Fwd Win Byts": "-1",
        "Init Bwd Win Byts": "130",
        "Fwd Act Data Pkts": "3",
        "Fwd Seg Size Min": "0",
        "Active Mean": "0",
        "Active Std": "0",
        "Active Max": "0",
        "Active Min": "0",
        "Idle Mean": "0",
        "Idle Std": "0",
        "Idle Max": "0",
        "Idle Min": "0",
        "Label": "No Label"
    },
    {
        "Flow ID": "192.168.3.22-200.147.253.13-54684-443-6",
        "Src IP": "192.168.3.22",
        "Src Port": "54684",
        "Dst IP": "200.147.253.13",
        "Dst Port": "443",
        "Protocol": "6",
        "Timestamp": "24/01/2023 09:42:39 AM",
        "Flow Duration": "461",
        "Tot Fwd Pkts": "2",
        "Tot Bwd Pkts": "1",
        "TotLen Fwd Pkts": "31.0",
        "TotLen Bwd Pkts": "0.0",
        "Fwd Pkt Len Max": "31.0",
        "Fwd Pkt Len Min": "0.0",
        "Fwd Pkt Len Mean": "15.5",
        "Fwd Pkt Len Std": "21.920310216782973",
        "Bwd Pkt Len Max": "0.0",
        "Bwd Pkt Len Min": "0.0",
        "Bwd Pkt Len Mean": "0.0",
        "Bwd Pkt Len Std": "0.0",
        "Flow Byts/s": "67245.11930585683",
        "Flow Pkts/s": "6507.5921908893715",
        "Flow IAT Mean": "230.5",
        "Flow IAT Std": "241.1234123846127",
        "Flow IAT Max": "401.0",
        "Flow IAT Min": "60.0",
        "Fwd IAT Tot": "60.0",
        "Fwd IAT Mean": "60.0",
        "Fwd IAT Std": "0.0",
        "Fwd IAT Max": "60.0",
        "Fwd IAT Min": "60.0",
        "Bwd IAT Tot": "0",
        "Bwd IAT Mean": "0",
        "Bwd IAT Std": "0",
        "Bwd IAT Max": "0",
        "Bwd IAT Min": "0",
        "Fwd PSH Flags": "0",
        "Bwd PSH Flags": "0",
        "Fwd URG Flags": "0",
        "Bwd URG Flags": "0",
        "Fwd Header Len": "64",
        "Bwd Header Len": "32",
        "Fwd Pkts/s": "4338.394793926247",
        "Bwd Pkts/s": "2169.1973969631235",
        "Pkt Len Min": "0.0",
        "Pkt Len Max": "31.0",
        "Pkt Len Mean": "7.75",
        "Pkt Len Std": "15.500000000000002",
        "Pkt Len Var": "240.25000000000003",
        "FIN Flag Cnt": "0",
        "SYN Flag Cnt": "0",
        "RST Flag Cnt": "0",
        "PSH Flag Cnt": "0",
        "ACK Flag Cnt": "1",
        "URG Flag Cnt": "0",
        "CWE Flag Count": "0",
        "ECE Flag Cnt": "0",
        "Down/Up Ratio": "0.0",
        "Pkt Size Avg": "10.333333333333334",
        "Fwd Seg Size Avg": "15.5",
        "Bwd Seg Size Avg": "0.0",
        "Fwd Byts/b Avg": "0",
        "Fwd Pkts/b Avg": "0",
        "Fwd Blk Rate Avg": "0",
        "Bwd Byts/b Avg": "0",
        "Bwd Pkts/b Avg": "0",
        "Bwd Blk Rate Avg": "0",
        "Subflow Fwd Pkts": "2",
        "Subflow Fwd Byts": "31",
        "Subflow Bwd Pkts": "1",
        "Subflow Bwd Byts": "0",
        "Init Fwd Win Byts": "-1",
        "Init Bwd Win Byts": "1680",
        "Fwd Act Data Pkts": "1",
        "Fwd Seg Size Min": "0",
        "Active Mean": "0",
        "Active Std": "0",
        "Active Max": "0",
        "Active Min": "0",
        "Idle Mean": "0",
        "Idle Std": "0",
        "Idle Max": "0",
        "Idle Min": "0",
        "Label": "No Label"
    },
    {
        "Flow ID": "142.250.189.227-192.168.3.22-443-36338-6",
        "Src IP": "192.168.3.22",
        "Src Port": "36338",
        "Dst IP": "142.250.189.227",
        "Dst Port": "443",
        "Protocol": "6",
        "Timestamp": "24/01/2023 09:42:36 AM",
        "Flow Duration": "240171",
        "Tot Fwd Pkts": "1",
        "Tot Bwd Pkts": "2",
        "TotLen Fwd Pkts": "0.0",
        "TotLen Bwd Pkts": "78.0",
        "Fwd Pkt Len Max": "0.0",
        "Fwd Pkt Len Min": "0.0",
        "Fwd Pkt Len Mean": "0.0",
        "Fwd Pkt Len Std": "0.0",
        "Bwd Pkt Len Max": "39.0",
        "Bwd Pkt Len Min": "39.0",
        "Bwd Pkt Len Mean": "39.0",
        "Bwd Pkt Len Std": "0.0",
        "Flow Byts/s": "324.7686023708108",
        "Flow Pkts/s": "12.49110009118503",
        "Flow IAT Mean": "120085.5",
        "Flow IAT Std": "169808.15796804347",
        "Flow IAT Max": "240158.0",
        "Flow IAT Min": "13.0",
        "Fwd IAT Tot": "0",
        "Fwd IAT Mean": "0",
        "Fwd IAT Std": "0",
        "Fwd IAT Max": "0",
        "Fwd IAT Min": "0",
        "Bwd IAT Tot": "240158.0",
        "Bwd IAT Mean": "240158.0",
        "Bwd IAT Std": "0.0",
        "Bwd IAT Max": "240158.0",
        "Bwd IAT Min": "240158.0",
        "Fwd PSH Flags": "0",
        "Bwd PSH Flags": "1",
        "Fwd URG Flags": "0",
        "Bwd URG Flags": "0",
        "Fwd Header Len": "32",
        "Bwd Header Len": "64",
        "Fwd Pkts/s": "4.1637000303950105",
        "Bwd Pkts/s": "8.327400060790021",
        "Pkt Len Min": "0.0",
        "Pkt Len Max": "39.0",
        "Pkt Len Mean": "29.25",
        "Pkt Len Std": "19.5",
        "Pkt Len Var": "380.25",
        "FIN Flag Cnt": "0",
        "SYN Flag Cnt": "0",
        "RST Flag Cnt": "0",
        "PSH Flag Cnt": "1",
        "ACK Flag Cnt": "1",
        "URG Flag Cnt": "0",
        "CWE Flag Count": "0",
        "ECE Flag Cnt": "0",
        "Down/Up Ratio": "2.0",
        "Pkt Size Avg": "39.0",
        "Fwd Seg Size Avg": "0.0",
        "Bwd Seg Size Avg": "39.0",
        "Fwd Byts/b Avg": "0",
        "Fwd Pkts/b Avg": "0",
        "Fwd Blk Rate Avg": "0",
        "Bwd Byts/b Avg": "0",
        "Bwd Pkts/b Avg": "0",
        "Bwd Blk Rate Avg": "0",
        "Subflow Fwd Pkts": "1",
        "Subflow Fwd Byts": "0",
        "Subflow Bwd Pkts": "2",
        "Subflow Bwd Byts": "78",
        "Init Fwd Win Byts": "-1",
        "Init Bwd Win Byts": "287",
        "Fwd Act Data Pkts": "0",
        "Fwd Seg Size Min": "0",
        "Active Mean": "0",
        "Active Std": "0",
        "Active Max": "0",
        "Active Min": "0",
        "Idle Mean": "0",
        "Idle Std": "0",
        "Idle Max": "0",
        "Idle Min": "0",
        "Label": "No Label"
    },
    {
        "Flow ID": "142.250.219.42-192.168.3.22-443-45640-6",
        "Src IP": "192.168.3.22",
        "Src Port": "45640",
        "Dst IP": "142.250.219.42",
        "Dst Port": "443",
        "Protocol": "6",
        "Timestamp": "24/01/2023 09:42:37 AM",
        "Flow Duration": "43742",
        "Tot Fwd Pkts": "1",
        "Tot Bwd Pkts": "2",
        "TotLen Fwd Pkts": "0.0",
        "TotLen Bwd Pkts": "78.0",
        "Fwd Pkt Len Max": "0.0",
        "Fwd Pkt Len Min": "0.0",
        "Fwd Pkt Len Mean": "0.0",
        "Fwd Pkt Len Std": "0.0",
        "Bwd Pkt Len Max": "39.0",
        "Bwd Pkt Len Min": "39.0",
        "Bwd Pkt Len Mean": "39.0",
        "Bwd Pkt Len Std": "0.0",
        "Flow Byts/s": "1783.1832106442318",
        "Flow Pkts/s": "68.58396964016276",
        "Flow IAT Mean": "21871.0",
        "Flow IAT Std": "30923.193754850097",
        "Flow IAT Max": "43737.0",
        "Flow IAT Min": "5.0",
        "Fwd IAT Tot": "0",
        "Fwd IAT Mean": "0",
        "Fwd IAT Std": "0",
        "Fwd IAT Max": "0",
        "Fwd IAT Min": "0",
        "Bwd IAT Tot": "43737.0",
        "Bwd IAT Mean": "43737.0",
        "Bwd IAT Std": "0.0",
        "Bwd IAT Max": "43737.0",
        "Bwd IAT Min": "43737.0",
        "Fwd PSH Flags": "0",
        "Bwd PSH Flags": "1",
        "Fwd URG Flags": "0",
        "Bwd URG Flags": "0",
        "Fwd Header Len": "32",
        "Bwd Header Len": "64",
        "Fwd Pkts/s": "22.86132321338759",
        "Bwd Pkts/s": "45.72264642677518",
        "Pkt Len Min": "0.0",
        "Pkt Len Max": "39.0",
        "Pkt Len Mean": "29.25",
        "Pkt Len Std": "19.5",
        "Pkt Len Var": "380.25",
        "FIN Flag Cnt": "0",
        "SYN Flag Cnt": "0",
        "RST Flag Cnt": "0",
        "PSH Flag Cnt": "1",
        "ACK Flag Cnt": "1",
        "URG Flag Cnt": "0",
        "CWE Flag Count": "0",
        "ECE Flag Cnt": "0",
        "Down/Up Ratio": "2.0",
        "Pkt Size Avg": "39.0",
        "Fwd Seg Size Avg": "0.0",
        "Bwd Seg Size Avg": "39.0",
        "Fwd Byts/b Avg": "0",
        "Fwd Pkts/b Avg": "0",
        "Fwd Blk Rate Avg": "0",
        "Bwd Byts/b Avg": "0",
        "Bwd Pkts/b Avg": "0",
        "Bwd Blk Rate Avg": "0",
        "Subflow Fwd Pkts": "1",
        "Subflow Fwd Byts": "0",
        "Subflow Bwd Pkts": "2",
        "Subflow Bwd Byts": "78",
        "Init Fwd Win Byts": "-1",
        "Init Bwd Win Byts": "269",
        "Fwd Act Data Pkts": "0",
        "Fwd Seg Size Min": "0",
        "Active Mean": "0",
        "Active Std": "0",
        "Active Max": "0",
        "Active Min": "0",
        "Idle Mean": "0",
        "Idle Std": "0",
        "Idle Max": "0",
        "Idle Min": "0",
        "Label": "No Label"
    },
    {
        "Flow ID": "142.250.219.234-192.168.3.22-443-60782-17",
        "Src IP": "142.250.219.234",
        "Src Port": "443",
        "Dst IP": "192.168.3.22",
        "Dst Port": "60782",
        "Protocol": "17",
        "Timestamp": "24/01/2023 09:42:38 AM",
        "Flow Duration": "26832",
        "Tot Fwd Pkts": "0",
        "Tot Bwd Pkts": "2",
        "TotLen Fwd Pkts": "0.0",
        "TotLen Bwd Pkts": "150.0",
        "Fwd Pkt Len Max": "0",
        "Fwd Pkt Len Min": "0",
        "Fwd Pkt Len Mean": "0",
        "Fwd Pkt Len Std": "0",
        "Bwd Pkt Len Max": "117.0",
        "Bwd Pkt Len Min": "33.0",
        "Bwd Pkt Len Mean": "75.0",
        "Bwd Pkt Len Std": "59.39696961966999",
        "Flow Byts/s": "5590.339892665474",
        "Flow Pkts/s": "74.53786523553966",
        "Flow IAT Mean": "26832.0",
        "Flow IAT Std": "0.0",
        "Flow IAT Max": "26832.0",
        "Flow IAT Min": "26832.0",
        "Fwd IAT Tot": "0",
        "Fwd IAT Mean": "0",
        "Fwd IAT Std": "0",
        "Fwd IAT Max": "0",
        "Fwd IAT Min": "0",
        "Bwd IAT Tot": "26832.0",
        "Bwd IAT Mean": "26832.0",
        "Bwd IAT Std": "0.0",
        "Bwd IAT Max": "26832.0",
        "Bwd IAT Min": "26832.0",
        "Fwd PSH Flags": "0",
        "Bwd PSH Flags": "0",
        "Fwd URG Flags": "0",
        "Bwd URG Flags": "0",
        "Fwd Header Len": "0",
        "Bwd Header Len": "16",
        "Fwd Pkts/s": "0.0",
        "Bwd Pkts/s": "74.53786523553966",
        "Pkt Len Min": "33.0",
        "Pkt Len Max": "117.0",
        "Pkt Len Mean": "89.0",
        "Pkt Len Std": "48.49742261192856",
        "Pkt Len Var": "2352.0",
        "FIN Flag Cnt": "0",
        "SYN Flag Cnt": "0",
        "RST Flag Cnt": "0",
        "PSH Flag Cnt": "0",
        "ACK Flag Cnt": "0",
        "URG Flag Cnt": "0",
        "CWE Flag Count": "0",
        "ECE Flag Cnt": "0",
        "Down/Up Ratio": "0.0",
        "Pkt Size Avg": "133.5",
        "Fwd Seg Size Avg": "0.0",
        "Bwd Seg Size Avg": "75.0",
        "Fwd Byts/b Avg": "0",
        "Fwd Pkts/b Avg": "0",
        "Fwd Blk Rate Avg": "0",
        "Bwd Byts/b Avg": "0",
        "Bwd Pkts/b Avg": "0",
        "Bwd Blk Rate Avg": "0",
        "Subflow Fwd Pkts": "0",
        "Subflow Fwd Byts": "0",
        "Subflow Bwd Pkts": "2",
        "Subflow Bwd Byts": "150",
        "Init Fwd Win Byts": "-1",
        "Init Bwd Win Byts": "-1",
        "Fwd Act Data Pkts": "0",
        "Fwd Seg Size Min": "0",
        "Active Mean": "0",
        "Active Std": "0",
        "Active Max": "0",
        "Active Min": "0",
        "Idle Mean": "0",
        "Idle Std": "0",
        "Idle Max": "0",
        "Idle Min": "0",
        "Label": "No Label"
    },
    {
        "Flow ID": "192.168.3.22-216.58.222.5-43322-443-6",
        "Src IP": "192.168.3.22",
        "Src Port": "43322",
        "Dst IP": "216.58.222.5",
        "Dst Port": "443",
        "Protocol": "6",
        "Timestamp": "24/01/2023 09:42:37 AM",
        "Flow Duration": "44133",
        "Tot Fwd Pkts": "0",
        "Tot Bwd Pkts": "2",
        "TotLen Fwd Pkts": "0.0",
        "TotLen Bwd Pkts": "0.0",
        "Fwd Pkt Len Max": "0",
        "Fwd Pkt Len Min": "0",
        "Fwd Pkt Len Mean": "0",
        "Fwd Pkt Len Std": "0",
        "Bwd Pkt Len Max": "0.0",
        "Bwd Pkt Len Min": "0.0",
        "Bwd Pkt Len Mean": "0.0",
        "Bwd Pkt Len Std": "0.0",
        "Flow Byts/s": "0.0",
        "Flow Pkts/s": "45.31756282147146",
        "Flow IAT Mean": "44133.0",
        "Flow IAT Std": "0.0",
        "Flow IAT Max": "44133.0",
        "Flow IAT Min": "44133.0",
        "Fwd IAT Tot": "0",
        "Fwd IAT Mean": "0",
        "Fwd IAT Std": "0",
        "Fwd IAT Max": "0",
        "Fwd IAT Min": "0",
        "Bwd IAT Tot": "44133.0",
        "Bwd IAT Mean": "44133.0",
        "Bwd IAT Std": "0.0",
        "Bwd IAT Max": "44133.0",
        "Bwd IAT Min": "44133.0",
        "Fwd PSH Flags": "0",
        "Bwd PSH Flags": "0",
        "Fwd URG Flags": "0",
        "Bwd URG Flags": "0",
        "Fwd Header Len": "0",
        "Bwd Header Len": "64",
        "Fwd Pkts/s": "0.0",
        "Bwd Pkts/s": "45.31756282147146",
        "Pkt Len Min": "0.0",
        "Pkt Len Max": "0.0",
        "Pkt Len Mean": "0.0",
        "Pkt Len Std": "0.0",
        "Pkt Len Var": "0.0",
        "FIN Flag Cnt": "0",
        "SYN Flag Cnt": "0",
        "RST Flag Cnt": "0",
        "PSH Flag Cnt": "0",
        "ACK Flag Cnt": "1",
        "URG Flag Cnt": "0",
        "CWE Flag Count": "0",
        "ECE Flag Cnt": "0",
        "Down/Up Ratio": "0.0",
        "Pkt Size Avg": "0.0",
        "Fwd Seg Size Avg": "0.0",
        "Bwd Seg Size Avg": "0.0",
        "Fwd Byts/b Avg": "0",
        "Fwd Pkts/b Avg": "0",
        "Fwd Blk Rate Avg": "0",
        "Bwd Byts/b Avg": "0",
        "Bwd Pkts/b Avg": "0",
        "Bwd Blk Rate Avg": "0",
        "Subflow Fwd Pkts": "0",
        "Subflow Fwd Byts": "0",
        "Subflow Bwd Pkts": "2",
        "Subflow Bwd Byts": "0",
        "Init Fwd Win Byts": "-1",
        "Init Bwd Win Byts": "301",
        "Fwd Act Data Pkts": "0",
        "Fwd Seg Size Min": "0",
        "Active Mean": "0",
        "Active Std": "0",
        "Active Max": "0",
        "Active Min": "0",
        "Idle Mean": "0",
        "Idle Std": "0",
        "Idle Max": "0",
        "Idle Min": "0",
        "Label": "No Label"
    },
    {
        "Flow ID": "142.250.219.197-192.168.3.22-443-33436-6",
        "Src IP": "192.168.3.22",
        "Src Port": "33436",
        "Dst IP": "142.250.219.197",
        "Dst Port": "443",
        "Protocol": "6",
        "Timestamp": "24/01/2023 09:42:37 AM",
        "Flow Duration": "43444",
        "Tot Fwd Pkts": "0",
        "Tot Bwd Pkts": "2",
        "TotLen Fwd Pkts": "0.0",
        "TotLen Bwd Pkts": "0.0",
        "Fwd Pkt Len Max": "0",
        "Fwd Pkt Len Min": "0",
        "Fwd Pkt Len Mean": "0",
        "Fwd Pkt Len Std": "0",
        "Bwd Pkt Len Max": "0.0",
        "Bwd Pkt Len Min": "0.0",
        "Bwd Pkt Len Mean": "0.0",
        "Bwd Pkt Len Std": "0.0",
        "Flow Byts/s": "0.0",
        "Flow Pkts/s": "46.03627658594972",
        "Flow IAT Mean": "43444.0",
        "Flow IAT Std": "0.0",
        "Flow IAT Max": "43444.0",
        "Flow IAT Min": "43444.0",
        "Fwd IAT Tot": "0",
        "Fwd IAT Mean": "0",
        "Fwd IAT Std": "0",
        "Fwd IAT Max": "0",
        "Fwd IAT Min": "0",
        "Bwd IAT Tot": "43444.0",
        "Bwd IAT Mean": "43444.0",
        "Bwd IAT Std": "0.0",
        "Bwd IAT Max": "43444.0",
        "Bwd IAT Min": "43444.0",
        "Fwd PSH Flags": "0",
        "Bwd PSH Flags": "0",
        "Fwd URG Flags": "0",
        "Bwd URG Flags": "0",
        "Fwd Header Len": "0",
        "Bwd Header Len": "64",
        "Fwd Pkts/s": "0.0",
        "Bwd Pkts/s": "46.03627658594972",
        "Pkt Len Min": "0.0",
        "Pkt Len Max": "0.0",
        "Pkt Len Mean": "0.0",
        "Pkt Len Std": "0.0",
        "Pkt Len Var": "0.0",
        "FIN Flag Cnt": "0",
        "SYN Flag Cnt": "0",
        "RST Flag Cnt": "0",
        "PSH Flag Cnt": "0",
        "ACK Flag Cnt": "1",
        "URG Flag Cnt": "0",
        "CWE Flag Count": "0",
        "ECE Flag Cnt": "0",
        "Down/Up Ratio": "0.0",
        "Pkt Size Avg": "0.0",
        "Fwd Seg Size Avg": "0.0",
        "Bwd Seg Size Avg": "0.0",
        "Fwd Byts/b Avg": "0",
        "Fwd Pkts/b Avg": "0",
        "Fwd Blk Rate Avg": "0",
        "Bwd Byts/b Avg": "0",
        "Bwd Pkts/b Avg": "0",
        "Bwd Blk Rate Avg": "0",
        "Subflow Fwd Pkts": "0",
        "Subflow Fwd Byts": "0",
        "Subflow Bwd Pkts": "2",
        "Subflow Bwd Byts": "0",
        "Init Fwd Win Byts": "-1",
        "Init Bwd Win Byts": "1045",
        "Fwd Act Data Pkts": "0",
        "Fwd Seg Size Min": "0",
        "Active Mean": "0",
        "Active Std": "0",
        "Active Max": "0",
        "Active Min": "0",
        "Idle Mean": "0",
        "Idle Std": "0",
        "Idle Max": "0",
        "Idle Min": "0",
        "Label": "No Label"
    },
    {
        "Flow ID": "192.168.3.22-193.162.131.1-52278-443-6",
        "Src IP": "192.168.3.22",
        "Src Port": "52278",
        "Dst IP": "193.162.131.1",
        "Dst Port": "443",
        "Protocol": "6",
        "Timestamp": "24/01/2023 09:42:36 AM",
        "Flow Duration": "17750",
        "Tot Fwd Pkts": "0",
        "Tot Bwd Pkts": "3",
        "TotLen Fwd Pkts": "0.0",
        "TotLen Bwd Pkts": "24.0",
        "Fwd Pkt Len Max": "0",
        "Fwd Pkt Len Min": "0",
        "Fwd Pkt Len Mean": "0",
        "Fwd Pkt Len Std": "0",
        "Bwd Pkt Len Max": "24.0",
        "Bwd Pkt Len Min": "0.0",
        "Bwd Pkt Len Mean": "8.0",
        "Bwd Pkt Len Std": "13.856406460551018",
        "Flow Byts/s": "1352.1126760563382",
        "Flow Pkts/s": "169.01408450704227",
        "Flow IAT Mean": "8875.0",
        "Flow IAT Std": "12524.275308376129",
        "Flow IAT Max": "17731.0",
        "Flow IAT Min": "19.0",
        "Fwd IAT Tot": "0",
        "Fwd IAT Mean": "0",
        "Fwd IAT Std": "0",
        "Fwd IAT Max": "0",
        "Fwd IAT Min": "0",
        "Bwd IAT Tot": "17750.0",
        "Bwd IAT Mean": "8875.0",
        "Bwd IAT Std": "12524.275308376129",
        "Bwd IAT Max": "17731.0",
        "Bwd IAT Min": "19.0",
        "Fwd PSH Flags": "0",
        "Bwd PSH Flags": "1",
        "Fwd URG Flags": "0",
        "Bwd URG Flags": "0",
        "Fwd Header Len": "0",
        "Bwd Header Len": "84",
        "Fwd Pkts/s": "0.0",
        "Bwd Pkts/s": "169.01408450704227",
        "Pkt Len Min": "0.0",
        "Pkt Len Max": "24.0",
        "Pkt Len Mean": "12.0",
        "Pkt Len Std": "13.856406460551018",
        "Pkt Len Var": "192.0",
        "FIN Flag Cnt": "1",
        "SYN Flag Cnt": "0",
        "RST Flag Cnt": "0",
        "PSH Flag Cnt": "1",
        "ACK Flag Cnt": "1",
        "URG Flag Cnt": "0",
        "CWE Flag Count": "0",
        "ECE Flag Cnt": "0",
        "Down/Up Ratio": "0.0",
        "Pkt Size Avg": "16.0",
        "Fwd Seg Size Avg": "0.0",
        "Bwd Seg Size Avg": "8.0",
        "Fwd Byts/b Avg": "0",
        "Fwd Pkts/b Avg": "0",
        "Fwd Blk Rate Avg": "0",
        "Bwd Byts/b Avg": "0",
        "Bwd Pkts/b Avg": "0",
        "Bwd Blk Rate Avg": "0",
        "Subflow Fwd Pkts": "0",
        "Subflow Fwd Byts": "0",
        "Subflow Bwd Pkts": "3",
        "Subflow Bwd Byts": "24",
        "Init Fwd Win Byts": "-1",
        "Init Bwd Win Byts": "0",
        "Fwd Act Data Pkts": "0",
        "Fwd Seg Size Min": "0",
        "Active Mean": "0",
        "Active Std": "0",
        "Active Max": "0",
        "Active Min": "0",
        "Idle Mean": "0",
        "Idle Std": "0",
        "Idle Max": "0",
        "Idle Min": "0",
        "Label": "No Label"
    },
    {
        "Flow ID": "192.168.3.22-200.147.253.13-54672-443-6",
        "Src IP": "200.147.253.13",
        "Src Port": "443",
        "Dst IP": "192.168.3.22",
        "Dst Port": "54672",
        "Protocol": "6",
        "Timestamp": "24/01/2023 09:42:38 AM",
        "Flow Duration": "37",
        "Tot Fwd Pkts": "1",
        "Tot Bwd Pkts": "1",
        "TotLen Fwd Pkts": "0.0",
        "TotLen Bwd Pkts": "0.0",
        "Fwd Pkt Len Max": "0.0",
        "Fwd Pkt Len Min": "0.0",
        "Fwd Pkt Len Mean": "0.0",
        "Fwd Pkt Len Std": "0.0",
        "Bwd Pkt Len Max": "0.0",
        "Bwd Pkt Len Min": "0.0",
        "Bwd Pkt Len Mean": "0.0",
        "Bwd Pkt Len Std": "0.0",
        "Flow Byts/s": "0.0",
        "Flow Pkts/s": "54054.05405405405",
        "Flow IAT Mean": "37.0",
        "Flow IAT Std": "0.0",
        "Flow IAT Max": "37.0",
        "Flow IAT Min": "37.0",
        "Fwd IAT Tot": "0",
        "Fwd IAT Mean": "0",
        "Fwd IAT Std": "0",
        "Fwd IAT Max": "0",
        "Fwd IAT Min": "0",
        "Bwd IAT Tot": "0",
        "Bwd IAT Mean": "0",
        "Bwd IAT Std": "0",
        "Bwd IAT Max": "0",
        "Bwd IAT Min": "0",
        "Fwd PSH Flags": "0",
        "Bwd PSH Flags": "0",
        "Fwd URG Flags": "0",
        "Bwd URG Flags": "0",
        "Fwd Header Len": "20",
        "Bwd Header Len": "20",
        "Fwd Pkts/s": "27027.027027027027",
        "Bwd Pkts/s": "27027.027027027027",
        "Pkt Len Min": "0.0",
        "Pkt Len Max": "0.0",
        "Pkt Len Mean": "0.0",
        "Pkt Len Std": "0.0",
        "Pkt Len Var": "0.0",
        "FIN Flag Cnt": "0",
        "SYN Flag Cnt": "0",
        "RST Flag Cnt": "1",
        "PSH Flag Cnt": "0",
        "ACK Flag Cnt": "0",
        "URG Flag Cnt": "0",
        "CWE Flag Count": "0",
        "ECE Flag Cnt": "0",
        "Down/Up Ratio": "1.0",
        "Pkt Size Avg": "0.0",
        "Fwd Seg Size Avg": "0.0",
        "Bwd Seg Size Avg": "0.0",
        "Fwd Byts/b Avg": "0",
        "Fwd Pkts/b Avg": "0",
        "Fwd Blk Rate Avg": "0",
        "Bwd Byts/b Avg": "0",
        "Bwd Pkts/b Avg": "0",
        "Bwd Blk Rate Avg": "0",
        "Subflow Fwd Pkts": "1",
        "Subflow Fwd Byts": "0",
        "Subflow Bwd Pkts": "1",
        "Subflow Bwd Byts": "0",
        "Init Fwd Win Byts": "-1",
        "Init Bwd Win Byts": "0",
        "Fwd Act Data Pkts": "0",
        "Fwd Seg Size Min": "0",
        "Active Mean": "0",
        "Active Std": "0",
        "Active Max": "0",
        "Active Min": "0",
        "Idle Mean": "0",
        "Idle Std": "0",
        "Idle Max": "0",
        "Idle Min": "0",
        "Label": "No Label"
    },
    {
        "Flow ID": "142.251.128.99-192.168.3.22-443-60682-6",
        "Src IP": "192.168.3.22",
        "Src Port": "60682",
        "Dst IP": "142.251.128.99",
        "Dst Port": "443",
        "Protocol": "6",
        "Timestamp": "24/01/2023 09:42:37 AM",
        "Flow Duration": "43864",
        "Tot Fwd Pkts": "0",
        "Tot Bwd Pkts": "2",
        "TotLen Fwd Pkts": "0.0",
        "TotLen Bwd Pkts": "0.0",
        "Fwd Pkt Len Max": "0",
        "Fwd Pkt Len Min": "0",
        "Fwd Pkt Len Mean": "0",
        "Fwd Pkt Len Std": "0",
        "Bwd Pkt Len Max": "0.0",
        "Bwd Pkt Len Min": "0.0",
        "Bwd Pkt Len Mean": "0.0",
        "Bwd Pkt Len Std": "0.0",
        "Flow Byts/s": "0.0",
        "Flow Pkts/s": "45.595476928688676",
        "Flow IAT Mean": "43864.0",
        "Flow IAT Std": "0.0",
        "Flow IAT Max": "43864.0",
        "Flow IAT Min": "43864.0",
        "Fwd IAT Tot": "0",
        "Fwd IAT Mean": "0",
        "Fwd IAT Std": "0",
        "Fwd IAT Max": "0",
        "Fwd IAT Min": "0",
        "Bwd IAT Tot": "43864.0",
        "Bwd IAT Mean": "43864.0",
        "Bwd IAT Std": "0.0",
        "Bwd IAT Max": "43864.0",
        "Bwd IAT Min": "43864.0",
        "Fwd PSH Flags": "0",
        "Bwd PSH Flags": "0",
        "Fwd URG Flags": "0",
        "Bwd URG Flags": "0",
        "Fwd Header Len": "0",
        "Bwd Header Len": "64",
        "Fwd Pkts/s": "0.0",
        "Bwd Pkts/s": "45.595476928688676",
        "Pkt Len Min": "0.0",
        "Pkt Len Max": "0.0",
        "Pkt Len Mean": "0.0",
        "Pkt Len Std": "0.0",
        "Pkt Len Var": "0.0",
        "FIN Flag Cnt": "0",
        "SYN Flag Cnt": "0",
        "RST Flag Cnt": "0",
        "PSH Flag Cnt": "0",
        "ACK Flag Cnt": "1",
        "URG Flag Cnt": "0",
        "CWE Flag Count": "0",
        "ECE Flag Cnt": "0",
        "Down/Up Ratio": "0.0",
        "Pkt Size Avg": "0.0",
        "Fwd Seg Size Avg": "0.0",
        "Bwd Seg Size Avg": "0.0",
        "Fwd Byts/b Avg": "0",
        "Fwd Pkts/b Avg": "0",
        "Fwd Blk Rate Avg": "0",
        "Bwd Byts/b Avg": "0",
        "Bwd Pkts/b Avg": "0",
        "Bwd Blk Rate Avg": "0",
        "Subflow Fwd Pkts": "0",
        "Subflow Fwd Byts": "0",
        "Subflow Bwd Pkts": "2",
        "Subflow Bwd Byts": "0",
        "Init Fwd Win Byts": "-1",
        "Init Bwd Win Byts": "261",
        "Fwd Act Data Pkts": "0",
        "Fwd Seg Size Min": "0",
        "Active Mean": "0",
        "Active Std": "0",
        "Active Max": "0",
        "Active Min": "0",
        "Idle Mean": "0",
        "Idle Std": "0",
        "Idle Max": "0",
        "Idle Min": "0",
        "Label": "No Label"
    },
    {
        "Flow ID": "192.168.3.22-200.147.253.13-47752-443-6",
        "Src IP": "200.147.253.13",
        "Src Port": "443",
        "Dst IP": "192.168.3.22",
        "Dst Port": "47752",
        "Protocol": "6",
        "Timestamp": "24/01/2023 09:42:37 AM",
        "Flow Duration": "227",
        "Tot Fwd Pkts": "1",
        "Tot Bwd Pkts": "1",
        "TotLen Fwd Pkts": "0.0",
        "TotLen Bwd Pkts": "0.0",
        "Fwd Pkt Len Max": "0.0",
        "Fwd Pkt Len Min": "0.0",
        "Fwd Pkt Len Mean": "0.0",
        "Fwd Pkt Len Std": "0.0",
        "Bwd Pkt Len Max": "0.0",
        "Bwd Pkt Len Min": "0.0",
        "Bwd Pkt Len Mean": "0.0",
        "Bwd Pkt Len Std": "0.0",
        "Flow Byts/s": "0.0",
        "Flow Pkts/s": "8810.57268722467",
        "Flow IAT Mean": "227.0",
        "Flow IAT Std": "0.0",
        "Flow IAT Max": "227.0",
        "Flow IAT Min": "227.0",
        "Fwd IAT Tot": "0",
        "Fwd IAT Mean": "0",
        "Fwd IAT Std": "0",
        "Fwd IAT Max": "0",
        "Fwd IAT Min": "0",
        "Bwd IAT Tot": "0",
        "Bwd IAT Mean": "0",
        "Bwd IAT Std": "0",
        "Bwd IAT Max": "0",
        "Bwd IAT Min": "0",
        "Fwd PSH Flags": "0",
        "Bwd PSH Flags": "0",
        "Fwd URG Flags": "0",
        "Bwd URG Flags": "0",
        "Fwd Header Len": "20",
        "Bwd Header Len": "20",
        "Fwd Pkts/s": "4405.286343612335",
        "Bwd Pkts/s": "4405.286343612335",
        "Pkt Len Min": "0.0",
        "Pkt Len Max": "0.0",
        "Pkt Len Mean": "0.0",
        "Pkt Len Std": "0.0",
        "Pkt Len Var": "0.0",
        "FIN Flag Cnt": "0",
        "SYN Flag Cnt": "0",
        "RST Flag Cnt": "1",
        "PSH Flag Cnt": "0",
        "ACK Flag Cnt": "0",
        "URG Flag Cnt": "0",
        "CWE Flag Count": "0",
        "ECE Flag Cnt": "0",
        "Down/Up Ratio": "1.0",
        "Pkt Size Avg": "0.0",
        "Fwd Seg Size Avg": "0.0",
        "Bwd Seg Size Avg": "0.0",
        "Fwd Byts/b Avg": "0",
        "Fwd Pkts/b Avg": "0",
        "Fwd Blk Rate Avg": "0",
        "Bwd Byts/b Avg": "0",
        "Bwd Pkts/b Avg": "0",
        "Bwd Blk Rate Avg": "0",
        "Subflow Fwd Pkts": "1",
        "Subflow Fwd Byts": "0",
        "Subflow Bwd Pkts": "1",
        "Subflow Bwd Byts": "0",
        "Init Fwd Win Byts": "-1",
        "Init Bwd Win Byts": "0",
        "Fwd Act Data Pkts": "0",
        "Fwd Seg Size Min": "0",
        "Active Mean": "0",
        "Active Std": "0",
        "Active Max": "0",
        "Active Min": "0",
        "Idle Mean": "0",
        "Idle Std": "0",
        "Idle Max": "0",
        "Idle Min": "0",
        "Label": "No Label"
    },
    {
        "Flow ID": "192.168.3.22-216.58.222.14-45588-443-6",
        "Src IP": "192.168.3.22",
        "Src Port": "45588",
        "Dst IP": "216.58.222.14",
        "Dst Port": "443",
        "Protocol": "6",
        "Timestamp": "24/01/2023 09:42:37 AM",
        "Flow Duration": "43493",
        "Tot Fwd Pkts": "1",
        "Tot Bwd Pkts": "2",
        "TotLen Fwd Pkts": "0.0",
        "TotLen Bwd Pkts": "78.0",
        "Fwd Pkt Len Max": "0.0",
        "Fwd Pkt Len Min": "0.0",
        "Fwd Pkt Len Mean": "0.0",
        "Fwd Pkt Len Std": "0.0",
        "Bwd Pkt Len Max": "39.0",
        "Bwd Pkt Len Min": "39.0",
        "Bwd Pkt Len Mean": "39.0",
        "Bwd Pkt Len Std": "0.0",
        "Flow Byts/s": "1793.3920400984068",
        "Flow Pkts/s": "68.9766169268618",
        "Flow IAT Mean": "21746.5",
        "Flow IAT Std": "30737.224671398035",
        "Flow IAT Max": "43481.0",
        "Flow IAT Min": "12.0",
        "Fwd IAT Tot": "0",
        "Fwd IAT Mean": "0",
        "Fwd IAT Std": "0",
        "Fwd IAT Max": "0",
        "Fwd IAT Min": "0",
        "Bwd IAT Tot": "43481.0",
        "Bwd IAT Mean": "43481.0",
        "Bwd IAT Std": "0.0",
        "Bwd IAT Max": "43481.0",
        "Bwd IAT Min": "43481.0",
        "Fwd PSH Flags": "0",
        "Bwd PSH Flags": "1",
        "Fwd URG Flags": "0",
        "Bwd URG Flags": "0",
        "Fwd Header Len": "32",
        "Bwd Header Len": "64",
        "Fwd Pkts/s": "22.992205642287267",
        "Bwd Pkts/s": "45.984411284574534",
        "Pkt Len Min": "0.0",
        "Pkt Len Max": "39.0",
        "Pkt Len Mean": "29.25",
        "Pkt Len Std": "19.5",
        "Pkt Len Var": "380.25",
        "FIN Flag Cnt": "0",
        "SYN Flag Cnt": "0",
        "RST Flag Cnt": "0",
        "PSH Flag Cnt": "1",
        "ACK Flag Cnt": "1",
        "URG Flag Cnt": "0",
        "CWE Flag Count": "0",
        "ECE Flag Cnt": "0",
        "Down/Up Ratio": "2.0",
        "Pkt Size Avg": "39.0",
        "Fwd Seg Size Avg": "0.0",
        "Bwd Seg Size Avg": "39.0",
        "Fwd Byts/b Avg": "0",
        "Fwd Pkts/b Avg": "0",
        "Fwd Blk Rate Avg": "0",
        "Bwd Byts/b Avg": "0",
        "Bwd Pkts/b Avg": "0",
        "Bwd Blk Rate Avg": "0",
        "Subflow Fwd Pkts": "1",
        "Subflow Fwd Byts": "0",
        "Subflow Bwd Pkts": "2",
        "Subflow Bwd Byts": "78",
        "Init Fwd Win Byts": "-1",
        "Init Bwd Win Byts": "265",
        "Fwd Act Data Pkts": "0",
        "Fwd Seg Size Min": "0",
        "Active Mean": "0",
        "Active Std": "0",
        "Active Max": "0",
        "Active Min": "0",
        "Idle Mean": "0",
        "Idle Std": "0",
        "Idle Max": "0",
        "Idle Min": "0",
        "Label": "No Label"
    },
    {
        "Flow ID": "172.217.173.110-192.168.3.22-443-42678-6",
        "Src IP": "192.168.3.22",
        "Src Port": "42678",
        "Dst IP": "172.217.173.110",
        "Dst Port": "443",
        "Protocol": "6",
        "Timestamp": "24/01/2023 09:42:36 AM",
        "Flow Duration": "46053",
        "Tot Fwd Pkts": "1",
        "Tot Bwd Pkts": "2",
        "TotLen Fwd Pkts": "0.0",
        "TotLen Bwd Pkts": "78.0",
        "Fwd Pkt Len Max": "0.0",
        "Fwd Pkt Len Min": "0.0",
        "Fwd Pkt Len Mean": "0.0",
        "Fwd Pkt Len Std": "0.0",
        "Bwd Pkt Len Max": "39.0",
        "Bwd Pkt Len Min": "39.0",
        "Bwd Pkt Len Mean": "39.0",
        "Bwd Pkt Len Std": "0.0",
        "Flow Byts/s": "1693.700736108397",
        "Flow Pkts/s": "65.14233600416911",
        "Flow IAT Mean": "23026.5",
        "Flow IAT Std": "32519.133759988134",
        "Flow IAT Max": "46021.0",
        "Flow IAT Min": "32.0",
        "Fwd IAT Tot": "0",
        "Fwd IAT Mean": "0",
        "Fwd IAT Std": "0",
        "Fwd IAT Max": "0",
        "Fwd IAT Min": "0",
        "Bwd IAT Tot": "46021.0",
        "Bwd IAT Mean": "46021.0",
        "Bwd IAT Std": "0.0",
        "Bwd IAT Max": "46021.0",
        "Bwd IAT Min": "46021.0",
        "Fwd PSH Flags": "0",
        "Bwd PSH Flags": "1",
        "Fwd URG Flags": "0",
        "Bwd URG Flags": "0",
        "Fwd Header Len": "32",
        "Bwd Header Len": "64",
        "Fwd Pkts/s": "21.714112001389704",
        "Bwd Pkts/s": "43.42822400277941",
        "Pkt Len Min": "0.0",
        "Pkt Len Max": "39.0",
        "Pkt Len Mean": "29.25",
        "Pkt Len Std": "19.5",
        "Pkt Len Var": "380.25",
        "FIN Flag Cnt": "0",
        "SYN Flag Cnt": "0",
        "RST Flag Cnt": "0",
        "PSH Flag Cnt": "1",
        "ACK Flag Cnt": "1",
        "URG Flag Cnt": "0",
        "CWE Flag Count": "0",
        "ECE Flag Cnt": "0",
        "Down/Up Ratio": "2.0",
        "Pkt Size Avg": "39.0",
        "Fwd Seg Size Avg": "0.0",
        "Bwd Seg Size Avg": "39.0",
        "Fwd Byts/b Avg": "0",
        "Fwd Pkts/b Avg": "0",
        "Fwd Blk Rate Avg": "0",
        "Bwd Byts/b Avg": "0",
        "Bwd Pkts/b Avg": "0",
        "Bwd Blk Rate Avg": "0",
        "Subflow Fwd Pkts": "1",
        "Subflow Fwd Byts": "0",
        "Subflow Bwd Pkts": "2",
        "Subflow Bwd Byts": "78",
        "Init Fwd Win Byts": "-1",
        "Init Bwd Win Byts": "286",
        "Fwd Act Data Pkts": "0",
        "Fwd Seg Size Min": "0",
        "Active Mean": "0",
        "Active Std": "0",
        "Active Max": "0",
        "Active Min": "0",
        "Idle Mean": "0",
        "Idle Std": "0",
        "Idle Max": "0",
        "Idle Min": "0",
        "Label": "No Label"
    },
    {
        "Flow ID": "192.168.3.22-34.104.35.123-46370-80-6",
        "Src IP": "34.104.35.123",
        "Src Port": "80",
        "Dst IP": "192.168.3.22",
        "Dst Port": "46370",
        "Protocol": "6",
        "Timestamp": "24/01/2023 09:42:35 AM",
        "Flow Duration": "41074",
        "Tot Fwd Pkts": "0",
        "Tot Bwd Pkts": "2",
        "TotLen Fwd Pkts": "0.0",
        "TotLen Bwd Pkts": "0.0",
        "Fwd Pkt Len Max": "0",
        "Fwd Pkt Len Min": "0",
        "Fwd Pkt Len Mean": "0",
        "Fwd Pkt Len Std": "0",
        "Bwd Pkt Len Max": "0.0",
        "Bwd Pkt Len Min": "0.0",
        "Bwd Pkt Len Mean": "0.0",
        "Bwd Pkt Len Std": "0.0",
        "Flow Byts/s": "0.0",
        "Flow Pkts/s": "48.69260359351414",
        "Flow IAT Mean": "41074.0",
        "Flow IAT Std": "0.0",
        "Flow IAT Max": "41074.0",
        "Flow IAT Min": "41074.0",
        "Fwd IAT Tot": "0",
        "Fwd IAT Mean": "0",
        "Fwd IAT Std": "0",
        "Fwd IAT Max": "0",
        "Fwd IAT Min": "0",
        "Bwd IAT Tot": "41074.0",
        "Bwd IAT Mean": "41074.0",
        "Bwd IAT Std": "0.0",
        "Bwd IAT Max": "41074.0",
        "Bwd IAT Min": "41074.0",
        "Fwd PSH Flags": "0",
        "Bwd PSH Flags": "0",
        "Fwd URG Flags": "0",
        "Bwd URG Flags": "0",
        "Fwd Header Len": "0",
        "Bwd Header Len": "64",
        "Fwd Pkts/s": "0.0",
        "Bwd Pkts/s": "48.69260359351414",
        "Pkt Len Min": "0.0",
        "Pkt Len Max": "0.0",
        "Pkt Len Mean": "0.0",
        "Pkt Len Std": "0.0",
        "Pkt Len Var": "0.0",
        "FIN Flag Cnt": "1",
        "SYN Flag Cnt": "0",
        "RST Flag Cnt": "0",
        "PSH Flag Cnt": "0",
        "ACK Flag Cnt": "1",
        "URG Flag Cnt": "0",
        "CWE Flag Count": "0",
        "ECE Flag Cnt": "0",
        "Down/Up Ratio": "0.0",
        "Pkt Size Avg": "0.0",
        "Fwd Seg Size Avg": "0.0",
        "Bwd Seg Size Avg": "0.0",
        "Fwd Byts/b Avg": "0",
        "Fwd Pkts/b Avg": "0",
        "Fwd Blk Rate Avg": "0",
        "Bwd Byts/b Avg": "0",
        "Bwd Pkts/b Avg": "0",
        "Bwd Blk Rate Avg": "0",
        "Subflow Fwd Pkts": "0",
        "Subflow Fwd Byts": "0",
        "Subflow Bwd Pkts": "2",
        "Subflow Bwd Byts": "0",
        "Init Fwd Win Byts": "-1",
        "Init Bwd Win Byts": "3050",
        "Fwd Act Data Pkts": "0",
        "Fwd Seg Size Min": "0",
        "Active Mean": "0",
        "Active Std": "0",
        "Active Max": "0",
        "Active Min": "0",
        "Idle Mean": "0",
        "Idle Std": "0",
        "Idle Max": "0",
        "Idle Min": "0",
        "Label": "No Label"
    },
    {
        "Flow ID": "192.168.3.22-200.147.253.13-54684-443-6",
        "Src IP": "200.147.253.13",
        "Src Port": "443",
        "Dst IP": "192.168.3.22",
        "Dst Port": "54684",
        "Protocol": "6",
        "Timestamp": "24/01/2023 09:42:39 AM",
        "Flow Duration": "88",
        "Tot Fwd Pkts": "1",
        "Tot Bwd Pkts": "1",
        "TotLen Fwd Pkts": "0.0",
        "TotLen Bwd Pkts": "0.0",
        "Fwd Pkt Len Max": "0.0",
        "Fwd Pkt Len Min": "0.0",
        "Fwd Pkt Len Mean": "0.0",
        "Fwd Pkt Len Std": "0.0",
        "Bwd Pkt Len Max": "0.0",
        "Bwd Pkt Len Min": "0.0",
        "Bwd Pkt Len Mean": "0.0",
        "Bwd Pkt Len Std": "0.0",
        "Flow Byts/s": "0.0",
        "Flow Pkts/s": "22727.272727272728",
        "Flow IAT Mean": "88.0",
        "Flow IAT Std": "0.0",
        "Flow IAT Max": "88.0",
        "Flow IAT Min": "88.0",
        "Fwd IAT Tot": "0",
        "Fwd IAT Mean": "0",
        "Fwd IAT Std": "0",
        "Fwd IAT Max": "0",
        "Fwd IAT Min": "0",
        "Bwd IAT Tot": "0",
        "Bwd IAT Mean": "0",
        "Bwd IAT Std": "0",
        "Bwd IAT Max": "0",
        "Bwd IAT Min": "0",
        "Fwd PSH Flags": "0",
        "Bwd PSH Flags": "0",
        "Fwd URG Flags": "0",
        "Bwd URG Flags": "0",
        "Fwd Header Len": "20",
        "Bwd Header Len": "20",
        "Fwd Pkts/s": "11363.636363636364",
        "Bwd Pkts/s": "11363.636363636364",
        "Pkt Len Min": "0.0",
        "Pkt Len Max": "0.0",
        "Pkt Len Mean": "0.0",
        "Pkt Len Std": "0.0",
        "Pkt Len Var": "0.0",
        "FIN Flag Cnt": "0",
        "SYN Flag Cnt": "0",
        "RST Flag Cnt": "1",
        "PSH Flag Cnt": "0",
        "ACK Flag Cnt": "0",
        "URG Flag Cnt": "0",
        "CWE Flag Count": "0",
        "ECE Flag Cnt": "0",
        "Down/Up Ratio": "1.0",
        "Pkt Size Avg": "0.0",
        "Fwd Seg Size Avg": "0.0",
        "Bwd Seg Size Avg": "0.0",
        "Fwd Byts/b Avg": "0",
        "Fwd Pkts/b Avg": "0",
        "Fwd Blk Rate Avg": "0",
        "Bwd Byts/b Avg": "0",
        "Bwd Pkts/b Avg": "0",
        "Bwd Blk Rate Avg": "0",
        "Subflow Fwd Pkts": "1",
        "Subflow Fwd Byts": "0",
        "Subflow Bwd Pkts": "1",
        "Subflow Bwd Byts": "0",
        "Init Fwd Win Byts": "-1",
        "Init Bwd Win Byts": "0",
        "Fwd Act Data Pkts": "0",
        "Fwd Seg Size Min": "0",
        "Active Mean": "0",
        "Active Std": "0",
        "Active Max": "0",
        "Active Min": "0",
        "Idle Mean": "0",
        "Idle Std": "0",
        "Idle Max": "0",
        "Idle Min": "0",
        "Label": "No Label"
    }
]