[
    {
        "Flow ID": "192.168.3.22-200.147.253.13-44302-443-6",
        "Src IP": "192.168.3.22",
        "Src Port": "44302",
        "Dst IP": "200.147.253.13",
        "Dst Port": "443",
        "Protocol": "6",
        "Timestamp": "24/01/2023 09:43:16 AM",
        "Flow Duration": "299779",
        "Tot Fwd Pkts": "16",
        "Tot Bwd Pkts": "23",
        "TotLen Fwd Pkts": "1132.0",
        "TotLen Bwd Pkts": "43400.0",
        "Fwd Pkt Len Max": "517.0",
        "Fwd Pkt Len Min": "0.0",
        "Fwd Pkt Len Mean": "70.74999999999999",
        "Fwd Pkt Len Std": "171.6968258297165",
        "Bwd Pkt Len Max": "5600.0",
        "Bwd Pkt Len Min": "0.0",
        "Bwd Pkt Len Mean": "1886.9565217391305",
        "Bwd Pkt Len Std": "1621.6647304617916",
        "Flow Byts/s": "148549.43141447532",
        "Flow Pkts/s": "130.09583726678653",
        "Flow IAT Mean": "7888.921052631575",
        "Flow IAT Std": "16827.172943304202",
        "Flow IAT Max": "55324.0",
        "Flow IAT Min": "4.0",
        "Fwd IAT Tot": "252091.0",
        "Fwd IAT Mean": "16806.066666666666",
        "Fwd IAT Std": "21385.503178777995",
        "Fwd IAT Max": "55340.0",
        "Fwd IAT Min": "83.0",
        "Bwd IAT Tot": "299779.0",
        "Bwd IAT Mean": "13626.318181818184",
        "Bwd IAT Std": "21021.939814408328",
        "Bwd IAT Max": "57700.0",
        "Bwd IAT Min": "14.0",
        "Fwd PSH Flags": "0",
        "Bwd PSH Flags": "0",
        "Fwd URG Flags": "0",
        "Bwd URG Flags": "0",
        "Fwd Header Len": "512",
        "Bwd Header Len": "752",
        "Fwd Pkts/s": "53.37265118637396",
        "Bwd Pkts/s": "76.72318608041256",
        "Pkt Len Min": "0.0",
        "Pkt Len Max": "5600.0",
        "Pkt Len Mean": "1113.3000000000004",
        "Pkt Len Std": "1524.956883795702",
        "Pkt Len Var": "2325493.497435898",
        "FIN Flag Cnt": "0",
        "SYN Flag Cnt": "1",
        "RST Flag Cnt": "0",
        "PSH Flag Cnt": "0",
        "ACK Flag Cnt": "0",
        "URG Flag Cnt": "0",
        "CWE Flag Count": "0",
        "ECE Flag Cnt": "0",
        "Down/Up Ratio": "1.0",
        "Pkt Size Avg": "1141.8461538461538",
        "Fwd Seg Size Avg": "70.75",
        "Bwd Seg Size Avg": "1886.9565217391305",
        "Fwd Byts/b Avg": "0",
        "Fwd Pkts/b Avg": "0",
        "Fwd Blk Rate Avg": "0",
        "Bwd Byts/b Avg": "0",
        "Bwd Pkts/b Avg": "0",
        "Bwd Blk Rate Avg": "0",
        "Subflow Fwd Pkts": "16",
        "Subflow Fwd Byts": "1132",
        "Subflow Bwd Pkts": "23",
        "Subflow Bwd Byts": "43400",
        "Init Fwd Win Byts": "-1",
        "Init Bwd Win Byts": "130",
        "Fwd Act Data Pkts": "3",
        "Fwd Seg Size Min": "0",
        "Active Mean": "0",
        "Active Std": "0",
        "Active Max": "0",
        "Active Min": "0",
        "Idle Mean": "0",
        "Idle Std": "0",
        "Idle Max": "0",
        "Idle Min": "0",
        "Label": "No Label"
    },
    {
        "Flow ID": "192.168.3.22-200.147.253.13-44302-443-6",
        "Src IP": "192.168.3.22",
        "Src Port": "44302",
        "Dst IP": "200.147.253.13",
        "Dst Port": "443",
        "Protocol": "6",
        "Timestamp": "24/01/2023 09:43:16 AM",
        "Flow Duration": "272",
        "Tot Fwd Pkts": "2",
        "Tot Bwd Pkts": "1",
        "TotLen Fwd Pkts": "31.0",
        "TotLen Bwd Pkts": "0.0",
        "Fwd Pkt Len Max": "31.0",
        "Fwd Pkt Len Min": "0.0",
        "Fwd Pkt Len Mean": "15.5",
        "Fwd Pkt Len Std": "21.920310216782973",
        "Bwd Pkt Len Max": "0.0",
        "Bwd Pkt Len Min": "0.0",
        "Bwd Pkt Len Mean": "0.0",
        "Bwd Pkt Len Std": "0.0",
        "Flow Byts/s": "113970.58823529411",
        "Flow Pkts/s": "11029.411764705883",
        "Flow IAT Mean": "136.0",
        "Flow IAT Std": "55.154328932550705",
        "Flow IAT Max": "175.0",
        "Flow IAT Min": "97.0",
        "Fwd IAT Tot": "97.0",
        "Fwd IAT Mean": "97.0",
        "Fwd IAT Std": "0.0",
        "Fwd IAT Max": "97.0",
        "Fwd IAT Min": "97.0",
        "Bwd IAT Tot": "0",
        "Bwd IAT Mean": "0",
        "Bwd IAT Std": "0",
        "Bwd IAT Max": "0",
        "Bwd IAT Min": "0",
        "Fwd PSH Flags": "0",
        "Bwd PSH Flags": "0",
        "Fwd URG Flags": "0",
        "Bwd URG Flags": "0",
        "Fwd Header Len": "64",
        "Bwd Header Len": "32",
        "Fwd Pkts/s": "7352.941176470588",
        "Bwd Pkts/s": "3676.470588235294",
        "Pkt Len Min": "0.0",
        "Pkt Len Max": "31.0",
        "Pkt Len Mean": "7.75",
        "Pkt Len Std": "15.500000000000002",
        "Pkt Len Var": "240.25000000000003",
        "FIN Flag Cnt": "0",
        "SYN Flag Cnt": "0",
        "RST Flag Cnt": "0",
        "PSH Flag Cnt": "0",
        "ACK Flag Cnt": "1",
        "URG Flag Cnt": "0",
        "CWE Flag Count": "0",
        "ECE Flag Cnt": "0",
        "Down/Up Ratio": "0.0",
        "Pkt Size Avg": "10.333333333333334",
        "Fwd Seg Size Avg": "15.5",
        "Bwd Seg Size Avg": "0.0",
        "Fwd Byts/b Avg": "0",
        "Fwd Pkts/b Avg": "0",
        "Fwd Blk Rate Avg": "0",
        "Bwd Byts/b Avg": "0",
        "Bwd Pkts/b Avg": "0",
        "Bwd Blk Rate Avg": "0",
        "Subflow Fwd Pkts": "2",
        "Subflow Fwd Byts": "31",
        "Subflow Bwd Pkts": "1",
        "Subflow Bwd Byts": "0",
        "Init Fwd Win Byts": "-1",
        "Init Bwd Win Byts": "680",
        "Fwd Act Data Pkts": "1",
        "Fwd Seg Size Min": "0",
        "Active Mean": "0",
        "Active Std": "0",
        "Active Max": "0",
        "Active Min": "0",
        "Idle Mean": "0",
        "Idle Std": "0",
        "Idle Max": "0",
        "Idle Min": "0",
        "Label": "No Label"
    },
    {
        "Flow ID": "192.168.3.22-200.147.253.13-44318-443-6",
        "Src IP": "192.168.3.22",
        "Src Port": "44318",
        "Dst IP": "200.147.253.13",
        "Dst Port": "443",
        "Protocol": "6",
        "Timestamp": "24/01/2023 09:43:16 AM",
        "Flow Duration": "774397",
        "Tot Fwd Pkts": "66",
        "Tot Bwd Pkts": "83",
        "TotLen Fwd Pkts": "1088.0",
        "TotLen Bwd Pkts": "195886.0",
        "Fwd Pkt Len Max": "517.0",
        "Fwd Pkt Len Min": "0.0",
        "Fwd Pkt Len Mean": "16.484848484848477",
        "Fwd Pkt Len Std": "84.42151428748525",
        "Bwd Pkt Len Max": "9800.0",
        "Bwd Pkt Len Min": "0.0",
        "Bwd Pkt Len Mean": "2360.072289156628",
        "Bwd Pkt Len Std": "1857.173940020438",
        "Flow Byts/s": "254357.90686172596",
        "Flow Pkts/s": "192.4077701747295",
        "Flow IAT Mean": "5232.412162162162",
        "Flow IAT Std": "13775.792573185863",
        "Flow IAT Max": "53980.0",
        "Flow IAT Min": "1.0",
        "Fwd IAT Tot": "728619.0",
        "Fwd IAT Mean": "11209.523076923077",
        "Fwd IAT Std": "20336.955692706702",
        "Fwd IAT Max": "96366.0",
        "Fwd IAT Min": "14.0",
        "Bwd IAT Tot": "774397.0",
        "Bwd IAT Mean": "9443.86585365854",
        "Bwd IAT Std": "18361.141840123688",
        "Bwd IAT Max": "59459.0",
        "Bwd IAT Min": "5.0",
        "Fwd PSH Flags": "0",
        "Bwd PSH Flags": "0",
        "Fwd URG Flags": "0",
        "Bwd URG Flags": "0",
        "Fwd Header Len": "2112",
        "Bwd Header Len": "2672",
        "Fwd Pkts/s": "85.22760289618891",
        "Bwd Pkts/s": "107.1801672785406",
        "Pkt Len Min": "0.0",
        "Pkt Len Max": "9800.0",
        "Pkt Len Mean": "1313.1600000000003",
        "Pkt Len Std": "1807.801375470868",
        "Pkt Len Var": "3268145.8131543617",
        "FIN Flag Cnt": "0",
        "SYN Flag Cnt": "1",
        "RST Flag Cnt": "0",
        "PSH Flag Cnt": "0",
        "ACK Flag Cnt": "0",
        "URG Flag Cnt": "0",
        "CWE Flag Count": "0",
        "ECE Flag Cnt": "0",
        "Down/Up Ratio": "1.0",
        "Pkt Size Avg": "1321.9731543624162",
        "Fwd Seg Size Avg": "16.484848484848484",
        "Bwd Seg Size Avg": "2360.0722891566265",
        "Fwd Byts/b Avg": "0",
        "Fwd Pkts/b Avg": "0",
        "Fwd Blk Rate Avg": "0",
        "Bwd Byts/b Avg": "0",
        "Bwd Pkts/b Avg": "0",
        "Bwd Blk Rate Avg": "0",
        "Subflow Fwd Pkts": "66",
        "Subflow Fwd Byts": "1088",
        "Subflow Bwd Pkts": "83",
        "Subflow Bwd Byts": "195886",
        "Init Fwd Win Byts": "-1",
        "Init Bwd Win Byts": "130",
        "Fwd Act Data Pkts": "3",
        "Fwd Seg Size Min": "0",
        "Active Mean": "0",
        "Active Std": "0",
        "Active Max": "0",
        "Active Min": "0",
        "Idle Mean": "0",
        "Idle Std": "0",
        "Idle Max": "0",
        "Idle Min": "0",
        "Label": "No Label"
    },
    {
        "Flow ID": "192.168.3.22-200.147.253.13-44318-443-6",
        "Src IP": "192.168.3.22",
        "Src Port": "44318",
        "Dst IP": "200.147.253.13",
        "Dst Port": "443",
        "Protocol": "6",
        "Timestamp": "24/01/2023 09:43:17 AM",
        "Flow Duration": "356",
        "Tot Fwd Pkts": "2",
        "Tot Bwd Pkts": "1",
        "TotLen Fwd Pkts": "31.0",
        "TotLen Bwd Pkts": "0.0",
        "Fwd Pkt Len Max": "31.0",
        "Fwd Pkt Len Min": "0.0",
        "Fwd Pkt Len Mean": "15.5",
        "Fwd Pkt Len Std": "21.920310216782973",
        "Bwd Pkt Len Max": "0.0",
        "Bwd Pkt Len Min": "0.0",
        "Bwd Pkt Len Mean": "0.0",
        "Bwd Pkt Len Std": "0.0",
        "Flow Byts/s": "87078.65168539327",
        "Flow Pkts/s": "8426.966292134832",
        "Flow IAT Mean": "178.0",
        "Flow IAT Std": "199.4041122946064",
        "Flow IAT Max": "319.0",
        "Flow IAT Min": "37.0",
        "Fwd IAT Tot": "37.0",
        "Fwd IAT Mean": "37.0",
        "Fwd IAT Std": "0.0",
        "Fwd IAT Max": "37.0",
        "Fwd IAT Min": "37.0",
        "Bwd IAT Tot": "0",
        "Bwd IAT Mean": "0",
        "Bwd IAT Std": "0",
        "Bwd IAT Max": "0",
        "Bwd IAT Min": "0",
        "Fwd PSH Flags": "0",
        "Bwd PSH Flags": "0",
        "Fwd URG Flags": "0",
        "Bwd URG Flags": "0",
        "Fwd Header Len": "64",
        "Bwd Header Len": "32",
        "Fwd Pkts/s": "5617.9775280898875",
        "Bwd Pkts/s": "2808.9887640449438",
        "Pkt Len Min": "0.0",
        "Pkt Len Max": "31.0",
        "Pkt Len Mean": "7.75",
        "Pkt Len Std": "15.500000000000002",
        "Pkt Len Var": "240.25000000000003",
        "FIN Flag Cnt": "0",
        "SYN Flag Cnt": "0",
        "RST Flag Cnt": "0",
        "PSH Flag Cnt": "0",
        "ACK Flag Cnt": "1",
        "URG Flag Cnt": "0",
        "CWE Flag Count": "0",
        "ECE Flag Cnt": "0",
        "Down/Up Ratio": "0.0",
        "Pkt Size Avg": "10.333333333333334",
        "Fwd Seg Size Avg": "15.5",
        "Bwd Seg Size Avg": "0.0",
        "Fwd Byts/b Avg": "0",
        "Fwd Pkts/b Avg": "0",
        "Fwd Blk Rate Avg": "0",
        "Bwd Byts/b Avg": "0",
        "Bwd Pkts/b Avg": "0",
        "Bwd Blk Rate Avg": "0",
        "Subflow Fwd Pkts": "2",
        "Subflow Fwd Byts": "31",
        "Subflow Bwd Pkts": "1",
        "Subflow Bwd Byts": "0",
        "Init Fwd Win Byts": "-1",
        "Init Bwd Win Byts": "1159",
        "Fwd Act Data Pkts": "1",
        "Fwd Seg Size Min": "0",
        "Active Mean": "0",
        "Active Std": "0",
        "Active Max": "0",
        "Active Min": "0",
        "Idle Mean": "0",
        "Idle Std": "0",
        "Idle Max": "0",
        "Idle Min": "0",
        "Label": "No Label"
    },
    {
        "Flow ID": "192.168.3.22-35.241.9.150-56560-443-6",
        "Src IP": "192.168.3.22",
        "Src Port": "56560",
        "Dst IP": "35.241.9.150",
        "Dst Port": "443",
        "Protocol": "6",
        "Timestamp": "24/01/2023 09:43:19 AM",
        "Flow Duration": "86374",
        "Tot Fwd Pkts": "1",
        "Tot Bwd Pkts": "3",
        "TotLen Fwd Pkts": "0.0",
        "TotLen Bwd Pkts": "92.0",
        "Fwd Pkt Len Max": "0.0",
        "Fwd Pkt Len Min": "0.0",
        "Fwd Pkt Len Mean": "0.0",
        "Fwd Pkt Len Std": "0.0",
        "Bwd Pkt Len Max": "46.0",
        "Bwd Pkt Len Min": "0.0",
        "Bwd Pkt Len Mean": "30.666666666666668",
        "Bwd Pkt Len Std": "26.558112382722786",
        "Flow Byts/s": "1065.1353416537384",
        "Flow Pkts/s": "46.31023224581471",
        "Flow IAT Mean": "28791.333333333332",
        "Flow IAT Std": "24784.149881190868",
        "Flow IAT Max": "45386.0",
        "Flow IAT Min": "302.0",
        "Fwd IAT Tot": "0",
        "Fwd IAT Mean": "0",
        "Fwd IAT Std": "0",
        "Fwd IAT Max": "0",
        "Fwd IAT Min": "0",
        "Bwd IAT Tot": "45688.0",
        "Bwd IAT Mean": "22844.0",
        "Bwd IAT Std": "31879.202123014307",
        "Bwd IAT Max": "45386.0",
        "Bwd IAT Min": "302.0",
        "Fwd PSH Flags": "0",
        "Bwd PSH Flags": "1",
        "Fwd URG Flags": "0",
        "Bwd URG Flags": "0",
        "Fwd Header Len": "32",
        "Bwd Header Len": "96",
        "Fwd Pkts/s": "11.577558061453677",
        "Bwd Pkts/s": "34.73267418436103",
        "Pkt Len Min": "0.0",
        "Pkt Len Max": "46.0",
        "Pkt Len Mean": "27.6",
        "Pkt Len Std": "25.195237645237643",
        "Pkt Len Var": "634.8000000000001",
        "FIN Flag Cnt": "0",
        "SYN Flag Cnt": "0",
        "RST Flag Cnt": "0",
        "PSH Flag Cnt": "1",
        "ACK Flag Cnt": "1",
        "URG Flag Cnt": "0",
        "CWE Flag Count": "0",
        "ECE Flag Cnt": "0",
        "Down/Up Ratio": "3.0",
        "Pkt Size Avg": "34.5",
        "Fwd Seg Size Avg": "0.0",
        "Bwd Seg Size Avg": "30.666666666666668",
        "Fwd Byts/b Avg": "0",
        "Fwd Pkts/b Avg": "0",
        "Fwd Blk Rate Avg": "0",
        "Bwd Byts/b Avg": "0",
        "Bwd Pkts/b Avg": "0",
        "Bwd Blk Rate Avg": "0",
        "Subflow Fwd Pkts": "1",
        "Subflow Fwd Byts": "0",
        "Subflow Bwd Pkts": "3",
        "Subflow Bwd Byts": "92",
        "Init Fwd Win Byts": "-1",
        "Init Bwd Win Byts": "282",
        "Fwd Act Data Pkts": "0",
        "Fwd Seg Size Min": "0",
        "Active Mean": "0",
        "Active Std": "0",
        "Active Max": "0",
        "Active Min": "0",
        "Idle Mean": "0",
        "Idle Std": "0",
        "Idle Max": "0",
        "Idle Min": "0",
        "Label": "No Label"
    },
    {
        "Flow ID": "192.168.3.22-31.13.85.51-59566-443-6",
        "Src IP": "192.168.3.22",
        "Src Port": "59566",
        "Dst IP": "31.13.85.51",
        "Dst Port": "443",
        "Protocol": "6",
        "Timestamp": "24/01/2023 09:43:18 AM",
        "Flow Duration": "200085",
        "Tot Fwd Pkts": "14",
        "Tot Bwd Pkts": "16",
        "TotLen Fwd Pkts": "930.0",
        "TotLen Bwd Pkts": "2939.0",
        "Fwd Pkt Len Max": "487.0",
        "Fwd Pkt Len Min": "0.0",
        "Fwd Pkt Len Mean": "66.42857142857142",
        "Fwd Pkt Len Std": "137.2217264058509",
        "Bwd Pkt Len Max": "439.0",
        "Bwd Pkt Len Min": "0.0",
        "Bwd Pkt Len Mean": "183.6875",
        "Bwd Pkt Len Std": "191.65932232305667",
        "Flow Byts/s": "19336.781867706224",
        "Flow Pkts/s": "149.93627708224003",
        "Flow IAT Mean": "6899.482758620689",
        "Flow IAT Std": "23755.037047240392",
        "Flow IAT Max": "125996.0",
        "Flow IAT Min": "4.0",
        "Fwd IAT Tot": "199828.0",
        "Fwd IAT Mean": "15371.384615384615",
        "Fwd IAT Std": "46254.35126295049",
        "Fwd IAT Max": "168994.0",
        "Fwd IAT Min": "167.0",
        "Bwd IAT Tot": "200069.0",
        "Bwd IAT Mean": "13337.933333333334",
        "Bwd IAT Std": "33160.89773140017",
        "Bwd IAT Max": "125996.0",
        "Bwd IAT Min": "176.0",
        "Fwd PSH Flags": "0",
        "Bwd PSH Flags": "1",
        "Fwd URG Flags": "0",
        "Bwd URG Flags": "0",
        "Fwd Header Len": "448",
        "Bwd Header Len": "512",
        "Fwd Pkts/s": "69.97026263837868",
        "Bwd Pkts/s": "79.96601444386135",
        "Pkt Len Min": "0.0",
        "Pkt Len Max": "487.0",
        "Pkt Len Mean": "127.93548387096773",
        "Pkt Len Std": "173.1511739268841",
        "Pkt Len Var": "29981.32903225807",
        "FIN Flag Cnt": "0",
        "SYN Flag Cnt": "0",
        "RST Flag Cnt": "0",
        "PSH Flag Cnt": "1",
        "ACK Flag Cnt": "1",
        "URG Flag Cnt": "0",
        "CWE Flag Count": "0",
        "ECE Flag Cnt": "0",
        "Down/Up Ratio": "1.0",
        "Pkt Size Avg": "132.2",
        "Fwd Seg Size Avg": "66.42857142857143",
        "Bwd Seg Size Avg": "183.6875",
        "Fwd Byts/b Avg": "0",
        "Fwd Pkts/b Avg": "0",
        "Fwd Blk Rate Avg": "0",
        "Bwd Byts/b Avg": "0",
        "Bwd Pkts/b Avg": "0",
        "Bwd Blk Rate Avg": "0",
        "Subflow Fwd Pkts": "14",
        "Subflow Fwd Byts": "930",
        "Subflow Bwd Pkts": "16",
        "Subflow Bwd Byts": "2939",
        "Init Fwd Win Byts": "-1",
        "Init Bwd Win Byts": "2043",
        "Fwd Act Data Pkts": "4",
        "Fwd Seg Size Min": "0",
        "Active Mean": "0",
        "Active Std": "0",
        "Active Max": "0",
        "Active Min": "0",
        "Idle Mean": "0",
        "Idle Std": "0",
        "Idle Max": "0",
        "Idle Min": "0",
        "Label": "No Label"
    },
    {
        "Flow ID": "192.168.3.1-192.168.3.22-53-36994-17",
        "Src IP": "192.168.3.22",
        "Src Port": "36994",
        "Dst IP": "192.168.3.1",
        "Dst Port": "53",
        "Protocol": "17",
        "Timestamp": "24/01/2023 09:43:18 AM",
        "Flow Duration": "3411",
        "Tot Fwd Pkts": "0",
        "Tot Bwd Pkts": "2",
        "TotLen Fwd Pkts": "0.0",
        "TotLen Bwd Pkts": "121.0",
        "Fwd Pkt Len Max": "0",
        "Fwd Pkt Len Min": "0",
        "Fwd Pkt Len Mean": "0",
        "Fwd Pkt Len Std": "0",
        "Bwd Pkt Len Max": "87.0",
        "Bwd Pkt Len Min": "34.0",
        "Bwd Pkt Len Mean": "60.5",
        "Bwd Pkt Len Std": "37.476659402887016",
        "Flow Byts/s": "35473.46819114629",
        "Flow Pkts/s": "586.3383172090296",
        "Flow IAT Mean": "3411.0",
        "Flow IAT Std": "0.0",
        "Flow IAT Max": "3411.0",
        "Flow IAT Min": "3411.0",
        "Fwd IAT Tot": "0",
        "Fwd IAT Mean": "0",
        "Fwd IAT Std": "0",
        "Fwd IAT Max": "0",
        "Fwd IAT Min": "0",
        "Bwd IAT Tot": "3411.0",
        "Bwd IAT Mean": "3411.0",
        "Bwd IAT Std": "0.0",
        "Bwd IAT Max": "3411.0",
        "Bwd IAT Min": "3411.0",
        "Fwd PSH Flags": "0",
        "Bwd PSH Flags": "0",
        "Fwd URG Flags": "0",
        "Bwd URG Flags": "0",
        "Fwd Header Len": "0",
        "Bwd Header Len": "16",
        "Fwd Pkts/s": "0.0",
        "Bwd Pkts/s": "586.3383172090296",
        "Pkt Len Min": "34.0",
        "Pkt Len Max": "87.0",
        "Pkt Len Mean": "51.66666666666667",
        "Pkt Len Std": "30.599564267050166",
        "Pkt Len Var": "936.3333333333334",
        "FIN Flag Cnt": "0",
        "SYN Flag Cnt": "0",
        "RST Flag Cnt": "0",
        "PSH Flag Cnt": "0",
        "ACK Flag Cnt": "0",
        "URG Flag Cnt": "0",
        "CWE Flag Count": "0",
        "ECE Flag Cnt": "0",
        "Down/Up Ratio": "0.0",
        "Pkt Size Avg": "77.5",
        "Fwd Seg Size Avg": "0.0",
        "Bwd Seg Size Avg": "60.5",
        "Fwd Byts/b Avg": "0",
        "Fwd Pkts/b Avg": "0",
        "Fwd Blk Rate Avg": "0",
        "Bwd Byts/b Avg": "0",
        "Bwd Pkts/b Avg": "0",
        "Bwd Blk Rate Avg": "0",
        "Subflow Fwd Pkts": "0",
        "Subflow Fwd Byts": "0",
        "Subflow Bwd Pkts": "2",
        "Subflow Bwd Byts": "121",
        "Init Fwd Win Byts": "-1",
        "Init Bwd Win Byts": "-1",
        "Fwd Act Data Pkts": "0",
        "Fwd Seg Size Min": "0",
        "Active Mean": "0",
        "Active Std": "0",
        "Active Max": "0",
        "Active Min": "0",
        "Idle Mean": "0",
        "Idle Std": "0",
        "Idle Max": "0",
        "Idle Min": "0",
        "Label": "No Label"
    },
    {
        "Flow ID": "142.250.219.234-192.168.3.22-443-60782-17",
        "Src IP": "142.250.219.234",
        "Src Port": "443",
        "Dst IP": "192.168.3.22",
        "Dst Port": "60782",
        "Protocol": "17",
        "Timestamp": "24/01/2023 09:43:18 AM",
        "Flow Duration": "26293",
        "Tot Fwd Pkts": "0",
        "Tot Bwd Pkts": "2",
        "TotLen Fwd Pkts": "0.0",
        "TotLen Bwd Pkts": "150.0",
        "Fwd Pkt Len Max": "0",
        "Fwd Pkt Len Min": "0",
        "Fwd Pkt Len Mean": "0",
        "Fwd Pkt Len Std": "0",
        "Bwd Pkt Len Max": "117.0",
        "Bwd Pkt Len Min": "33.0",
        "Bwd Pkt Len Mean": "75.0",
        "Bwd Pkt Len Std": "59.39696961966999",
        "Flow Byts/s": "5704.940478454341",
        "Flow Pkts/s": "76.06587304605789",
        "Flow IAT Mean": "26293.0",
        "Flow IAT Std": "0.0",
        "Flow IAT Max": "26293.0",
        "Flow IAT Min": "26293.0",
        "Fwd IAT Tot": "0",
        "Fwd IAT Mean": "0",
        "Fwd IAT Std": "0",
        "Fwd IAT Max": "0",
        "Fwd IAT Min": "0",
        "Bwd IAT Tot": "26293.0",
        "Bwd IAT Mean": "26293.0",
        "Bwd IAT Std": "0.0",
        "Bwd IAT Max": "26293.0",
        "Bwd IAT Min": "26293.0",
        "Fwd PSH Flags": "0",
        "Bwd PSH Flags": "0",
        "Fwd URG Flags": "0",
        "Bwd URG Flags": "0",
        "Fwd Header Len": "0",
        "Bwd Header Len": "16",
        "Fwd Pkts/s": "0.0",
        "Bwd Pkts/s": "76.06587304605789",
        "Pkt Len Min": "33.0",
        "Pkt Len Max": "117.0",
        "Pkt Len Mean": "89.0",
        "Pkt Len Std": "48.49742261192856",
        "Pkt Len Var": "2352.0",
        "FIN Flag Cnt": "0",
        "SYN Flag Cnt": "0",
        "RST Flag Cnt": "0",
        "PSH Flag Cnt": "0",
        "ACK Flag Cnt": "0",
        "URG Flag Cnt": "0",
        "CWE Flag Count": "0",
        "ECE Flag Cnt": "0",
        "Down/Up Ratio": "0.0",
        "Pkt Size Avg": "133.5",
        "Fwd Seg Size Avg": "0.0",
        "Bwd Seg Size Avg": "75.0",
        "Fwd Byts/b Avg": "0",
        "Fwd Pkts/b Avg": "0",
        "Fwd Blk Rate Avg": "0",
        "Bwd Byts/b Avg": "0",
        "Bwd Pkts/b Avg": "0",
        "Bwd Blk Rate Avg": "0",
        "Subflow Fwd Pkts": "0",
        "Subflow Fwd Byts": "0",
        "Subflow Bwd Pkts": "2",
        "Subflow Bwd Byts": "150",
        "Init Fwd Win Byts": "-1",
        "Init Bwd Win Byts": "-1",
        "Fwd Act Data Pkts": "0",
        "Fwd Seg Size Min": "0",
        "Active Mean": "0",
        "Active Std": "0",
        "Active Max": "0",
        "Active Min": "0",
        "Idle Mean": "0",
        "Idle Std": "0",
        "Idle Max": "0",
        "Idle Min": "0",
        "Label": "No Label"
    },
    {
        "Flow ID": "192.168.3.22-200.147.253.13-44302-443-6",
        "Src IP": "200.147.253.13",
        "Src Port": "443",
        "Dst IP": "192.168.3.22",
        "Dst Port": "44302",
        "Protocol": "6",
        "Timestamp": "24/01/2023 09:43:16 AM",
        "Flow Duration": "1038",
        "Tot Fwd Pkts": "1",
        "Tot Bwd Pkts": "1",
        "TotLen Fwd Pkts": "0.0",
        "TotLen Bwd Pkts": "0.0",
        "Fwd Pkt Len Max": "0.0",
        "Fwd Pkt Len Min": "0.0",
        "Fwd Pkt Len Mean": "0.0",
        "Fwd Pkt Len Std": "0.0",
        "Bwd Pkt Len Max": "0.0",
        "Bwd Pkt Len Min": "0.0",
        "Bwd Pkt Len Mean": "0.0",
        "Bwd Pkt Len Std": "0.0",
        "Flow Byts/s": "0.0",
        "Flow Pkts/s": "1926.7822736030828",
        "Flow IAT Mean": "1038.0",
        "Flow IAT Std": "0.0",
        "Flow IAT Max": "1038.0",
        "Flow IAT Min": "1038.0",
        "Fwd IAT Tot": "0",
        "Fwd IAT Mean": "0",
        "Fwd IAT Std": "0",
        "Fwd IAT Max": "0",
        "Fwd IAT Min": "0",
        "Bwd IAT Tot": "0",
        "Bwd IAT Mean": "0",
        "Bwd IAT Std": "0",
        "Bwd IAT Max": "0",
        "Bwd IAT Min": "0",
        "Fwd PSH Flags": "0",
        "Bwd PSH Flags": "0",
        "Fwd URG Flags": "0",
        "Bwd URG Flags": "0",
        "Fwd Header Len": "20",
        "Bwd Header Len": "20",
        "Fwd Pkts/s": "963.3911368015414",
        "Bwd Pkts/s": "963.3911368015414",
        "Pkt Len Min": "0.0",
        "Pkt Len Max": "0.0",
        "Pkt Len Mean": "0.0",
        "Pkt Len Std": "0.0",
        "Pkt Len Var": "0.0",
        "FIN Flag Cnt": "0",
        "SYN Flag Cnt": "0",
        "RST Flag Cnt": "1",
        "PSH Flag Cnt": "0",
        "ACK Flag Cnt": "0",
        "URG Flag Cnt": "0",
        "CWE Flag Count": "0",
        "ECE Flag Cnt": "0",
        "Down/Up Ratio": "1.0",
        "Pkt Size Avg": "0.0",
        "Fwd Seg Size Avg": "0.0",
        "Bwd Seg Size Avg": "0.0",
        "Fwd Byts/b Avg": "0",
        "Fwd Pkts/b Avg": "0",
        "Fwd Blk Rate Avg": "0",
        "Bwd Byts/b Avg": "0",
        "Bwd Pkts/b Avg": "0",
        "Bwd Blk Rate Avg": "0",
        "Subflow Fwd Pkts": "1",
        "Subflow Fwd Byts": "0",
        "Subflow Bwd Pkts": "1",
        "Subflow Bwd Byts": "0",
        "Init Fwd Win Byts": "-1",
        "Init Bwd Win Byts": "0",
        "Fwd Act Data Pkts": "0",
        "Fwd Seg Size Min": "0",
        "Active Mean": "0",
        "Active Std": "0",
        "Active Max": "0",
        "Active Min": "0",
        "Idle Mean": "0",
        "Idle Std": "0",
        "Idle Max": "0",
        "Idle Min": "0",
        "Label": "No Label"
    },
    {
        "Flow ID": "192.168.3.22-200.147.253.13-44318-443-6",
        "Src IP": "200.147.253.13",
        "Src Port": "443",
        "Dst IP": "192.168.3.22",
        "Dst Port": "44318",
        "Protocol": "6",
        "Timestamp": "24/01/2023 09:43:17 AM",
        "Flow Duration": "249",
        "Tot Fwd Pkts": "1",
        "Tot Bwd Pkts": "1",
        "TotLen Fwd Pkts": "0.0",
        "TotLen Bwd Pkts": "0.0",
        "Fwd Pkt Len Max": "0.0",
        "Fwd Pkt Len Min": "0.0",
        "Fwd Pkt Len Mean": "0.0",
        "Fwd Pkt Len Std": "0.0",
        "Bwd Pkt Len Max": "0.0",
        "Bwd Pkt Len Min": "0.0",
        "Bwd Pkt Len Mean": "0.0",
        "Bwd Pkt Len Std": "0.0",
        "Flow Byts/s": "0.0",
        "Flow Pkts/s": "8032.128514056226",
        "Flow IAT Mean": "249.0",
        "Flow IAT Std": "0.0",
        "Flow IAT Max": "249.0",
        "Flow IAT Min": "249.0",
        "Fwd IAT Tot": "0",
        "Fwd IAT Mean": "0",
        "Fwd IAT Std": "0",
        "Fwd IAT Max": "0",
        "Fwd IAT Min": "0",
        "Bwd IAT Tot": "0",
        "Bwd IAT Mean": "0",
        "Bwd IAT Std": "0",
        "Bwd IAT Max": "0",
        "Bwd IAT Min": "0",
        "Fwd PSH Flags": "0",
        "Bwd PSH Flags": "0",
        "Fwd URG Flags": "0",
        "Bwd URG Flags": "0",
        "Fwd Header Len": "20",
        "Bwd Header Len": "20",
        "Fwd Pkts/s": "4016.064257028113",
        "Bwd Pkts/s": "4016.064257028113",
        "Pkt Len Min": "0.0",
        "Pkt Len Max": "0.0",
        "Pkt Len Mean": "0.0",
        "Pkt Len Std": "0.0",
        "Pkt Len Var": "0.0",
        "FIN Flag Cnt": "0",
        "SYN Flag Cnt": "0",
        "RST Flag Cnt": "1",
        "PSH Flag Cnt": "0",
        "ACK Flag Cnt": "0",
        "URG Flag Cnt": "0",
        "CWE Flag Count": "0",
        "ECE Flag Cnt": "0",
        "Down/Up Ratio": "1.0",
        "Pkt Size Avg": "0.0",
        "Fwd Seg Size Avg": "0.0",
        "Bwd Seg Size Avg": "0.0",
        "Fwd Byts/b Avg": "0",
        "Fwd Pkts/b Avg": "0",
        "Fwd Blk Rate Avg": "0",
        "Bwd Byts/b Avg": "0",
        "Bwd Pkts/b Avg": "0",
        "Bwd Blk Rate Avg": "0",
        "Subflow Fwd Pkts": "1",
        "Subflow Fwd Byts": "0",
        "Subflow Bwd Pkts": "1",
        "Subflow Bwd Byts": "0",
        "Init Fwd Win Byts": "-1",
        "Init Bwd Win Byts": "0",
        "Fwd Act Data Pkts": "0",
        "Fwd Seg Size Min": "0",
        "Active Mean": "0",
        "Active Std": "0",
        "Active Max": "0",
        "Active Min": "0",
        "Idle Mean": "0",
        "Idle Std": "0",
        "Idle Max": "0",
        "Idle Min": "0",
        "Label": "No Label"
    },
    {
        "Flow ID": "192.168.3.22-200.133.23.98-50735-443-17",
        "Src IP": "192.168.3.22",
        "Src Port": "50735",
        "Dst IP": "200.133.23.98",
        "Dst Port": "443",
        "Protocol": "17",
        "Timestamp": "24/01/2023 09:43:18 AM",
        "Flow Duration": "35320",
        "Tot Fwd Pkts": "12",
        "Tot Bwd Pkts": "44",
        "TotLen Fwd Pkts": "731.0",
        "TotLen Bwd Pkts": "48818.0",
        "Fwd Pkt Len Max": "355.0",
        "Fwd Pkt Len Min": "31.0",
        "Fwd Pkt Len Mean": "60.916666666666664",
        "Fwd Pkt Len Std": "92.62873924076335",
        "Bwd Pkt Len Max": "1232.0",
        "Bwd Pkt Len Min": "48.0",
        "Bwd Pkt Len Mean": "1109.5",
        "Bwd Pkt Len Std": "340.37520337087926",
        "Flow Byts/s": "1402859.5696489243",
        "Flow Pkts/s": "1585.5039637599095",
        "Flow IAT Mean": "642.181818181818",
        "Flow IAT Std": "2426.415082279854",
        "Flow IAT Max": "13674.0",
        "Flow IAT Min": "1.0",
        "Fwd IAT Tot": "19213.0",
        "Fwd IAT Mean": "1746.6363636363637",
        "Fwd IAT Std": "3621.679369373475",
        "Fwd IAT Max": "12621.0",
        "Fwd IAT Min": "254.0",
        "Bwd IAT Tot": "35320.0",
        "Bwd IAT Mean": "821.395348837209",
        "Bwd IAT Std": "2979.5981603432215",
        "Bwd IAT Max": "14420.0",
        "Bwd IAT Min": "1.0",
        "Fwd PSH Flags": "0",
        "Bwd PSH Flags": "0",
        "Fwd URG Flags": "0",
        "Bwd URG Flags": "0",
        "Fwd Header Len": "96",
        "Bwd Header Len": "352",
        "Fwd Pkts/s": "339.7508493771235",
        "Bwd Pkts/s": "1245.753114382786",
        "Pkt Len Min": "31.0",
        "Pkt Len Max": "1232.0",
        "Pkt Len Mean": "875.4912280701755",
        "Pkt Len Std": "529.8236944900707",
        "Pkt Len Var": "280713.1472431078",
        "FIN Flag Cnt": "0",
        "SYN Flag Cnt": "0",
        "RST Flag Cnt": "0",
        "PSH Flag Cnt": "0",
        "ACK Flag Cnt": "0",
        "URG Flag Cnt": "0",
        "CWE Flag Count": "0",
        "ECE Flag Cnt": "0",
        "Down/Up Ratio": "3.0",
        "Pkt Size Avg": "891.125",
        "Fwd Seg Size Avg": "60.916666666666664",
        "Bwd Seg Size Avg": "1109.5",
        "Fwd Byts/b Avg": "0",
        "Fwd Pkts/b Avg": "0",
        "Fwd Blk Rate Avg": "0",
        "Bwd Byts/b Avg": "0",
        "Bwd Pkts/b Avg": "0",
        "Bwd Blk Rate Avg": "0",
        "Subflow Fwd Pkts": "12",
        "Subflow Fwd Byts": "731",
        "Subflow Bwd Pkts": "44",
        "Subflow Bwd Byts": "48818",
        "Init Fwd Win Byts": "-1",
        "Init Bwd Win Byts": "-1",
        "Fwd Act Data Pkts": "12",
        "Fwd Seg Size Min": "0",
        "Active Mean": "0",
        "Active Std": "0",
        "Active Max": "0",
        "Active Min": "0",
        "Idle Mean": "0",
        "Idle Std": "0",
        "Idle Max": "0",
        "Idle Min": "0",
        "Label": "No Label"
    },
    {
        "Flow ID": "192.168.3.22-31.13.85.51-59314-443-17",
        "Src IP": "192.168.3.22",
        "Src Port": "59314",
        "Dst IP": "31.13.85.51",
        "Dst Port": "443",
        "Protocol": "17",
        "Timestamp": "24/01/2023 09:43:18 AM",
        "Flow Duration": "145253",
        "Tot Fwd Pkts": "7",
        "Tot Bwd Pkts": "20",
        "TotLen Fwd Pkts": "876.0",
        "TotLen Bwd Pkts": "11895.0",
        "Fwd Pkt Len Max": "303.0",
        "Fwd Pkt Len Min": "34.0",
        "Fwd Pkt Len Mean": "125.14285714285715",
        "Fwd Pkt Len Std": "125.52878630209165",
        "Bwd Pkt Len Max": "1357.0",
        "Bwd Pkt Len Min": "43.0",
        "Bwd Pkt Len Mean": "594.75",
        "Bwd Pkt Len Std": "561.1872635198006",
        "Flow Byts/s": "87922.45254831226",
        "Flow Pkts/s": "185.88256352708723",
        "Flow IAT Mean": "5586.653846153846",
        "Flow IAT Std": "10590.219827528823",
        "Flow IAT Max": "32867.0",
        "Flow IAT Min": "0.0",
        "Fwd IAT Tot": "114319.0",
        "Fwd IAT Mean": "19053.166666666668",
        "Fwd IAT Std": "12303.415565064308",
        "Fwd IAT Max": "32867.0",
        "Fwd IAT Min": "332.0",
        "Bwd IAT Tot": "145253.0",
        "Bwd IAT Mean": "7644.894736842105",
        "Bwd IAT Std": "16255.619728760941",
        "Bwd IAT Max": "50232.0",
        "Bwd IAT Min": "0.0",
        "Fwd PSH Flags": "0",
        "Bwd PSH Flags": "0",
        "Fwd URG Flags": "0",
        "Bwd URG Flags": "0",
        "Fwd Header Len": "56",
        "Bwd Header Len": "160",
        "Fwd Pkts/s": "48.19177572924484",
        "Bwd Pkts/s": "137.6907877978424",
        "Pkt Len Min": "34.0",
        "Pkt Len Max": "1357.0",
        "Pkt Len Mean": "504.5714285714286",
        "Pkt Len Std": "543.4893047141078",
        "Pkt Len Var": "295380.62433862436",
        "FIN Flag Cnt": "0",
        "SYN Flag Cnt": "0",
        "RST Flag Cnt": "0",
        "PSH Flag Cnt": "0",
        "ACK Flag Cnt": "0",
        "URG Flag Cnt": "0",
        "CWE Flag Count": "0",
        "ECE Flag Cnt": "0",
        "Down/Up Ratio": "2.0",
        "Pkt Size Avg": "523.2592592592592",
        "Fwd Seg Size Avg": "125.14285714285714",
        "Bwd Seg Size Avg": "594.75",
        "Fwd Byts/b Avg": "0",
        "Fwd Pkts/b Avg": "0",
        "Fwd Blk Rate Avg": "0",
        "Bwd Byts/b Avg": "0",
        "Bwd Pkts/b Avg": "0",
        "Bwd Blk Rate Avg": "0",
        "Subflow Fwd Pkts": "7",
        "Subflow Fwd Byts": "876",
        "Subflow Bwd Pkts": "20",
        "Subflow Bwd Byts": "11895",
        "Init Fwd Win Byts": "-1",
        "Init Bwd Win Byts": "-1",
        "Fwd Act Data Pkts": "7",
        "Fwd Seg Size Min": "0",
        "Active Mean": "0",
        "Active Std": "0",
        "Active Max": "0",
        "Active Min": "0",
        "Idle Mean": "0",
        "Idle Std": "0",
        "Idle Max": "0",
        "Idle Min": "0",
        "Label": "No Label"
    },
    {
        "Flow ID": "192.168.3.1-192.168.3.22-53-55463-17",
        "Src IP": "192.168.3.22",
        "Src Port": "55463",
        "Dst IP": "192.168.3.1",
        "Dst Port": "53",
        "Protocol": "17",
        "Timestamp": "24/01/2023 09:43:18 AM",
        "Flow Duration": "3766",
        "Tot Fwd Pkts": "0",
        "Tot Bwd Pkts": "2",
        "TotLen Fwd Pkts": "0.0",
        "TotLen Bwd Pkts": "109.0",
        "Fwd Pkt Len Max": "0",
        "Fwd Pkt Len Min": "0",
        "Fwd Pkt Len Mean": "0",
        "Fwd Pkt Len Std": "0",
        "Bwd Pkt Len Max": "75.0",
        "Bwd Pkt Len Min": "34.0",
        "Bwd Pkt Len Mean": "54.5",
        "Bwd Pkt Len Std": "28.991378028648448",
        "Flow Byts/s": "28943.175783324485",
        "Flow Pkts/s": "531.0674455655868",
        "Flow IAT Mean": "3766.0",
        "Flow IAT Std": "0.0",
        "Flow IAT Max": "3766.0",
        "Flow IAT Min": "3766.0",
        "Fwd IAT Tot": "0",
        "Fwd IAT Mean": "0",
        "Fwd IAT Std": "0",
        "Fwd IAT Max": "0",
        "Fwd IAT Min": "0",
        "Bwd IAT Tot": "3766.0",
        "Bwd IAT Mean": "3766.0",
        "Bwd IAT Std": "0.0",
        "Bwd IAT Max": "3766.0",
        "Bwd IAT Min": "3766.0",
        "Fwd PSH Flags": "0",
        "Bwd PSH Flags": "0",
        "Fwd URG Flags": "0",
        "Bwd URG Flags": "0",
        "Fwd Header Len": "0",
        "Bwd Header Len": "16",
        "Fwd Pkts/s": "0.0",
        "Bwd Pkts/s": "531.0674455655868",
        "Pkt Len Min": "34.0",
        "Pkt Len Max": "75.0",
        "Pkt Len Mean": "47.666666666666664",
        "Pkt Len Std": "23.671361036774655",
        "Pkt Len Var": "560.3333333333333",
        "FIN Flag Cnt": "0",
        "SYN Flag Cnt": "0",
        "RST Flag Cnt": "0",
        "PSH Flag Cnt": "0",
        "ACK Flag Cnt": "0",
        "URG Flag Cnt": "0",
        "CWE Flag Count": "0",
        "ECE Flag Cnt": "0",
        "Down/Up Ratio": "0.0",
        "Pkt Size Avg": "71.5",
        "Fwd Seg Size Avg": "0.0",
        "Bwd Seg Size Avg": "54.5",
        "Fwd Byts/b Avg": "0",
        "Fwd Pkts/b Avg": "0",
        "Fwd Blk Rate Avg": "0",
        "Bwd Byts/b Avg": "0",
        "Bwd Pkts/b Avg": "0",
        "Bwd Blk Rate Avg": "0",
        "Subflow Fwd Pkts": "0",
        "Subflow Fwd Byts": "0",
        "Subflow Bwd Pkts": "2",
        "Subflow Bwd Byts": "109",
        "Init Fwd Win Byts": "-1",
        "Init Bwd Win Byts": "-1",
        "Fwd Act Data Pkts": "0",
        "Fwd Seg Size Min": "0",
        "Active Mean": "0",
        "Active Std": "0",
        "Active Max": "0",
        "Active Min": "0",
        "Idle Mean": "0",
        "Idle Std": "0",
        "Idle Max": "0",
        "Idle Min": "0",
        "Label": "No Label"
    }
]