[
    {
        "Flow ID": "192.168.3.22-200.147.253.13-47738-443-6",
        "Src IP": "200.147.253.13",
        "Src Port": "443",
        "Dst IP": "192.168.3.22",
        "Dst Port": "47738",
        "Protocol": "6",
        "Timestamp": "24/01/2023 09:42:29 AM",
        "Flow Duration": "504244",
        "Tot Fwd Pkts": "105",
        "Tot Bwd Pkts": "65",
        "TotLen Fwd Pkts": "185106.0",
        "TotLen Bwd Pkts": "5600.0",
        "Fwd Pkt Len Max": "5600.0",
        "Fwd Pkt Len Min": "1013.0",
        "Fwd Pkt Len Mean": "1762.9142857142851",
        "Fwd Pkt Len Std": "779.7978425686525",
        "Bwd Pkt Len Max": "5600.0",
        "Bwd Pkt Len Min": "0.0",
        "Bwd Pkt Len Mean": "86.15384615384616",
        "Bwd Pkt Len Std": "694.5945136995674",
        "Flow Byts/s": "378201.82292699564",
        "Flow Pkts/s": "337.13836951951833",
        "Flow IAT Mean": "2983.69230769231",
        "Flow IAT Std": "9167.419704999822",
        "Flow IAT Max": "43648.0",
        "Flow IAT Min": "7.0",
        "Fwd IAT Tot": "503993.0",
        "Fwd IAT Mean": "4846.086538461539",
        "Fwd IAT Std": "11327.478068846807",
        "Fwd IAT Max": "43648.0",
        "Fwd IAT Min": "49.0",
        "Bwd IAT Tot": "503165.0",
        "Bwd IAT Mean": "7861.953124999999",
        "Bwd IAT Std": "14129.71561114151",
        "Bwd IAT Max": "43848.0",
        "Bwd IAT Min": "29.0",
        "Fwd PSH Flags": "0",
        "Bwd PSH Flags": "0",
        "Fwd URG Flags": "0",
        "Bwd URG Flags": "0",
        "Fwd Header Len": "3360",
        "Bwd Header Len": "2080",
        "Fwd Pkts/s": "208.2325223502907",
        "Bwd Pkts/s": "128.9058471692276",
        "Pkt Len Min": "0.0",
        "Pkt Len Max": "5600.0",
        "Pkt Len Mean": "1147.9883040935679",
        "Pkt Len Std": "1155.3706458423485",
        "Pkt Len Var": "1334881.3292741654",
        "FIN Flag Cnt": "0",
        "SYN Flag Cnt": "0",
        "RST Flag Cnt": "0",
        "PSH Flag Cnt": "0",
        "ACK Flag Cnt": "1",
        "URG Flag Cnt": "0",
        "CWE Flag Count": "0",
        "ECE Flag Cnt": "0",
        "Down/Up Ratio": "0.0",
        "Pkt Size Avg": "1154.7411764705882",
        "Fwd Seg Size Avg": "1762.9142857142858",
        "Bwd Seg Size Avg": "86.15384615384616",
        "Fwd Byts/b Avg": "0",
        "Fwd Pkts/b Avg": "0",
        "Fwd Blk Rate Avg": "0",
        "Bwd Byts/b Avg": "0",
        "Bwd Pkts/b Avg": "0",
        "Bwd Blk Rate Avg": "0",
        "Subflow Fwd Pkts": "105",
        "Subflow Fwd Byts": "185106",
        "Subflow Bwd Pkts": "65",
        "Subflow Bwd Byts": "5600",
        "Init Fwd Win Byts": "-1",
        "Init Bwd Win Byts": "1683",
        "Fwd Act Data Pkts": "105",
        "Fwd Seg Size Min": "0",
        "Active Mean": "0",
        "Active Std": "0",
        "Active Max": "0",
        "Active Min": "0",
        "Idle Mean": "0",
        "Idle Std": "0",
        "Idle Max": "0",
        "Idle Min": "0",
        "Label": "No Label"
    },
    {
        "Flow ID": "192.168.3.22-200.147.253.13-47738-443-6",
        "Src IP": "192.168.3.22",
        "Src Port": "47738",
        "Dst IP": "200.147.253.13",
        "Dst Port": "443",
        "Protocol": "6",
        "Timestamp": "24/01/2023 09:42:30 AM",
        "Flow Duration": "387",
        "Tot Fwd Pkts": "2",
        "Tot Bwd Pkts": "1",
        "TotLen Fwd Pkts": "31.0",
        "TotLen Bwd Pkts": "0.0",
        "Fwd Pkt Len Max": "31.0",
        "Fwd Pkt Len Min": "0.0",
        "Fwd Pkt Len Mean": "15.5",
        "Fwd Pkt Len Std": "21.920310216782973",
        "Bwd Pkt Len Max": "0.0",
        "Bwd Pkt Len Min": "0.0",
        "Bwd Pkt Len Mean": "0.0",
        "Bwd Pkt Len Std": "0.0",
        "Flow Byts/s": "80103.35917312662",
        "Flow Pkts/s": "7751.937984496125",
        "Flow IAT Mean": "193.5",
        "Flow IAT Std": "208.59650045003153",
        "Flow IAT Max": "341.0",
        "Flow IAT Min": "46.0",
        "Fwd IAT Tot": "46.0",
        "Fwd IAT Mean": "46.0",
        "Fwd IAT Std": "0.0",
        "Fwd IAT Max": "46.0",
        "Fwd IAT Min": "46.0",
        "Bwd IAT Tot": "0",
        "Bwd IAT Mean": "0",
        "Bwd IAT Std": "0",
        "Bwd IAT Max": "0",
        "Bwd IAT Min": "0",
        "Fwd PSH Flags": "0",
        "Bwd PSH Flags": "0",
        "Fwd URG Flags": "0",
        "Bwd URG Flags": "0",
        "Fwd Header Len": "64",
        "Bwd Header Len": "32",
        "Fwd Pkts/s": "5167.958656330749",
        "Bwd Pkts/s": "2583.9793281653747",
        "Pkt Len Min": "0.0",
        "Pkt Len Max": "31.0",
        "Pkt Len Mean": "7.75",
        "Pkt Len Std": "15.500000000000002",
        "Pkt Len Var": "240.25000000000003",
        "FIN Flag Cnt": "0",
        "SYN Flag Cnt": "0",
        "RST Flag Cnt": "0",
        "PSH Flag Cnt": "0",
        "ACK Flag Cnt": "1",
        "URG Flag Cnt": "0",
        "CWE Flag Count": "0",
        "ECE Flag Cnt": "0",
        "Down/Up Ratio": "0.0",
        "Pkt Size Avg": "10.333333333333334",
        "Fwd Seg Size Avg": "15.5",
        "Bwd Seg Size Avg": "0.0",
        "Fwd Byts/b Avg": "0",
        "Fwd Pkts/b Avg": "0",
        "Fwd Blk Rate Avg": "0",
        "Bwd Byts/b Avg": "0",
        "Bwd Pkts/b Avg": "0",
        "Bwd Blk Rate Avg": "0",
        "Subflow Fwd Pkts": "2",
        "Subflow Fwd Byts": "31",
        "Subflow Bwd Pkts": "1",
        "Subflow Bwd Byts": "0",
        "Init Fwd Win Byts": "-1",
        "Init Bwd Win Byts": "1667",
        "Fwd Act Data Pkts": "1",
        "Fwd Seg Size Min": "0",
        "Active Mean": "0",
        "Active Std": "0",
        "Active Max": "0",
        "Active Min": "0",
        "Idle Mean": "0",
        "Idle Std": "0",
        "Idle Max": "0",
        "Idle Min": "0",
        "Label": "No Label"
    },
    {
        "Flow ID": "142.251.128.67-192.168.3.22-443-38322-6",
        "Src IP": "192.168.3.22",
        "Src Port": "38322",
        "Dst IP": "142.251.128.67",
        "Dst Port": "443",
        "Protocol": "6",
        "Timestamp": "24/01/2023 09:42:32 AM",
        "Flow Duration": "206",
        "Tot Fwd Pkts": "1",
        "Tot Bwd Pkts": "1",
        "TotLen Fwd Pkts": "24.0",
        "TotLen Bwd Pkts": "39.0",
        "Fwd Pkt Len Max": "24.0",
        "Fwd Pkt Len Min": "24.0",
        "Fwd Pkt Len Mean": "24.0",
        "Fwd Pkt Len Std": "0.0",
        "Bwd Pkt Len Max": "39.0",
        "Bwd Pkt Len Min": "39.0",
        "Bwd Pkt Len Mean": "39.0",
        "Bwd Pkt Len Std": "0.0",
        "Flow Byts/s": "305825.2427184466",
        "Flow Pkts/s": "9708.73786407767",
        "Flow IAT Mean": "206.0",
        "Flow IAT Std": "0.0",
        "Flow IAT Max": "206.0",
        "Flow IAT Min": "206.0",
        "Fwd IAT Tot": "0",
        "Fwd IAT Mean": "0",
        "Fwd IAT Std": "0",
        "Fwd IAT Max": "0",
        "Fwd IAT Min": "0",
        "Bwd IAT Tot": "0",
        "Bwd IAT Mean": "0",
        "Bwd IAT Std": "0",
        "Bwd IAT Max": "0",
        "Bwd IAT Min": "0",
        "Fwd PSH Flags": "0",
        "Bwd PSH Flags": "1",
        "Fwd URG Flags": "0",
        "Bwd URG Flags": "0",
        "Fwd Header Len": "32",
        "Bwd Header Len": "32",
        "Fwd Pkts/s": "4854.368932038835",
        "Bwd Pkts/s": "4854.368932038835",
        "Pkt Len Min": "24.0",
        "Pkt Len Max": "39.0",
        "Pkt Len Mean": "34.0",
        "Pkt Len Std": "8.660254037844387",
        "Pkt Len Var": "75.0",
        "FIN Flag Cnt": "0",
        "SYN Flag Cnt": "0",
        "RST Flag Cnt": "0",
        "PSH Flag Cnt": "1",
        "ACK Flag Cnt": "1",
        "URG Flag Cnt": "0",
        "CWE Flag Count": "0",
        "ECE Flag Cnt": "0",
        "Down/Up Ratio": "1.0",
        "Pkt Size Avg": "51.0",
        "Fwd Seg Size Avg": "24.0",
        "Bwd Seg Size Avg": "39.0",
        "Fwd Byts/b Avg": "0",
        "Fwd Pkts/b Avg": "0",
        "Fwd Blk Rate Avg": "0",
        "Bwd Byts/b Avg": "0",
        "Bwd Pkts/b Avg": "0",
        "Bwd Blk Rate Avg": "0",
        "Subflow Fwd Pkts": "1",
        "Subflow Fwd Byts": "24",
        "Subflow Bwd Pkts": "1",
        "Subflow Bwd Byts": "39",
        "Init Fwd Win Byts": "-1",
        "Init Bwd Win Byts": "3923",
        "Fwd Act Data Pkts": "1",
        "Fwd Seg Size Min": "0",
        "Active Mean": "0",
        "Active Std": "0",
        "Active Max": "0",
        "Active Min": "0",
        "Idle Mean": "0",
        "Idle Std": "0",
        "Idle Max": "0",
        "Idle Min": "0",
        "Label": "No Label"
    },
    {
        "Flow ID": "142.251.128.67-192.168.3.22-443-38322-6",
        "Src IP": "142.251.128.67",
        "Src Port": "443",
        "Dst IP": "192.168.3.22",
        "Dst Port": "38322",
        "Protocol": "6",
        "Timestamp": "24/01/2023 09:42:32 AM",
        "Flow Duration": "68",
        "Tot Fwd Pkts": "1",
        "Tot Bwd Pkts": "1",
        "TotLen Fwd Pkts": "0.0",
        "TotLen Bwd Pkts": "0.0",
        "Fwd Pkt Len Max": "0.0",
        "Fwd Pkt Len Min": "0.0",
        "Fwd Pkt Len Mean": "0.0",
        "Fwd Pkt Len Std": "0.0",
        "Bwd Pkt Len Max": "0.0",
        "Bwd Pkt Len Min": "0.0",
        "Bwd Pkt Len Mean": "0.0",
        "Bwd Pkt Len Std": "0.0",
        "Flow Byts/s": "0.0",
        "Flow Pkts/s": "29411.764705882353",
        "Flow IAT Mean": "68.0",
        "Flow IAT Std": "0.0",
        "Flow IAT Max": "68.0",
        "Flow IAT Min": "68.0",
        "Fwd IAT Tot": "0",
        "Fwd IAT Mean": "0",
        "Fwd IAT Std": "0",
        "Fwd IAT Max": "0",
        "Fwd IAT Min": "0",
        "Bwd IAT Tot": "0",
        "Bwd IAT Mean": "0",
        "Bwd IAT Std": "0",
        "Bwd IAT Max": "0",
        "Bwd IAT Min": "0",
        "Fwd PSH Flags": "0",
        "Bwd PSH Flags": "0",
        "Fwd URG Flags": "0",
        "Bwd URG Flags": "0",
        "Fwd Header Len": "32",
        "Bwd Header Len": "32",
        "Fwd Pkts/s": "14705.882352941177",
        "Bwd Pkts/s": "14705.882352941177",
        "Pkt Len Min": "0.0",
        "Pkt Len Max": "0.0",
        "Pkt Len Mean": "0.0",
        "Pkt Len Std": "0.0",
        "Pkt Len Var": "0.0",
        "FIN Flag Cnt": "0",
        "SYN Flag Cnt": "0",
        "RST Flag Cnt": "0",
        "PSH Flag Cnt": "0",
        "ACK Flag Cnt": "1",
        "URG Flag Cnt": "0",
        "CWE Flag Count": "0",
        "ECE Flag Cnt": "0",
        "Down/Up Ratio": "1.0",
        "Pkt Size Avg": "0.0",
        "Fwd Seg Size Avg": "0.0",
        "Bwd Seg Size Avg": "0.0",
        "Fwd Byts/b Avg": "0",
        "Fwd Pkts/b Avg": "0",
        "Fwd Blk Rate Avg": "0",
        "Bwd Byts/b Avg": "0",
        "Bwd Pkts/b Avg": "0",
        "Bwd Blk Rate Avg": "0",
        "Subflow Fwd Pkts": "1",
        "Subflow Fwd Byts": "0",
        "Subflow Bwd Pkts": "1",
        "Subflow Bwd Byts": "0",
        "Init Fwd Win Byts": "-1",
        "Init Bwd Win Byts": "269",
        "Fwd Act Data Pkts": "0",
        "Fwd Seg Size Min": "0",
        "Active Mean": "0",
        "Active Std": "0",
        "Active Max": "0",
        "Active Min": "0",
        "Idle Mean": "0",
        "Idle Std": "0",
        "Idle Max": "0",
        "Idle Min": "0",
        "Label": "No Label"
    },
    {
        "Flow ID": "192.168.3.22-216.239.32.116-54705-443-17",
        "Src IP": "192.168.3.22",
        "Src Port": "54705",
        "Dst IP": "216.239.32.116",
        "Dst Port": "443",
        "Protocol": "17",
        "Timestamp": "24/01/2023 09:42:31 AM",
        "Flow Duration": "449015",
        "Tot Fwd Pkts": "17",
        "Tot Bwd Pkts": "17",
        "TotLen Fwd Pkts": "2529.0",
        "TotLen Bwd Pkts": "6131.0",
        "Fwd Pkt Len Max": "1246.0",
        "Fwd Pkt Len Min": "33.0",
        "Fwd Pkt Len Mean": "148.76470588235293",
        "Fwd Pkt Len Std": "304.8100903455635",
        "Bwd Pkt Len Max": "1250.0",
        "Bwd Pkt Len Min": "25.0",
        "Bwd Pkt Len Mean": "360.64705882352933",
        "Bwd Pkt Len Std": "490.65580364147206",
        "Flow Byts/s": "19286.66080197766",
        "Flow Pkts/s": "75.72130107012015",
        "Flow IAT Mean": "13606.515151515154",
        "Flow IAT Std": "23932.467818479894",
        "Flow IAT Max": "97340.0",
        "Flow IAT Min": "4.0",
        "Fwd IAT Tot": "414587.0",
        "Fwd IAT Mean": "25911.687499999996",
        "Fwd IAT Std": "34341.97547165616",
        "Fwd IAT Max": "97540.0",
        "Fwd IAT Min": "56.0",
        "Bwd IAT Tot": "449015.0",
        "Bwd IAT Mean": "28063.437500000004",
        "Bwd IAT Std": "30953.383560808015",
        "Bwd IAT Max": "97587.0",
        "Bwd IAT Min": "4.0",
        "Fwd PSH Flags": "0",
        "Bwd PSH Flags": "0",
        "Fwd URG Flags": "0",
        "Bwd URG Flags": "0",
        "Fwd Header Len": "136",
        "Bwd Header Len": "136",
        "Fwd Pkts/s": "37.860650535060074",
        "Bwd Pkts/s": "37.860650535060074",
        "Pkt Len Min": "25.0",
        "Pkt Len Max": "1250.0",
        "Pkt Len Mean": "283.1428571428572",
        "Pkt Len Std": "443.32779950633153",
        "Pkt Len Var": "196539.53781512607",
        "FIN Flag Cnt": "0",
        "SYN Flag Cnt": "0",
        "RST Flag Cnt": "0",
        "PSH Flag Cnt": "0",
        "ACK Flag Cnt": "0",
        "URG Flag Cnt": "0",
        "CWE Flag Count": "0",
        "ECE Flag Cnt": "0",
        "Down/Up Ratio": "1.0",
        "Pkt Size Avg": "291.47058823529414",
        "Fwd Seg Size Avg": "148.76470588235293",
        "Bwd Seg Size Avg": "360.6470588235294",
        "Fwd Byts/b Avg": "0",
        "Fwd Pkts/b Avg": "0",
        "Fwd Blk Rate Avg": "0",
        "Bwd Byts/b Avg": "0",
        "Bwd Pkts/b Avg": "0",
        "Bwd Blk Rate Avg": "0",
        "Subflow Fwd Pkts": "17",
        "Subflow Fwd Byts": "2529",
        "Subflow Bwd Pkts": "17",
        "Subflow Bwd Byts": "6131",
        "Init Fwd Win Byts": "-1",
        "Init Bwd Win Byts": "-1",
        "Fwd Act Data Pkts": "17",
        "Fwd Seg Size Min": "0",
        "Active Mean": "0",
        "Active Std": "0",
        "Active Max": "0",
        "Active Min": "0",
        "Idle Mean": "0",
        "Idle Std": "0",
        "Idle Max": "0",
        "Idle Min": "0",
        "Label": "No Label"
    },
    {
        "Flow ID": "192.168.3.22-31.13.85.51-59566-443-6",
        "Src IP": "31.13.85.51",
        "Src Port": "443",
        "Dst IP": "192.168.3.22",
        "Dst Port": "59566",
        "Protocol": "6",
        "Timestamp": "24/01/2023 09:42:31 AM",
        "Flow Duration": "1514624",
        "Tot Fwd Pkts": "5",
        "Tot Bwd Pkts": "7",
        "TotLen Fwd Pkts": "331.0",
        "TotLen Bwd Pkts": "1048.0",
        "Fwd Pkt Len Max": "259.0",
        "Fwd Pkt Len Min": "0.0",
        "Fwd Pkt Len Mean": "66.2",
        "Fwd Pkt Len Std": "112.1971479138396",
        "Bwd Pkt Len Max": "793.0",
        "Bwd Pkt Len Min": "0.0",
        "Bwd Pkt Len Mean": "149.7142857142857",
        "Bwd Pkt Len Std": "286.9266539760724",
        "Flow Byts/s": "910.4569847037945",
        "Flow Pkts/s": "7.922758387560213",
        "Flow IAT Mean": "137693.09090909094",
        "Flow IAT Std": "230274.6441271616",
        "Flow IAT Max": "790274.0",
        "Flow IAT Min": "16.0",
        "Fwd IAT Tot": "1341721.0",
        "Fwd IAT Mean": "335430.25",
        "Fwd IAT Std": "352046.12811048405",
        "Fwd IAT Max": "835842.0",
        "Fwd IAT Min": "10022.0",
        "Bwd IAT Tot": "1514624.0",
        "Bwd IAT Mean": "252437.33333333334",
        "Bwd IAT Std": "321314.19975448743",
        "Bwd IAT Max": "877056.0",
        "Bwd IAT Min": "37.0",
        "Fwd PSH Flags": "0",
        "Bwd PSH Flags": "1",
        "Fwd URG Flags": "0",
        "Bwd URG Flags": "0",
        "Fwd Header Len": "160",
        "Bwd Header Len": "224",
        "Fwd Pkts/s": "3.301149328150089",
        "Bwd Pkts/s": "4.621609059410124",
        "Pkt Len Min": "0.0",
        "Pkt Len Max": "793.0",
        "Pkt Len Mean": "167.07692307692307",
        "Pkt Len Std": "287.09535626642173",
        "Pkt Len Var": "82423.74358974361",
        "FIN Flag Cnt": "0",
        "SYN Flag Cnt": "0",
        "RST Flag Cnt": "0",
        "PSH Flag Cnt": "1",
        "ACK Flag Cnt": "1",
        "URG Flag Cnt": "0",
        "CWE Flag Count": "0",
        "ECE Flag Cnt": "0",
        "Down/Up Ratio": "1.0",
        "Pkt Size Avg": "181.0",
        "Fwd Seg Size Avg": "66.2",
        "Bwd Seg Size Avg": "149.71428571428572",
        "Fwd Byts/b Avg": "0",
        "Fwd Pkts/b Avg": "0",
        "Fwd Blk Rate Avg": "0",
        "Bwd Byts/b Avg": "0",
        "Bwd Pkts/b Avg": "0",
        "Bwd Blk Rate Avg": "0",
        "Subflow Fwd Pkts": "5",
        "Subflow Fwd Byts": "331",
        "Subflow Bwd Pkts": "7",
        "Subflow Bwd Byts": "1048",
        "Init Fwd Win Byts": "-1",
        "Init Bwd Win Byts": "5880",
        "Fwd Act Data Pkts": "2",
        "Fwd Seg Size Min": "0",
        "Active Mean": "0",
        "Active Std": "0",
        "Active Max": "0",
        "Active Min": "0",
        "Idle Mean": "0",
        "Idle Std": "0",
        "Idle Max": "0",
        "Idle Min": "0",
        "Label": "No Label"
    },
    {
        "Flow ID": "192.168.3.1-192.168.3.22-53-36814-17",
        "Src IP": "192.168.3.22",
        "Src Port": "36814",
        "Dst IP": "192.168.3.1",
        "Dst Port": "53",
        "Protocol": "17",
        "Timestamp": "24/01/2023 09:42:31 AM",
        "Flow Duration": "2958",
        "Tot Fwd Pkts": "0",
        "Tot Bwd Pkts": "2",
        "TotLen Fwd Pkts": "0.0",
        "TotLen Bwd Pkts": "86.0",
        "Fwd Pkt Len Max": "0",
        "Fwd Pkt Len Min": "0",
        "Fwd Pkt Len Mean": "0",
        "Fwd Pkt Len Std": "0",
        "Bwd Pkt Len Max": "51.0",
        "Bwd Pkt Len Min": "35.0",
        "Bwd Pkt Len Mean": "43.0",
        "Bwd Pkt Len Std": "11.313708498984761",
        "Flow Byts/s": "29073.6984448952",
        "Flow Pkts/s": "676.1325219743069",
        "Flow IAT Mean": "2958.0",
        "Flow IAT Std": "0.0",
        "Flow IAT Max": "2958.0",
        "Flow IAT Min": "2958.0",
        "Fwd IAT Tot": "0",
        "Fwd IAT Mean": "0",
        "Fwd IAT Std": "0",
        "Fwd IAT Max": "0",
        "Fwd IAT Min": "0",
        "Bwd IAT Tot": "2958.0",
        "Bwd IAT Mean": "2958.0",
        "Bwd IAT Std": "0.0",
        "Bwd IAT Max": "2958.0",
        "Bwd IAT Min": "2958.0",
        "Fwd PSH Flags": "0",
        "Bwd PSH Flags": "0",
        "Fwd URG Flags": "0",
        "Bwd URG Flags": "0",
        "Fwd Header Len": "0",
        "Bwd Header Len": "16",
        "Fwd Pkts/s": "0.0",
        "Bwd Pkts/s": "676.1325219743069",
        "Pkt Len Min": "35.0",
        "Pkt Len Max": "51.0",
        "Pkt Len Mean": "40.333333333333336",
        "Pkt Len Std": "9.237604307034012",
        "Pkt Len Var": "85.33333333333333",
        "FIN Flag Cnt": "0",
        "SYN Flag Cnt": "0",
        "RST Flag Cnt": "0",
        "PSH Flag Cnt": "0",
        "ACK Flag Cnt": "0",
        "URG Flag Cnt": "0",
        "CWE Flag Count": "0",
        "ECE Flag Cnt": "0",
        "Down/Up Ratio": "0.0",
        "Pkt Size Avg": "60.5",
        "Fwd Seg Size Avg": "0.0",
        "Bwd Seg Size Avg": "43.0",
        "Fwd Byts/b Avg": "0",
        "Fwd Pkts/b Avg": "0",
        "Fwd Blk Rate Avg": "0",
        "Bwd Byts/b Avg": "0",
        "Bwd Pkts/b Avg": "0",
        "Bwd Blk Rate Avg": "0",
        "Subflow Fwd Pkts": "0",
        "Subflow Fwd Byts": "0",
        "Subflow Bwd Pkts": "2",
        "Subflow Bwd Byts": "86",
        "Init Fwd Win Byts": "-1",
        "Init Bwd Win Byts": "-1",
        "Fwd Act Data Pkts": "0",
        "Fwd Seg Size Min": "0",
        "Active Mean": "0",
        "Active Std": "0",
        "Active Max": "0",
        "Active Min": "0",
        "Idle Mean": "0",
        "Idle Std": "0",
        "Idle Max": "0",
        "Idle Min": "0",
        "Label": "No Label"
    },
    {
        "Flow ID": "142.250.218.238-192.168.3.22-443-41003-17",
        "Src IP": "192.168.3.22",
        "Src Port": "41003",
        "Dst IP": "142.250.218.238",
        "Dst Port": "443",
        "Protocol": "17",
        "Timestamp": "24/01/2023 09:42:31 AM",
        "Flow Duration": "166241",
        "Tot Fwd Pkts": "7",
        "Tot Bwd Pkts": "11",
        "TotLen Fwd Pkts": "552.0",
        "TotLen Bwd Pkts": "6780.0",
        "Fwd Pkt Len Max": "252.0",
        "Fwd Pkt Len Min": "33.0",
        "Fwd Pkt Len Mean": "78.85714285714286",
        "Fwd Pkt Len Std": "79.18212881584786",
        "Bwd Pkt Len Max": "1250.0",
        "Bwd Pkt Len Min": "25.0",
        "Bwd Pkt Len Mean": "616.3636363636364",
        "Bwd Pkt Len Std": "557.9012946260785",
        "Flow Byts/s": "44104.64325888319",
        "Flow Pkts/s": "108.27653827876397",
        "Flow IAT Mean": "9778.882352941175",
        "Flow IAT Std": "19963.307422250804",
        "Flow IAT Max": "69662.0",
        "Flow IAT Min": "2.0",
        "Fwd IAT Tot": "166079.0",
        "Fwd IAT Mean": "27679.833333333336",
        "Fwd IAT Std": "43358.379528836944",
        "Fwd IAT Max": "96338.0",
        "Fwd IAT Min": "133.0",
        "Bwd IAT Tot": "141553.0",
        "Bwd IAT Mean": "14155.300000000001",
        "Bwd IAT Std": "24799.088988867672",
        "Bwd IAT Max": "69957.0",
        "Bwd IAT Min": "2.0",
        "Fwd PSH Flags": "0",
        "Bwd PSH Flags": "0",
        "Fwd URG Flags": "0",
        "Bwd URG Flags": "0",
        "Fwd Header Len": "56",
        "Bwd Header Len": "88",
        "Fwd Pkts/s": "42.10754266396376",
        "Bwd Pkts/s": "66.1689956148002",
        "Pkt Len Min": "25.0",
        "Pkt Len Max": "1250.0",
        "Pkt Len Mean": "451.6842105263158",
        "Pkt Len Std": "530.1351036011249",
        "Pkt Len Var": "281043.22807017545",
        "FIN Flag Cnt": "0",
        "SYN Flag Cnt": "0",
        "RST Flag Cnt": "0",
        "PSH Flag Cnt": "0",
        "ACK Flag Cnt": "0",
        "URG Flag Cnt": "0",
        "CWE Flag Count": "0",
        "ECE Flag Cnt": "0",
        "Down/Up Ratio": "1.0",
        "Pkt Size Avg": "476.77777777777777",
        "Fwd Seg Size Avg": "78.85714285714286",
        "Bwd Seg Size Avg": "616.3636363636364",
        "Fwd Byts/b Avg": "0",
        "Fwd Pkts/b Avg": "0",
        "Fwd Blk Rate Avg": "0",
        "Bwd Byts/b Avg": "0",
        "Bwd Pkts/b Avg": "0",
        "Bwd Blk Rate Avg": "0",
        "Subflow Fwd Pkts": "7",
        "Subflow Fwd Byts": "552",
        "Subflow Bwd Pkts": "11",
        "Subflow Bwd Byts": "6780",
        "Init Fwd Win Byts": "-1",
        "Init Bwd Win Byts": "-1",
        "Fwd Act Data Pkts": "7",
        "Fwd Seg Size Min": "0",
        "Active Mean": "0",
        "Active Std": "0",
        "Active Max": "0",
        "Active Min": "0",
        "Idle Mean": "0",
        "Idle Std": "0",
        "Idle Max": "0",
        "Idle Min": "0",
        "Label": "No Label"
    },
    {
        "Flow ID": "142.250.219.234-192.168.3.22-443-60782-17",
        "Src IP": "192.168.3.22",
        "Src Port": "60782",
        "Dst IP": "142.250.219.234",
        "Dst Port": "443",
        "Protocol": "17",
        "Timestamp": "24/01/2023 09:42:32 AM",
        "Flow Duration": "70463",
        "Tot Fwd Pkts": "0",
        "Tot Bwd Pkts": "2",
        "TotLen Fwd Pkts": "0.0",
        "TotLen Bwd Pkts": "58.0",
        "Fwd Pkt Len Max": "0",
        "Fwd Pkt Len Min": "0",
        "Fwd Pkt Len Mean": "0",
        "Fwd Pkt Len Std": "0",
        "Bwd Pkt Len Max": "33.0",
        "Bwd Pkt Len Min": "25.0",
        "Bwd Pkt Len Mean": "29.0",
        "Bwd Pkt Len Std": "5.656854249492381",
        "Flow Byts/s": "823.127031207868",
        "Flow Pkts/s": "28.383690731305794",
        "Flow IAT Mean": "70463.0",
        "Flow IAT Std": "0.0",
        "Flow IAT Max": "70463.0",
        "Flow IAT Min": "70463.0",
        "Fwd IAT Tot": "0",
        "Fwd IAT Mean": "0",
        "Fwd IAT Std": "0",
        "Fwd IAT Max": "0",
        "Fwd IAT Min": "0",
        "Bwd IAT Tot": "70463.0",
        "Bwd IAT Mean": "70463.0",
        "Bwd IAT Std": "0.0",
        "Bwd IAT Max": "70463.0",
        "Bwd IAT Min": "70463.0",
        "Fwd PSH Flags": "0",
        "Bwd PSH Flags": "0",
        "Fwd URG Flags": "0",
        "Bwd URG Flags": "0",
        "Fwd Header Len": "0",
        "Bwd Header Len": "16",
        "Fwd Pkts/s": "0.0",
        "Bwd Pkts/s": "28.383690731305794",
        "Pkt Len Min": "25.0",
        "Pkt Len Max": "33.0",
        "Pkt Len Mean": "30.333333333333332",
        "Pkt Len Std": "4.618802153517006",
        "Pkt Len Var": "21.333333333333332",
        "FIN Flag Cnt": "0",
        "SYN Flag Cnt": "0",
        "RST Flag Cnt": "0",
        "PSH Flag Cnt": "0",
        "ACK Flag Cnt": "0",
        "URG Flag Cnt": "0",
        "CWE Flag Count": "0",
        "ECE Flag Cnt": "0",
        "Down/Up Ratio": "0.0",
        "Pkt Size Avg": "45.5",
        "Fwd Seg Size Avg": "0.0",
        "Bwd Seg Size Avg": "29.0",
        "Fwd Byts/b Avg": "0",
        "Fwd Pkts/b Avg": "0",
        "Fwd Blk Rate Avg": "0",
        "Bwd Byts/b Avg": "0",
        "Bwd Pkts/b Avg": "0",
        "Bwd Blk Rate Avg": "0",
        "Subflow Fwd Pkts": "0",
        "Subflow Fwd Byts": "0",
        "Subflow Bwd Pkts": "2",
        "Subflow Bwd Byts": "58",
        "Init Fwd Win Byts": "-1",
        "Init Bwd Win Byts": "-1",
        "Fwd Act Data Pkts": "0",
        "Fwd Seg Size Min": "0",
        "Active Mean": "0",
        "Active Std": "0",
        "Active Max": "0",
        "Active Min": "0",
        "Idle Mean": "0",
        "Idle Std": "0",
        "Idle Max": "0",
        "Idle Min": "0",
        "Label": "No Label"
    },
    {
        "Flow ID": "192.168.3.22-52.85.213.48-38674-443-6",
        "Src IP": "192.168.3.22",
        "Src Port": "38674",
        "Dst IP": "52.85.213.48",
        "Dst Port": "443",
        "Protocol": "6",
        "Timestamp": "24/01/2023 09:42:33 AM",
        "Flow Duration": "46078",
        "Tot Fwd Pkts": "1",
        "Tot Bwd Pkts": "3",
        "TotLen Fwd Pkts": "0.0",
        "TotLen Bwd Pkts": "78.0",
        "Fwd Pkt Len Max": "0.0",
        "Fwd Pkt Len Min": "0.0",
        "Fwd Pkt Len Mean": "0.0",
        "Fwd Pkt Len Std": "0.0",
        "Bwd Pkt Len Max": "39.0",
        "Bwd Pkt Len Min": "0.0",
        "Bwd Pkt Len Mean": "26.0",
        "Bwd Pkt Len Std": "22.516660498395403",
        "Flow Byts/s": "1692.7818047658318",
        "Flow Pkts/s": "86.80932332132471",
        "Flow IAT Mean": "15359.333333333332",
        "Flow IAT Std": "26564.174602899548",
        "Flow IAT Max": "46033.0",
        "Flow IAT Min": "21.0",
        "Fwd IAT Tot": "0",
        "Fwd IAT Mean": "0",
        "Fwd IAT Std": "0",
        "Fwd IAT Max": "0",
        "Fwd IAT Min": "0",
        "Bwd IAT Tot": "46057.0",
        "Bwd IAT Mean": "23028.5",
        "Bwd IAT Std": "32533.275895611863",
        "Bwd IAT Max": "46033.0",
        "Bwd IAT Min": "24.0",
        "Fwd PSH Flags": "0",
        "Bwd PSH Flags": "1",
        "Fwd URG Flags": "0",
        "Bwd URG Flags": "0",
        "Fwd Header Len": "32",
        "Bwd Header Len": "96",
        "Fwd Pkts/s": "21.702330830331178",
        "Bwd Pkts/s": "65.10699249099353",
        "Pkt Len Min": "0.0",
        "Pkt Len Max": "39.0",
        "Pkt Len Mean": "23.4",
        "Pkt Len Std": "21.361179742701477",
        "Pkt Len Var": "456.29999999999995",
        "FIN Flag Cnt": "0",
        "SYN Flag Cnt": "0",
        "RST Flag Cnt": "0",
        "PSH Flag Cnt": "1",
        "ACK Flag Cnt": "1",
        "URG Flag Cnt": "0",
        "CWE Flag Count": "0",
        "ECE Flag Cnt": "0",
        "Down/Up Ratio": "3.0",
        "Pkt Size Avg": "29.25",
        "Fwd Seg Size Avg": "0.0",
        "Bwd Seg Size Avg": "26.0",
        "Fwd Byts/b Avg": "0",
        "Fwd Pkts/b Avg": "0",
        "Fwd Blk Rate Avg": "0",
        "Bwd Byts/b Avg": "0",
        "Bwd Pkts/b Avg": "0",
        "Bwd Blk Rate Avg": "0",
        "Subflow Fwd Pkts": "1",
        "Subflow Fwd Byts": "0",
        "Subflow Bwd Pkts": "3",
        "Subflow Bwd Byts": "78",
        "Init Fwd Win Byts": "-1",
        "Init Bwd Win Byts": "137",
        "Fwd Act Data Pkts": "0",
        "Fwd Seg Size Min": "0",
        "Active Mean": "0",
        "Active Std": "0",
        "Active Max": "0",
        "Active Min": "0",
        "Idle Mean": "0",
        "Idle Std": "0",
        "Idle Max": "0",
        "Idle Min": "0",
        "Label": "No Label"
    },
    {
        "Flow ID": "192.168.3.1-192.168.3.22-53-42488-17",
        "Src IP": "192.168.3.22",
        "Src Port": "42488",
        "Dst IP": "192.168.3.1",
        "Dst Port": "53",
        "Protocol": "17",
        "Timestamp": "24/01/2023 09:42:31 AM",
        "Flow Duration": "5021",
        "Tot Fwd Pkts": "0",
        "Tot Bwd Pkts": "2",
        "TotLen Fwd Pkts": "0.0",
        "TotLen Bwd Pkts": "84.0",
        "Fwd Pkt Len Max": "0",
        "Fwd Pkt Len Min": "0",
        "Fwd Pkt Len Mean": "0",
        "Fwd Pkt Len Std": "0",
        "Bwd Pkt Len Max": "50.0",
        "Bwd Pkt Len Min": "34.0",
        "Bwd Pkt Len Mean": "42.0",
        "Bwd Pkt Len Std": "11.313708498984761",
        "Flow Byts/s": "16729.735112527385",
        "Flow Pkts/s": "398.32702648874726",
        "Flow IAT Mean": "5021.0",
        "Flow IAT Std": "0.0",
        "Flow IAT Max": "5021.0",
        "Flow IAT Min": "5021.0",
        "Fwd IAT Tot": "0",
        "Fwd IAT Mean": "0",
        "Fwd IAT Std": "0",
        "Fwd IAT Max": "0",
        "Fwd IAT Min": "0",
        "Bwd IAT Tot": "5021.0",
        "Bwd IAT Mean": "5021.0",
        "Bwd IAT Std": "0.0",
        "Bwd IAT Max": "5021.0",
        "Bwd IAT Min": "5021.0",
        "Fwd PSH Flags": "0",
        "Bwd PSH Flags": "0",
        "Fwd URG Flags": "0",
        "Bwd URG Flags": "0",
        "Fwd Header Len": "0",
        "Bwd Header Len": "16",
        "Fwd Pkts/s": "0.0",
        "Bwd Pkts/s": "398.32702648874726",
        "Pkt Len Min": "34.0",
        "Pkt Len Max": "50.0",
        "Pkt Len Mean": "39.333333333333336",
        "Pkt Len Std": "9.237604307034012",
        "Pkt Len Var": "85.33333333333333",
        "FIN Flag Cnt": "0",
        "SYN Flag Cnt": "0",
        "RST Flag Cnt": "0",
        "PSH Flag Cnt": "0",
        "ACK Flag Cnt": "0",
        "URG Flag Cnt": "0",
        "CWE Flag Count": "0",
        "ECE Flag Cnt": "0",
        "Down/Up Ratio": "0.0",
        "Pkt Size Avg": "59.0",
        "Fwd Seg Size Avg": "0.0",
        "Bwd Seg Size Avg": "42.0",
        "Fwd Byts/b Avg": "0",
        "Fwd Pkts/b Avg": "0",
        "Fwd Blk Rate Avg": "0",
        "Bwd Byts/b Avg": "0",
        "Bwd Pkts/b Avg": "0",
        "Bwd Blk Rate Avg": "0",
        "Subflow Fwd Pkts": "0",
        "Subflow Fwd Byts": "0",
        "Subflow Bwd Pkts": "2",
        "Subflow Bwd Byts": "84",
        "Init Fwd Win Byts": "-1",
        "Init Bwd Win Byts": "-1",
        "Fwd Act Data Pkts": "0",
        "Fwd Seg Size Min": "0",
        "Active Mean": "0",
        "Active Std": "0",
        "Active Max": "0",
        "Active Min": "0",
        "Idle Mean": "0",
        "Idle Std": "0",
        "Idle Max": "0",
        "Idle Min": "0",
        "Label": "No Label"
    },
    {
        "Flow ID": "192.168.3.22-34.206.94.76-47132-443-6",
        "Src IP": "192.168.3.22",
        "Src Port": "47132",
        "Dst IP": "34.206.94.76",
        "Dst Port": "443",
        "Protocol": "6",
        "Timestamp": "24/01/2023 09:42:32 AM",
        "Flow Duration": "91834",
        "Tot Fwd Pkts": "1",
        "Tot Bwd Pkts": "2",
        "TotLen Fwd Pkts": "0.0",
        "TotLen Bwd Pkts": "92.0",
        "Fwd Pkt Len Max": "0.0",
        "Fwd Pkt Len Min": "0.0",
        "Fwd Pkt Len Mean": "0.0",
        "Fwd Pkt Len Std": "0.0",
        "Bwd Pkt Len Max": "46.0",
        "Bwd Pkt Len Min": "46.0",
        "Bwd Pkt Len Mean": "46.0",
        "Bwd Pkt Len Std": "0.0",
        "Flow Byts/s": "1001.8076093821461",
        "Flow Pkts/s": "32.66763943637433",
        "Flow IAT Mean": "45917.0",
        "Flow IAT Std": "64891.18930948947",
        "Flow IAT Max": "91802.0",
        "Flow IAT Min": "32.0",
        "Fwd IAT Tot": "0",
        "Fwd IAT Mean": "0",
        "Fwd IAT Std": "0",
        "Fwd IAT Max": "0",
        "Fwd IAT Min": "0",
        "Bwd IAT Tot": "91802.0",
        "Bwd IAT Mean": "91802.0",
        "Bwd IAT Std": "0.0",
        "Bwd IAT Max": "91802.0",
        "Bwd IAT Min": "91802.0",
        "Fwd PSH Flags": "0",
        "Bwd PSH Flags": "1",
        "Fwd URG Flags": "0",
        "Bwd URG Flags": "0",
        "Fwd Header Len": "32",
        "Bwd Header Len": "64",
        "Fwd Pkts/s": "10.88921314545811",
        "Bwd Pkts/s": "21.77842629091622",
        "Pkt Len Min": "0.0",
        "Pkt Len Max": "46.0",
        "Pkt Len Mean": "34.5",
        "Pkt Len Std": "23.0",
        "Pkt Len Var": "529.0",
        "FIN Flag Cnt": "0",
        "SYN Flag Cnt": "0",
        "RST Flag Cnt": "0",
        "PSH Flag Cnt": "1",
        "ACK Flag Cnt": "1",
        "URG Flag Cnt": "0",
        "CWE Flag Count": "0",
        "ECE Flag Cnt": "0",
        "Down/Up Ratio": "2.0",
        "Pkt Size Avg": "46.0",
        "Fwd Seg Size Avg": "0.0",
        "Bwd Seg Size Avg": "46.0",
        "Fwd Byts/b Avg": "0",
        "Fwd Pkts/b Avg": "0",
        "Fwd Blk Rate Avg": "0",
        "Bwd Byts/b Avg": "0",
        "Bwd Pkts/b Avg": "0",
        "Bwd Blk Rate Avg": "0",
        "Subflow Fwd Pkts": "1",
        "Subflow Fwd Byts": "0",
        "Subflow Bwd Pkts": "2",
        "Subflow Bwd Byts": "92",
        "Init Fwd Win Byts": "-1",
        "Init Bwd Win Byts": "170",
        "Fwd Act Data Pkts": "0",
        "Fwd Seg Size Min": "0",
        "Active Mean": "0",
        "Active Std": "0",
        "Active Max": "0",
        "Active Min": "0",
        "Idle Mean": "0",
        "Idle Std": "0",
        "Idle Max": "0",
        "Idle Min": "0",
        "Label": "No Label"
    },
    {
        "Flow ID": "192.168.3.22-193.162.131.1-52278-443-6",
        "Src IP": "192.168.3.22",
        "Src Port": "52278",
        "Dst IP": "193.162.131.1",
        "Dst Port": "443",
        "Protocol": "6",
        "Timestamp": "24/01/2023 09:42:33 AM",
        "Flow Duration": "19839",
        "Tot Fwd Pkts": "1",
        "Tot Bwd Pkts": "2",
        "TotLen Fwd Pkts": "0.0",
        "TotLen Bwd Pkts": "78.0",
        "Fwd Pkt Len Max": "0.0",
        "Fwd Pkt Len Min": "0.0",
        "Fwd Pkt Len Mean": "0.0",
        "Fwd Pkt Len Std": "0.0",
        "Bwd Pkt Len Max": "39.0",
        "Bwd Pkt Len Min": "39.0",
        "Bwd Pkt Len Mean": "39.0",
        "Bwd Pkt Len Std": "0.0",
        "Flow Byts/s": "3931.6497807349165",
        "Flow Pkts/s": "151.21729925903523",
        "Flow IAT Mean": "9919.5",
        "Flow IAT Std": "13981.622384401604",
        "Flow IAT Max": "19806.0",
        "Flow IAT Min": "33.0",
        "Fwd IAT Tot": "0",
        "Fwd IAT Mean": "0",
        "Fwd IAT Std": "0",
        "Fwd IAT Max": "0",
        "Fwd IAT Min": "0",
        "Bwd IAT Tot": "19806.0",
        "Bwd IAT Mean": "19806.0",
        "Bwd IAT Std": "0.0",
        "Bwd IAT Max": "19806.0",
        "Bwd IAT Min": "19806.0",
        "Fwd PSH Flags": "0",
        "Bwd PSH Flags": "1",
        "Fwd URG Flags": "0",
        "Bwd URG Flags": "0",
        "Fwd Header Len": "32",
        "Bwd Header Len": "64",
        "Fwd Pkts/s": "50.405766419678415",
        "Bwd Pkts/s": "100.81153283935683",
        "Pkt Len Min": "0.0",
        "Pkt Len Max": "39.0",
        "Pkt Len Mean": "29.25",
        "Pkt Len Std": "19.5",
        "Pkt Len Var": "380.25",
        "FIN Flag Cnt": "0",
        "SYN Flag Cnt": "0",
        "RST Flag Cnt": "0",
        "PSH Flag Cnt": "1",
        "ACK Flag Cnt": "1",
        "URG Flag Cnt": "0",
        "CWE Flag Count": "0",
        "ECE Flag Cnt": "0",
        "Down/Up Ratio": "2.0",
        "Pkt Size Avg": "39.0",
        "Fwd Seg Size Avg": "0.0",
        "Bwd Seg Size Avg": "39.0",
        "Fwd Byts/b Avg": "0",
        "Fwd Pkts/b Avg": "0",
        "Fwd Blk Rate Avg": "0",
        "Bwd Byts/b Avg": "0",
        "Bwd Pkts/b Avg": "0",
        "Bwd Blk Rate Avg": "0",
        "Subflow Fwd Pkts": "1",
        "Subflow Fwd Byts": "0",
        "Subflow Bwd Pkts": "2",
        "Subflow Bwd Byts": "78",
        "Init Fwd Win Byts": "-1",
        "Init Bwd Win Byts": "139",
        "Fwd Act Data Pkts": "0",
        "Fwd Seg Size Min": "0",
        "Active Mean": "0",
        "Active Std": "0",
        "Active Max": "0",
        "Active Min": "0",
        "Idle Mean": "0",
        "Idle Std": "0",
        "Idle Max": "0",
        "Idle Min": "0",
        "Label": "No Label"
    },
    {
        "Flow ID": "192.168.3.1-192.168.3.22-53-58790-17",
        "Src IP": "192.168.3.22",
        "Src Port": "58790",
        "Dst IP": "192.168.3.1",
        "Dst Port": "53",
        "Protocol": "17",
        "Timestamp": "24/01/2023 09:42:31 AM",
        "Flow Duration": "110939",
        "Tot Fwd Pkts": "0",
        "Tot Bwd Pkts": "2",
        "TotLen Fwd Pkts": "0.0",
        "TotLen Bwd Pkts": "98.0",
        "Fwd Pkt Len Max": "0",
        "Fwd Pkt Len Min": "0",
        "Fwd Pkt Len Mean": "0",
        "Fwd Pkt Len Std": "0",
        "Bwd Pkt Len Max": "63.0",
        "Bwd Pkt Len Min": "35.0",
        "Bwd Pkt Len Mean": "49.0",
        "Bwd Pkt Len Std": "19.79898987322333",
        "Flow Byts/s": "883.3683375548725",
        "Flow Pkts/s": "18.027925256221888",
        "Flow IAT Mean": "110939.0",
        "Flow IAT Std": "0.0",
        "Flow IAT Max": "110939.0",
        "Flow IAT Min": "110939.0",
        "Fwd IAT Tot": "0",
        "Fwd IAT Mean": "0",
        "Fwd IAT Std": "0",
        "Fwd IAT Max": "0",
        "Fwd IAT Min": "0",
        "Bwd IAT Tot": "110939.0",
        "Bwd IAT Mean": "110939.0",
        "Bwd IAT Std": "0.0",
        "Bwd IAT Max": "110939.0",
        "Bwd IAT Min": "110939.0",
        "Fwd PSH Flags": "0",
        "Bwd PSH Flags": "0",
        "Fwd URG Flags": "0",
        "Bwd URG Flags": "0",
        "Fwd Header Len": "0",
        "Bwd Header Len": "16",
        "Fwd Pkts/s": "0.0",
        "Bwd Pkts/s": "18.027925256221888",
        "Pkt Len Min": "35.0",
        "Pkt Len Max": "63.0",
        "Pkt Len Mean": "44.333333333333336",
        "Pkt Len Std": "16.165807537309522",
        "Pkt Len Var": "261.33333333333337",
        "FIN Flag Cnt": "0",
        "SYN Flag Cnt": "0",
        "RST Flag Cnt": "0",
        "PSH Flag Cnt": "0",
        "ACK Flag Cnt": "0",
        "URG Flag Cnt": "0",
        "CWE Flag Count": "0",
        "ECE Flag Cnt": "0",
        "Down/Up Ratio": "0.0",
        "Pkt Size Avg": "66.5",
        "Fwd Seg Size Avg": "0.0",
        "Bwd Seg Size Avg": "49.0",
        "Fwd Byts/b Avg": "0",
        "Fwd Pkts/b Avg": "0",
        "Fwd Blk Rate Avg": "0",
        "Bwd Byts/b Avg": "0",
        "Bwd Pkts/b Avg": "0",
        "Bwd Blk Rate Avg": "0",
        "Subflow Fwd Pkts": "0",
        "Subflow Fwd Byts": "0",
        "Subflow Bwd Pkts": "2",
        "Subflow Bwd Byts": "98",
        "Init Fwd Win Byts": "-1",
        "Init Bwd Win Byts": "-1",
        "Fwd Act Data Pkts": "0",
        "Fwd Seg Size Min": "0",
        "Active Mean": "0",
        "Active Std": "0",
        "Active Max": "0",
        "Active Min": "0",
        "Idle Mean": "0",
        "Idle Std": "0",
        "Idle Max": "0",
        "Idle Min": "0",
        "Label": "No Label"
    },
    {
        "Flow ID": "192.168.3.22-192.16.58.8-45732-80-6",
        "Src IP": "192.168.3.22",
        "Src Port": "45732",
        "Dst IP": "192.16.58.8",
        "Dst Port": "80",
        "Protocol": "6",
        "Timestamp": "24/01/2023 09:42:31 AM",
        "Flow Duration": "45315",
        "Tot Fwd Pkts": "0",
        "Tot Bwd Pkts": "2",
        "TotLen Fwd Pkts": "0.0",
        "TotLen Bwd Pkts": "0.0",
        "Fwd Pkt Len Max": "0",
        "Fwd Pkt Len Min": "0",
        "Fwd Pkt Len Mean": "0",
        "Fwd Pkt Len Std": "0",
        "Bwd Pkt Len Max": "0.0",
        "Bwd Pkt Len Min": "0.0",
        "Bwd Pkt Len Mean": "0.0",
        "Bwd Pkt Len Std": "0.0",
        "Flow Byts/s": "0.0",
        "Flow Pkts/s": "44.135495972635994",
        "Flow IAT Mean": "45315.0",
        "Flow IAT Std": "0.0",
        "Flow IAT Max": "45315.0",
        "Flow IAT Min": "45315.0",
        "Fwd IAT Tot": "0",
        "Fwd IAT Mean": "0",
        "Fwd IAT Std": "0",
        "Fwd IAT Max": "0",
        "Fwd IAT Min": "0",
        "Bwd IAT Tot": "45315.0",
        "Bwd IAT Mean": "45315.0",
        "Bwd IAT Std": "0.0",
        "Bwd IAT Max": "45315.0",
        "Bwd IAT Min": "45315.0",
        "Fwd PSH Flags": "0",
        "Bwd PSH Flags": "0",
        "Fwd URG Flags": "0",
        "Bwd URG Flags": "0",
        "Fwd Header Len": "0",
        "Bwd Header Len": "64",
        "Fwd Pkts/s": "0.0",
        "Bwd Pkts/s": "44.135495972635994",
        "Pkt Len Min": "0.0",
        "Pkt Len Max": "0.0",
        "Pkt Len Mean": "0.0",
        "Pkt Len Std": "0.0",
        "Pkt Len Var": "0.0",
        "FIN Flag Cnt": "0",
        "SYN Flag Cnt": "0",
        "RST Flag Cnt": "0",
        "PSH Flag Cnt": "0",
        "ACK Flag Cnt": "1",
        "URG Flag Cnt": "0",
        "CWE Flag Count": "0",
        "ECE Flag Cnt": "0",
        "Down/Up Ratio": "0.0",
        "Pkt Size Avg": "0.0",
        "Fwd Seg Size Avg": "0.0",
        "Bwd Seg Size Avg": "0.0",
        "Fwd Byts/b Avg": "0",
        "Fwd Pkts/b Avg": "0",
        "Fwd Blk Rate Avg": "0",
        "Bwd Byts/b Avg": "0",
        "Bwd Pkts/b Avg": "0",
        "Bwd Blk Rate Avg": "0",
        "Subflow Fwd Pkts": "0",
        "Subflow Fwd Byts": "0",
        "Subflow Bwd Pkts": "2",
        "Subflow Bwd Byts": "0",
        "Init Fwd Win Byts": "-1",
        "Init Bwd Win Byts": "131",
        "Fwd Act Data Pkts": "0",
        "Fwd Seg Size Min": "0",
        "Active Mean": "0",
        "Active Std": "0",
        "Active Max": "0",
        "Active Min": "0",
        "Idle Mean": "0",
        "Idle Std": "0",
        "Idle Max": "0",
        "Idle Min": "0",
        "Label": "No Label"
    },
    {
        "Flow ID": "192.168.3.1-192.168.3.22-53-37765-17",
        "Src IP": "192.168.3.22",
        "Src Port": "37765",
        "Dst IP": "192.168.3.1",
        "Dst Port": "53",
        "Protocol": "17",
        "Timestamp": "24/01/2023 09:42:31 AM",
        "Flow Duration": "3226",
        "Tot Fwd Pkts": "0",
        "Tot Bwd Pkts": "2",
        "TotLen Fwd Pkts": "0.0",
        "TotLen Bwd Pkts": "92.0",
        "Fwd Pkt Len Max": "0",
        "Fwd Pkt Len Min": "0",
        "Fwd Pkt Len Mean": "0",
        "Fwd Pkt Len Std": "0",
        "Bwd Pkt Len Max": "54.0",
        "Bwd Pkt Len Min": "38.0",
        "Bwd Pkt Len Mean": "46.0",
        "Bwd Pkt Len Std": "11.313708498984761",
        "Flow Byts/s": "28518.288902665838",
        "Flow Pkts/s": "619.962802231866",
        "Flow IAT Mean": "3226.0",
        "Flow IAT Std": "0.0",
        "Flow IAT Max": "3226.0",
        "Flow IAT Min": "3226.0",
        "Fwd IAT Tot": "0",
        "Fwd IAT Mean": "0",
        "Fwd IAT Std": "0",
        "Fwd IAT Max": "0",
        "Fwd IAT Min": "0",
        "Bwd IAT Tot": "3226.0",
        "Bwd IAT Mean": "3226.0",
        "Bwd IAT Std": "0.0",
        "Bwd IAT Max": "3226.0",
        "Bwd IAT Min": "3226.0",
        "Fwd PSH Flags": "0",
        "Bwd PSH Flags": "0",
        "Fwd URG Flags": "0",
        "Bwd URG Flags": "0",
        "Fwd Header Len": "0",
        "Bwd Header Len": "16",
        "Fwd Pkts/s": "0.0",
        "Bwd Pkts/s": "619.962802231866",
        "Pkt Len Min": "38.0",
        "Pkt Len Max": "54.0",
        "Pkt Len Mean": "43.333333333333336",
        "Pkt Len Std": "9.237604307034012",
        "Pkt Len Var": "85.33333333333333",
        "FIN Flag Cnt": "0",
        "SYN Flag Cnt": "0",
        "RST Flag Cnt": "0",
        "PSH Flag Cnt": "0",
        "ACK Flag Cnt": "0",
        "URG Flag Cnt": "0",
        "CWE Flag Count": "0",
        "ECE Flag Cnt": "0",
        "Down/Up Ratio": "0.0",
        "Pkt Size Avg": "65.0",
        "Fwd Seg Size Avg": "0.0",
        "Bwd Seg Size Avg": "46.0",
        "Fwd Byts/b Avg": "0",
        "Fwd Pkts/b Avg": "0",
        "Fwd Blk Rate Avg": "0",
        "Bwd Byts/b Avg": "0",
        "Bwd Pkts/b Avg": "0",
        "Bwd Blk Rate Avg": "0",
        "Subflow Fwd Pkts": "0",
        "Subflow Fwd Byts": "0",
        "Subflow Bwd Pkts": "2",
        "Subflow Bwd Byts": "92",
        "Init Fwd Win Byts": "-1",
        "Init Bwd Win Byts": "-1",
        "Fwd Act Data Pkts": "0",
        "Fwd Seg Size Min": "0",
        "Active Mean": "0",
        "Active Std": "0",
        "Active Max": "0",
        "Active Min": "0",
        "Idle Mean": "0",
        "Idle Std": "0",
        "Idle Max": "0",
        "Idle Min": "0",
        "Label": "No Label"
    },
    {
        "Flow ID": "192.168.3.1-192.168.3.22-53-38568-17",
        "Src IP": "192.168.3.22",
        "Src Port": "38568",
        "Dst IP": "192.168.3.1",
        "Dst Port": "53",
        "Protocol": "17",
        "Timestamp": "24/01/2023 09:42:31 AM",
        "Flow Duration": "4599",
        "Tot Fwd Pkts": "0",
        "Tot Bwd Pkts": "2",
        "TotLen Fwd Pkts": "0.0",
        "TotLen Bwd Pkts": "96.0",
        "Fwd Pkt Len Max": "0",
        "Fwd Pkt Len Min": "0",
        "Fwd Pkt Len Mean": "0",
        "Fwd Pkt Len Std": "0",
        "Bwd Pkt Len Max": "62.0",
        "Bwd Pkt Len Min": "34.0",
        "Bwd Pkt Len Mean": "48.0",
        "Bwd Pkt Len Std": "19.79898987322333",
        "Flow Byts/s": "20874.10306588389",
        "Flow Pkts/s": "434.87714720591435",
        "Flow IAT Mean": "4599.0",
        "Flow IAT Std": "0.0",
        "Flow IAT Max": "4599.0",
        "Flow IAT Min": "4599.0",
        "Fwd IAT Tot": "0",
        "Fwd IAT Mean": "0",
        "Fwd IAT Std": "0",
        "Fwd IAT Max": "0",
        "Fwd IAT Min": "0",
        "Bwd IAT Tot": "4599.0",
        "Bwd IAT Mean": "4599.0",
        "Bwd IAT Std": "0.0",
        "Bwd IAT Max": "4599.0",
        "Bwd IAT Min": "4599.0",
        "Fwd PSH Flags": "0",
        "Bwd PSH Flags": "0",
        "Fwd URG Flags": "0",
        "Bwd URG Flags": "0",
        "Fwd Header Len": "0",
        "Bwd Header Len": "16",
        "Fwd Pkts/s": "0.0",
        "Bwd Pkts/s": "434.87714720591435",
        "Pkt Len Min": "34.0",
        "Pkt Len Max": "62.0",
        "Pkt Len Mean": "43.333333333333336",
        "Pkt Len Std": "16.165807537309522",
        "Pkt Len Var": "261.33333333333337",
        "FIN Flag Cnt": "0",
        "SYN Flag Cnt": "0",
        "RST Flag Cnt": "0",
        "PSH Flag Cnt": "0",
        "ACK Flag Cnt": "0",
        "URG Flag Cnt": "0",
        "CWE Flag Count": "0",
        "ECE Flag Cnt": "0",
        "Down/Up Ratio": "0.0",
        "Pkt Size Avg": "65.0",
        "Fwd Seg Size Avg": "0.0",
        "Bwd Seg Size Avg": "48.0",
        "Fwd Byts/b Avg": "0",
        "Fwd Pkts/b Avg": "0",
        "Fwd Blk Rate Avg": "0",
        "Bwd Byts/b Avg": "0",
        "Bwd Pkts/b Avg": "0",
        "Bwd Blk Rate Avg": "0",
        "Subflow Fwd Pkts": "0",
        "Subflow Fwd Byts": "0",
        "Subflow Bwd Pkts": "2",
        "Subflow Bwd Byts": "96",
        "Init Fwd Win Byts": "-1",
        "Init Bwd Win Byts": "-1",
        "Fwd Act Data Pkts": "0",
        "Fwd Seg Size Min": "0",
        "Active Mean": "0",
        "Active Std": "0",
        "Active Max": "0",
        "Active Min": "0",
        "Idle Mean": "0",
        "Idle Std": "0",
        "Idle Max": "0",
        "Idle Min": "0",
        "Label": "No Label"
    },
    {
        "Flow ID": "192.168.3.22-200.147.253.13-47738-443-6",
        "Src IP": "200.147.253.13",
        "Src Port": "443",
        "Dst IP": "192.168.3.22",
        "Dst Port": "47738",
        "Protocol": "6",
        "Timestamp": "24/01/2023 09:42:30 AM",
        "Flow Duration": "18",
        "Tot Fwd Pkts": "1",
        "Tot Bwd Pkts": "1",
        "TotLen Fwd Pkts": "0.0",
        "TotLen Bwd Pkts": "0.0",
        "Fwd Pkt Len Max": "0.0",
        "Fwd Pkt Len Min": "0.0",
        "Fwd Pkt Len Mean": "0.0",
        "Fwd Pkt Len Std": "0.0",
        "Bwd Pkt Len Max": "0.0",
        "Bwd Pkt Len Min": "0.0",
        "Bwd Pkt Len Mean": "0.0",
        "Bwd Pkt Len Std": "0.0",
        "Flow Byts/s": "0.0",
        "Flow Pkts/s": "111111.11111111111",
        "Flow IAT Mean": "18.0",
        "Flow IAT Std": "0.0",
        "Flow IAT Max": "18.0",
        "Flow IAT Min": "18.0",
        "Fwd IAT Tot": "0",
        "Fwd IAT Mean": "0",
        "Fwd IAT Std": "0",
        "Fwd IAT Max": "0",
        "Fwd IAT Min": "0",
        "Bwd IAT Tot": "0",
        "Bwd IAT Mean": "0",
        "Bwd IAT Std": "0",
        "Bwd IAT Max": "0",
        "Bwd IAT Min": "0",
        "Fwd PSH Flags": "0",
        "Bwd PSH Flags": "0",
        "Fwd URG Flags": "0",
        "Bwd URG Flags": "0",
        "Fwd Header Len": "20",
        "Bwd Header Len": "20",
        "Fwd Pkts/s": "55555.555555555555",
        "Bwd Pkts/s": "55555.555555555555",
        "Pkt Len Min": "0.0",
        "Pkt Len Max": "0.0",
        "Pkt Len Mean": "0.0",
        "Pkt Len Std": "0.0",
        "Pkt Len Var": "0.0",
        "FIN Flag Cnt": "0",
        "SYN Flag Cnt": "0",
        "RST Flag Cnt": "1",
        "PSH Flag Cnt": "0",
        "ACK Flag Cnt": "0",
        "URG Flag Cnt": "0",
        "CWE Flag Count": "0",
        "ECE Flag Cnt": "0",
        "Down/Up Ratio": "1.0",
        "Pkt Size Avg": "0.0",
        "Fwd Seg Size Avg": "0.0",
        "Bwd Seg Size Avg": "0.0",
        "Fwd Byts/b Avg": "0",
        "Fwd Pkts/b Avg": "0",
        "Fwd Blk Rate Avg": "0",
        "Bwd Byts/b Avg": "0",
        "Bwd Pkts/b Avg": "0",
        "Bwd Blk Rate Avg": "0",
        "Subflow Fwd Pkts": "1",
        "Subflow Fwd Byts": "0",
        "Subflow Bwd Pkts": "1",
        "Subflow Bwd Byts": "0",
        "Init Fwd Win Byts": "-1",
        "Init Bwd Win Byts": "0",
        "Fwd Act Data Pkts": "0",
        "Fwd Seg Size Min": "0",
        "Active Mean": "0",
        "Active Std": "0",
        "Active Max": "0",
        "Active Min": "0",
        "Idle Mean": "0",
        "Idle Std": "0",
        "Idle Max": "0",
        "Idle Min": "0",
        "Label": "No Label"
    },
    {
        "Flow ID": "142.251.132.227-192.168.3.22-443-54872-17",
        "Src IP": "142.251.132.227",
        "Src Port": "443",
        "Dst IP": "192.168.3.22",
        "Dst Port": "54872",
        "Protocol": "17",
        "Timestamp": "24/01/2023 09:42:29 AM",
        "Flow Duration": "95964",
        "Tot Fwd Pkts": "8",
        "Tot Bwd Pkts": "6",
        "TotLen Fwd Pkts": "1811.0",
        "TotLen Bwd Pkts": "1462.0",
        "Fwd Pkt Len Max": "782.0",
        "Fwd Pkt Len Min": "25.0",
        "Fwd Pkt Len Mean": "226.375",
        "Fwd Pkt Len Std": "303.065262891392",
        "Bwd Pkt Len Max": "1250.0",
        "Bwd Pkt Len Min": "33.0",
        "Bwd Pkt Len Mean": "243.66666666666669",
        "Bwd Pkt Len Std": "493.3224773580327",
        "Flow Byts/s": "34106.539952482184",
        "Flow Pkts/s": "145.88804134883915",
        "Flow IAT Mean": "7381.846153846154",
        "Flow IAT Std": "13766.516449015911",
        "Flow IAT Max": "44014.0",
        "Flow IAT Min": "1.0",
        "Fwd IAT Tot": "95670.0",
        "Fwd IAT Mean": "13667.142857142857",
        "Fwd IAT Std": "21015.71596392068",
        "Fwd IAT Max": "44247.0",
        "Fwd IAT Min": "1.0",
        "Bwd IAT Tot": "77544.0",
        "Bwd IAT Mean": "15508.8",
        "Bwd IAT Std": "22894.41406107612",
        "Bwd IAT Max": "51422.0",
        "Bwd IAT Min": "66.0",
        "Fwd PSH Flags": "0",
        "Bwd PSH Flags": "0",
        "Fwd URG Flags": "0",
        "Bwd URG Flags": "0",
        "Fwd Header Len": "64",
        "Bwd Header Len": "48",
        "Fwd Pkts/s": "83.36459505647952",
        "Bwd Pkts/s": "62.52344629235964",
        "Pkt Len Min": "25.0",
        "Pkt Len Max": "1250.0",
        "Pkt Len Mean": "301.5333333333333",
        "Pkt Len Std": "449.1774810960691",
        "Pkt Len Var": "201760.4095238095",
        "FIN Flag Cnt": "0",
        "SYN Flag Cnt": "0",
        "RST Flag Cnt": "0",
        "PSH Flag Cnt": "0",
        "ACK Flag Cnt": "0",
        "URG Flag Cnt": "0",
        "CWE Flag Count": "0",
        "ECE Flag Cnt": "0",
        "Down/Up Ratio": "0.0",
        "Pkt Size Avg": "323.07142857142856",
        "Fwd Seg Size Avg": "226.375",
        "Bwd Seg Size Avg": "243.66666666666666",
        "Fwd Byts/b Avg": "0",
        "Fwd Pkts/b Avg": "0",
        "Fwd Blk Rate Avg": "0",
        "Bwd Byts/b Avg": "0",
        "Bwd Pkts/b Avg": "0",
        "Bwd Blk Rate Avg": "0",
        "Subflow Fwd Pkts": "8",
        "Subflow Fwd Byts": "1811",
        "Subflow Bwd Pkts": "6",
        "Subflow Bwd Byts": "1462",
        "Init Fwd Win Byts": "-1",
        "Init Bwd Win Byts": "-1",
        "Fwd Act Data Pkts": "8",
        "Fwd Seg Size Min": "0",
        "Active Mean": "0",
        "Active Std": "0",
        "Active Max": "0",
        "Active Min": "0",
        "Idle Mean": "0",
        "Idle Std": "0",
        "Idle Max": "0",
        "Idle Min": "0",
        "Label": "No Label"
    },
    {
        "Flow ID": "192.168.3.22-216.239.38.117-56070-443-17",
        "Src IP": "192.168.3.22",
        "Src Port": "56070",
        "Dst IP": "216.239.38.117",
        "Dst Port": "443",
        "Protocol": "17",
        "Timestamp": "24/01/2023 09:42:31 AM",
        "Flow Duration": "485130",
        "Tot Fwd Pkts": "19",
        "Tot Bwd Pkts": "17",
        "TotLen Fwd Pkts": "4206.0",
        "TotLen Bwd Pkts": "8570.0",
        "Fwd Pkt Len Max": "1250.0",
        "Fwd Pkt Len Min": "33.0",
        "Fwd Pkt Len Mean": "221.36842105263156",
        "Fwd Pkt Len Std": "408.4870745304917",
        "Bwd Pkt Len Max": "1250.0",
        "Bwd Pkt Len Min": "25.0",
        "Bwd Pkt Len Mean": "504.11764705882354",
        "Bwd Pkt Len Std": "559.4245796299244",
        "Flow Byts/s": "26335.209119205163",
        "Flow Pkts/s": "74.20691361078474",
        "Flow IAT Mean": "13860.857142857143",
        "Flow IAT Std": "24740.15762128549",
        "Flow IAT Max": "99378.0",
        "Flow IAT Min": "4.0",
        "Fwd IAT Tot": "424379.0",
        "Fwd IAT Mean": "23576.611111111113",
        "Fwd IAT Std": "31106.109074923625",
        "Fwd IAT Max": "99538.0",
        "Fwd IAT Min": "30.0",
        "Bwd IAT Tot": "485130.0",
        "Bwd IAT Mean": "30320.625000000004",
        "Bwd IAT Std": "37013.530704099736",
        "Bwd IAT Max": "115988.0",
        "Bwd IAT Min": "4.0",
        "Fwd PSH Flags": "0",
        "Bwd PSH Flags": "0",
        "Fwd URG Flags": "0",
        "Bwd URG Flags": "0",
        "Fwd Header Len": "152",
        "Bwd Header Len": "136",
        "Fwd Pkts/s": "39.1647599612475",
        "Bwd Pkts/s": "35.042153649537234",
        "Pkt Len Min": "25.0",
        "Pkt Len Max": "1250.0",
        "Pkt Len Mean": "379.0810810810812",
        "Pkt Len Std": "513.9086807324159",
        "Pkt Len Var": "264102.13213213213",
        "FIN Flag Cnt": "0",
        "SYN Flag Cnt": "0",
        "RST Flag Cnt": "0",
        "PSH Flag Cnt": "0",
        "ACK Flag Cnt": "0",
        "URG Flag Cnt": "0",
        "CWE Flag Count": "0",
        "ECE Flag Cnt": "0",
        "Down/Up Ratio": "0.0",
        "Pkt Size Avg": "389.6111111111111",
        "Fwd Seg Size Avg": "221.3684210526316",
        "Bwd Seg Size Avg": "504.11764705882354",
        "Fwd Byts/b Avg": "0",
        "Fwd Pkts/b Avg": "0",
        "Fwd Blk Rate Avg": "0",
        "Bwd Byts/b Avg": "0",
        "Bwd Pkts/b Avg": "0",
        "Bwd Blk Rate Avg": "0",
        "Subflow Fwd Pkts": "19",
        "Subflow Fwd Byts": "4206",
        "Subflow Bwd Pkts": "17",
        "Subflow Bwd Byts": "8570",
        "Init Fwd Win Byts": "-1",
        "Init Bwd Win Byts": "-1",
        "Fwd Act Data Pkts": "19",
        "Fwd Seg Size Min": "0",
        "Active Mean": "0",
        "Active Std": "0",
        "Active Max": "0",
        "Active Min": "0",
        "Idle Mean": "0",
        "Idle Std": "0",
        "Idle Max": "0",
        "Idle Min": "0",
        "Label": "No Label"
    },
    {
        "Flow ID": "192.168.3.1-192.168.3.22-53-47018-17",
        "Src IP": "192.168.3.22",
        "Src Port": "47018",
        "Dst IP": "192.168.3.1",
        "Dst Port": "53",
        "Protocol": "17",
        "Timestamp": "24/01/2023 09:42:31 AM",
        "Flow Duration": "109450",
        "Tot Fwd Pkts": "0",
        "Tot Bwd Pkts": "2",
        "TotLen Fwd Pkts": "0.0",
        "TotLen Bwd Pkts": "127.0",
        "Fwd Pkt Len Max": "0",
        "Fwd Pkt Len Min": "0",
        "Fwd Pkt Len Mean": "0",
        "Fwd Pkt Len Std": "0",
        "Bwd Pkt Len Max": "92.0",
        "Bwd Pkt Len Min": "35.0",
        "Bwd Pkt Len Mean": "63.5",
        "Bwd Pkt Len Std": "40.30508652763321",
        "Flow Byts/s": "1160.3471904979442",
        "Flow Pkts/s": "18.27318410232983",
        "Flow IAT Mean": "109450.0",
        "Flow IAT Std": "0.0",
        "Flow IAT Max": "109450.0",
        "Flow IAT Min": "109450.0",
        "Fwd IAT Tot": "0",
        "Fwd IAT Mean": "0",
        "Fwd IAT Std": "0",
        "Fwd IAT Max": "0",
        "Fwd IAT Min": "0",
        "Bwd IAT Tot": "109450.0",
        "Bwd IAT Mean": "109450.0",
        "Bwd IAT Std": "0.0",
        "Bwd IAT Max": "109450.0",
        "Bwd IAT Min": "109450.0",
        "Fwd PSH Flags": "0",
        "Bwd PSH Flags": "0",
        "Fwd URG Flags": "0",
        "Bwd URG Flags": "0",
        "Fwd Header Len": "0",
        "Bwd Header Len": "16",
        "Fwd Pkts/s": "0.0",
        "Bwd Pkts/s": "18.27318410232983",
        "Pkt Len Min": "35.0",
        "Pkt Len Max": "92.0",
        "Pkt Len Mean": "54.0",
        "Pkt Len Std": "32.90896534380867",
        "Pkt Len Var": "1083.0",
        "FIN Flag Cnt": "0",
        "SYN Flag Cnt": "0",
        "RST Flag Cnt": "0",
        "PSH Flag Cnt": "0",
        "ACK Flag Cnt": "0",
        "URG Flag Cnt": "0",
        "CWE Flag Count": "0",
        "ECE Flag Cnt": "0",
        "Down/Up Ratio": "0.0",
        "Pkt Size Avg": "81.0",
        "Fwd Seg Size Avg": "0.0",
        "Bwd Seg Size Avg": "63.5",
        "Fwd Byts/b Avg": "0",
        "Fwd Pkts/b Avg": "0",
        "Fwd Blk Rate Avg": "0",
        "Bwd Byts/b Avg": "0",
        "Bwd Pkts/b Avg": "0",
        "Bwd Blk Rate Avg": "0",
        "Subflow Fwd Pkts": "0",
        "Subflow Fwd Byts": "0",
        "Subflow Bwd Pkts": "2",
        "Subflow Bwd Byts": "127",
        "Init Fwd Win Byts": "-1",
        "Init Bwd Win Byts": "-1",
        "Fwd Act Data Pkts": "0",
        "Fwd Seg Size Min": "0",
        "Active Mean": "0",
        "Active Std": "0",
        "Active Max": "0",
        "Active Min": "0",
        "Idle Mean": "0",
        "Idle Std": "0",
        "Idle Max": "0",
        "Idle Min": "0",
        "Label": "No Label"
    },
    {
        "Flow ID": "192.168.3.22-13.227.97.87-41384-443-6",
        "Src IP": "192.168.3.22",
        "Src Port": "41384",
        "Dst IP": "13.227.97.87",
        "Dst Port": "443",
        "Protocol": "6",
        "Timestamp": "24/01/2023 09:42:34 AM",
        "Flow Duration": "45862",
        "Tot Fwd Pkts": "1",
        "Tot Bwd Pkts": "3",
        "TotLen Fwd Pkts": "0.0",
        "TotLen Bwd Pkts": "78.0",
        "Fwd Pkt Len Max": "0.0",
        "Fwd Pkt Len Min": "0.0",
        "Fwd Pkt Len Mean": "0.0",
        "Fwd Pkt Len Std": "0.0",
        "Bwd Pkt Len Max": "39.0",
        "Bwd Pkt Len Min": "0.0",
        "Bwd Pkt Len Mean": "26.0",
        "Bwd Pkt Len Std": "22.516660498395403",
        "Flow Byts/s": "1700.7544372247175",
        "Flow Pkts/s": "87.21817626793424",
        "Flow IAT Mean": "15287.333333333332",
        "Flow IAT Std": "26439.467020598833",
        "Flow IAT Max": "45817.0",
        "Flow IAT Min": "20.0",
        "Fwd IAT Tot": "0",
        "Fwd IAT Mean": "0",
        "Fwd IAT Std": "0",
        "Fwd IAT Max": "0",
        "Fwd IAT Min": "0",
        "Bwd IAT Tot": "45842.0",
        "Bwd IAT Mean": "22921.0",
        "Bwd IAT Std": "32379.833724094384",
        "Bwd IAT Max": "45817.0",
        "Bwd IAT Min": "25.0",
        "Fwd PSH Flags": "0",
        "Bwd PSH Flags": "1",
        "Fwd URG Flags": "0",
        "Bwd URG Flags": "0",
        "Fwd Header Len": "32",
        "Bwd Header Len": "96",
        "Fwd Pkts/s": "21.80454406698356",
        "Bwd Pkts/s": "65.41363220095067",
        "Pkt Len Min": "0.0",
        "Pkt Len Max": "39.0",
        "Pkt Len Mean": "23.4",
        "Pkt Len Std": "21.361179742701477",
        "Pkt Len Var": "456.29999999999995",
        "FIN Flag Cnt": "0",
        "SYN Flag Cnt": "0",
        "RST Flag Cnt": "0",
        "PSH Flag Cnt": "1",
        "ACK Flag Cnt": "1",
        "URG Flag Cnt": "0",
        "CWE Flag Count": "0",
        "ECE Flag Cnt": "0",
        "Down/Up Ratio": "3.0",
        "Pkt Size Avg": "29.25",
        "Fwd Seg Size Avg": "0.0",
        "Bwd Seg Size Avg": "26.0",
        "Fwd Byts/b Avg": "0",
        "Fwd Pkts/b Avg": "0",
        "Fwd Blk Rate Avg": "0",
        "Bwd Byts/b Avg": "0",
        "Bwd Pkts/b Avg": "0",
        "Bwd Blk Rate Avg": "0",
        "Subflow Fwd Pkts": "1",
        "Subflow Fwd Byts": "0",
        "Subflow Bwd Pkts": "3",
        "Subflow Bwd Byts": "78",
        "Init Fwd Win Byts": "-1",
        "Init Bwd Win Byts": "143",
        "Fwd Act Data Pkts": "0",
        "Fwd Seg Size Min": "0",
        "Active Mean": "0",
        "Active Std": "0",
        "Active Max": "0",
        "Active Min": "0",
        "Idle Mean": "0",
        "Idle Std": "0",
        "Idle Max": "0",
        "Idle Min": "0",
        "Label": "No Label"
    },
    {
        "Flow ID": "192.168.3.1-192.168.3.22-53-37810-17",
        "Src IP": "192.168.3.22",
        "Src Port": "37810",
        "Dst IP": "192.168.3.1",
        "Dst Port": "53",
        "Protocol": "17",
        "Timestamp": "24/01/2023 09:42:31 AM",
        "Flow Duration": "5099",
        "Tot Fwd Pkts": "0",
        "Tot Bwd Pkts": "2",
        "TotLen Fwd Pkts": "0.0",
        "TotLen Bwd Pkts": "134.0",
        "Fwd Pkt Len Max": "0",
        "Fwd Pkt Len Min": "0",
        "Fwd Pkt Len Mean": "0",
        "Fwd Pkt Len Std": "0",
        "Bwd Pkt Len Max": "99.0",
        "Bwd Pkt Len Min": "35.0",
        "Bwd Pkt Len Mean": "67.0",
        "Bwd Pkt Len Std": "45.254833995939045",
        "Flow Byts/s": "26279.662678956658",
        "Flow Pkts/s": "392.2337713277113",
        "Flow IAT Mean": "5099.0",
        "Flow IAT Std": "0.0",
        "Flow IAT Max": "5099.0",
        "Flow IAT Min": "5099.0",
        "Fwd IAT Tot": "0",
        "Fwd IAT Mean": "0",
        "Fwd IAT Std": "0",
        "Fwd IAT Max": "0",
        "Fwd IAT Min": "0",
        "Bwd IAT Tot": "5099.0",
        "Bwd IAT Mean": "5099.0",
        "Bwd IAT Std": "0.0",
        "Bwd IAT Max": "5099.0",
        "Bwd IAT Min": "5099.0",
        "Fwd PSH Flags": "0",
        "Bwd PSH Flags": "0",
        "Fwd URG Flags": "0",
        "Bwd URG Flags": "0",
        "Fwd Header Len": "0",
        "Bwd Header Len": "16",
        "Fwd Pkts/s": "0.0",
        "Bwd Pkts/s": "392.2337713277113",
        "Pkt Len Min": "35.0",
        "Pkt Len Max": "99.0",
        "Pkt Len Mean": "56.33333333333333",
        "Pkt Len Std": "36.95041722813605",
        "Pkt Len Var": "1365.3333333333333",
        "FIN Flag Cnt": "0",
        "SYN Flag Cnt": "0",
        "RST Flag Cnt": "0",
        "PSH Flag Cnt": "0",
        "ACK Flag Cnt": "0",
        "URG Flag Cnt": "0",
        "CWE Flag Count": "0",
        "ECE Flag Cnt": "0",
        "Down/Up Ratio": "0.0",
        "Pkt Size Avg": "84.5",
        "Fwd Seg Size Avg": "0.0",
        "Bwd Seg Size Avg": "67.0",
        "Fwd Byts/b Avg": "0",
        "Fwd Pkts/b Avg": "0",
        "Fwd Blk Rate Avg": "0",
        "Bwd Byts/b Avg": "0",
        "Bwd Pkts/b Avg": "0",
        "Bwd Blk Rate Avg": "0",
        "Subflow Fwd Pkts": "0",
        "Subflow Fwd Byts": "0",
        "Subflow Bwd Pkts": "2",
        "Subflow Bwd Byts": "134",
        "Init Fwd Win Byts": "-1",
        "Init Bwd Win Byts": "-1",
        "Fwd Act Data Pkts": "0",
        "Fwd Seg Size Min": "0",
        "Active Mean": "0",
        "Active Std": "0",
        "Active Max": "0",
        "Active Min": "0",
        "Idle Mean": "0",
        "Idle Std": "0",
        "Idle Max": "0",
        "Idle Min": "0",
        "Label": "No Label"
    },
    {
        "Flow ID": "172.217.28.3-192.168.3.22-443-34459-17",
        "Src IP": "192.168.3.22",
        "Src Port": "34459",
        "Dst IP": "172.217.28.3",
        "Dst Port": "443",
        "Protocol": "17",
        "Timestamp": "24/01/2023 09:42:31 AM",
        "Flow Duration": "372481",
        "Tot Fwd Pkts": "11",
        "Tot Bwd Pkts": "9",
        "TotLen Fwd Pkts": "817.0",
        "TotLen Bwd Pkts": "431.0",
        "Fwd Pkt Len Max": "478.0",
        "Fwd Pkt Len Min": "33.0",
        "Fwd Pkt Len Mean": "74.27272727272728",
        "Fwd Pkt Len Std": "133.90600502523472",
        "Bwd Pkt Len Max": "123.0",
        "Bwd Pkt Len Min": "25.0",
        "Bwd Pkt Len Mean": "47.888888888888886",
        "Bwd Pkt Len Std": "36.56652992985677",
        "Flow Byts/s": "3350.5064687863273",
        "Flow Pkts/s": "53.694013922857806",
        "Flow IAT Mean": "19604.263157894733",
        "Flow IAT Std": "29030.119111865915",
        "Flow IAT Max": "94765.0",
        "Flow IAT Min": "88.0",
        "Fwd IAT Tot": "288036.0",
        "Fwd IAT Mean": "28803.600000000002",
        "Fwd IAT Std": "36924.79173250526",
        "Fwd IAT Max": "95103.0",
        "Fwd IAT Min": "88.0",
        "Bwd IAT Tot": "372481.0",
        "Bwd IAT Mean": "46560.125",
        "Bwd IAT Std": "48576.95279050255",
        "Bwd IAT Max": "120163.0",
        "Bwd IAT Min": "264.0",
        "Fwd PSH Flags": "0",
        "Bwd PSH Flags": "0",
        "Fwd URG Flags": "0",
        "Bwd URG Flags": "0",
        "Fwd Header Len": "88",
        "Bwd Header Len": "72",
        "Fwd Pkts/s": "29.531707657571793",
        "Bwd Pkts/s": "24.162306265286013",
        "Pkt Len Min": "25.0",
        "Pkt Len Max": "478.0",
        "Pkt Len Mean": "65.28571428571426",
        "Pkt Len Std": "99.2341387110015",
        "Pkt Len Var": "9847.414285714287",
        "FIN Flag Cnt": "0",
        "SYN Flag Cnt": "0",
        "RST Flag Cnt": "0",
        "PSH Flag Cnt": "0",
        "ACK Flag Cnt": "0",
        "URG Flag Cnt": "0",
        "CWE Flag Count": "0",
        "ECE Flag Cnt": "0",
        "Down/Up Ratio": "0.0",
        "Pkt Size Avg": "68.55",
        "Fwd Seg Size Avg": "74.27272727272727",
        "Bwd Seg Size Avg": "47.888888888888886",
        "Fwd Byts/b Avg": "0",
        "Fwd Pkts/b Avg": "0",
        "Fwd Blk Rate Avg": "0",
        "Bwd Byts/b Avg": "0",
        "Bwd Pkts/b Avg": "0",
        "Bwd Blk Rate Avg": "0",
        "Subflow Fwd Pkts": "11",
        "Subflow Fwd Byts": "817",
        "Subflow Bwd Pkts": "9",
        "Subflow Bwd Byts": "431",
        "Init Fwd Win Byts": "-1",
        "Init Bwd Win Byts": "-1",
        "Fwd Act Data Pkts": "11",
        "Fwd Seg Size Min": "0",
        "Active Mean": "0",
        "Active Std": "0",
        "Active Max": "0",
        "Active Min": "0",
        "Idle Mean": "0",
        "Idle Std": "0",
        "Idle Max": "0",
        "Idle Min": "0",
        "Label": "No Label"
    }
]