[
    {
        "Flow ID": "192.168.3.22-200.147.253.13-54584-443-6",
        "Src IP": "192.168.3.22",
        "Src Port": "54584",
        "Dst IP": "200.147.253.13",
        "Dst Port": "443",
        "Protocol": "6",
        "Timestamp": "24/01/2023 09:43:23 AM",
        "Flow Duration": "298786",
        "Tot Fwd Pkts": "16",
        "Tot Bwd Pkts": "20",
        "TotLen Fwd Pkts": "1132.0",
        "TotLen Bwd Pkts": "43477.0",
        "Fwd Pkt Len Max": "517.0",
        "Fwd Pkt Len Min": "0.0",
        "Fwd Pkt Len Mean": "70.74999999999999",
        "Fwd Pkt Len Std": "171.6968258297165",
        "Bwd Pkt Len Max": "5600.0",
        "Bwd Pkt Len Min": "0.0",
        "Bwd Pkt Len Mean": "2173.85",
        "Bwd Pkt Len Std": "1736.7178747038304",
        "Flow Byts/s": "149300.83738863267",
        "Flow Pkts/s": "120.48757304559116",
        "Flow IAT Mean": "8536.742857142859",
        "Flow IAT Std": "17980.57377109571",
        "Flow IAT Max": "54485.0",
        "Flow IAT Min": "7.0",
        "Fwd IAT Tot": "251704.0",
        "Fwd IAT Mean": "16780.26666666667",
        "Fwd IAT Std": "22670.449997004176",
        "Fwd IAT Max": "54613.0",
        "Fwd IAT Min": "139.0",
        "Bwd IAT Tot": "298786.0",
        "Bwd IAT Mean": "15725.578947368418",
        "Bwd IAT Std": "23276.13402492344",
        "Bwd IAT Max": "55560.0",
        "Bwd IAT Min": "32.0",
        "Fwd PSH Flags": "0",
        "Bwd PSH Flags": "0",
        "Fwd URG Flags": "0",
        "Bwd URG Flags": "0",
        "Fwd Header Len": "512",
        "Bwd Header Len": "656",
        "Fwd Pkts/s": "53.55003246470718",
        "Bwd Pkts/s": "66.93754058088398",
        "Pkt Len Min": "0.0",
        "Pkt Len Max": "5600.0",
        "Pkt Len Mean": "1205.6486486486483",
        "Pkt Len Std": "1654.6195637973403",
        "Pkt Len Var": "2737765.900900901",
        "FIN Flag Cnt": "0",
        "SYN Flag Cnt": "1",
        "RST Flag Cnt": "0",
        "PSH Flag Cnt": "0",
        "ACK Flag Cnt": "0",
        "URG Flag Cnt": "0",
        "CWE Flag Count": "0",
        "ECE Flag Cnt": "0",
        "Down/Up Ratio": "1.0",
        "Pkt Size Avg": "1239.138888888889",
        "Fwd Seg Size Avg": "70.75",
        "Bwd Seg Size Avg": "2173.85",
        "Fwd Byts/b Avg": "0",
        "Fwd Pkts/b Avg": "0",
        "Fwd Blk Rate Avg": "0",
        "Bwd Byts/b Avg": "0",
        "Bwd Pkts/b Avg": "0",
        "Bwd Blk Rate Avg": "0",
        "Subflow Fwd Pkts": "16",
        "Subflow Fwd Byts": "1132",
        "Subflow Bwd Pkts": "20",
        "Subflow Bwd Byts": "43477",
        "Init Fwd Win Byts": "-1",
        "Init Bwd Win Byts": "130",
        "Fwd Act Data Pkts": "3",
        "Fwd Seg Size Min": "0",
        "Active Mean": "0",
        "Active Std": "0",
        "Active Max": "0",
        "Active Min": "0",
        "Idle Mean": "0",
        "Idle Std": "0",
        "Idle Max": "0",
        "Idle Min": "0",
        "Label": "No Label"
    },
    {
        "Flow ID": "192.168.3.22-200.147.253.13-54584-443-6",
        "Src IP": "192.168.3.22",
        "Src Port": "54584",
        "Dst IP": "200.147.253.13",
        "Dst Port": "443",
        "Protocol": "6",
        "Timestamp": "24/01/2023 09:43:23 AM",
        "Flow Duration": "175",
        "Tot Fwd Pkts": "2",
        "Tot Bwd Pkts": "1",
        "TotLen Fwd Pkts": "31.0",
        "TotLen Bwd Pkts": "0.0",
        "Fwd Pkt Len Max": "31.0",
        "Fwd Pkt Len Min": "0.0",
        "Fwd Pkt Len Mean": "15.5",
        "Fwd Pkt Len Std": "21.920310216782973",
        "Bwd Pkt Len Max": "0.0",
        "Bwd Pkt Len Min": "0.0",
        "Bwd Pkt Len Mean": "0.0",
        "Bwd Pkt Len Std": "0.0",
        "Flow Byts/s": "177142.85714285713",
        "Flow Pkts/s": "17142.85714285714",
        "Flow IAT Mean": "87.5",
        "Flow IAT Std": "94.04520189781083",
        "Flow IAT Max": "154.0",
        "Flow IAT Min": "21.0",
        "Fwd IAT Tot": "21.0",
        "Fwd IAT Mean": "21.0",
        "Fwd IAT Std": "0.0",
        "Fwd IAT Max": "21.0",
        "Fwd IAT Min": "21.0",
        "Bwd IAT Tot": "0",
        "Bwd IAT Mean": "0",
        "Bwd IAT Std": "0",
        "Bwd IAT Max": "0",
        "Bwd IAT Min": "0",
        "Fwd PSH Flags": "0",
        "Bwd PSH Flags": "0",
        "Fwd URG Flags": "0",
        "Bwd URG Flags": "0",
        "Fwd Header Len": "64",
        "Bwd Header Len": "32",
        "Fwd Pkts/s": "11428.57142857143",
        "Bwd Pkts/s": "5714.285714285715",
        "Pkt Len Min": "0.0",
        "Pkt Len Max": "31.0",
        "Pkt Len Mean": "7.75",
        "Pkt Len Std": "15.500000000000002",
        "Pkt Len Var": "240.25000000000003",
        "FIN Flag Cnt": "0",
        "SYN Flag Cnt": "0",
        "RST Flag Cnt": "0",
        "PSH Flag Cnt": "0",
        "ACK Flag Cnt": "1",
        "URG Flag Cnt": "0",
        "CWE Flag Count": "0",
        "ECE Flag Cnt": "0",
        "Down/Up Ratio": "0.0",
        "Pkt Size Avg": "10.333333333333334",
        "Fwd Seg Size Avg": "15.5",
        "Bwd Seg Size Avg": "0.0",
        "Fwd Byts/b Avg": "0",
        "Fwd Pkts/b Avg": "0",
        "Fwd Blk Rate Avg": "0",
        "Bwd Byts/b Avg": "0",
        "Bwd Pkts/b Avg": "0",
        "Bwd Blk Rate Avg": "0",
        "Subflow Fwd Pkts": "2",
        "Subflow Fwd Byts": "31",
        "Subflow Bwd Pkts": "1",
        "Subflow Bwd Byts": "0",
        "Init Fwd Win Byts": "-1",
        "Init Bwd Win Byts": "654",
        "Fwd Act Data Pkts": "1",
        "Fwd Seg Size Min": "0",
        "Active Mean": "0",
        "Active Std": "0",
        "Active Max": "0",
        "Active Min": "0",
        "Idle Mean": "0",
        "Idle Std": "0",
        "Idle Max": "0",
        "Idle Min": "0",
        "Label": "No Label"
    },
    {
        "Flow ID": "192.168.3.22-200.147.253.13-54592-443-6",
        "Src IP": "192.168.3.22",
        "Src Port": "54592",
        "Dst IP": "200.147.253.13",
        "Dst Port": "443",
        "Protocol": "6",
        "Timestamp": "24/01/2023 09:43:24 AM",
        "Flow Duration": "704330",
        "Tot Fwd Pkts": "63",
        "Tot Bwd Pkts": "96",
        "TotLen Fwd Pkts": "1088.0",
        "TotLen Bwd Pkts": "189465.0",
        "Fwd Pkt Len Max": "517.0",
        "Fwd Pkt Len Min": "0.0",
        "Fwd Pkt Len Mean": "17.269841269841262",
        "Fwd Pkt Len Std": "86.36012489890832",
        "Bwd Pkt Len Max": "7000.0",
        "Bwd Pkt Len Min": "0.0",
        "Bwd Pkt Len Mean": "1973.59375",
        "Bwd Pkt Len Std": "1241.5913691551361",
        "Flow Byts/s": "270545.0570045291",
        "Flow Pkts/s": "225.74645407692415",
        "Flow IAT Mean": "4457.7848101265845",
        "Flow IAT Std": "11652.79328277036",
        "Flow IAT Max": "53293.0",
        "Flow IAT Min": "1.0",
        "Fwd IAT Tot": "624029.0",
        "Fwd IAT Mean": "10064.983870967742",
        "Fwd IAT Std": "15888.746721399544",
        "Fwd IAT Max": "53335.0",
        "Fwd IAT Min": "137.0",
        "Bwd IAT Tot": "704330.0",
        "Bwd IAT Mean": "7413.999999999998",
        "Bwd IAT Std": "14932.470283444642",
        "Bwd IAT Max": "59508.0",
        "Bwd IAT Min": "11.0",
        "Fwd PSH Flags": "0",
        "Bwd PSH Flags": "0",
        "Fwd URG Flags": "0",
        "Bwd URG Flags": "0",
        "Fwd Header Len": "2016",
        "Bwd Header Len": "3088",
        "Fwd Pkts/s": "89.44670821915864",
        "Bwd Pkts/s": "136.29974585776554",
        "Pkt Len Min": "0.0",
        "Pkt Len Max": "7000.0",
        "Pkt Len Mean": "1190.9562499999997",
        "Pkt Len Std": "1359.603648066195",
        "Pkt Len Var": "1848522.079834906",
        "FIN Flag Cnt": "0",
        "SYN Flag Cnt": "1",
        "RST Flag Cnt": "0",
        "PSH Flag Cnt": "0",
        "ACK Flag Cnt": "0",
        "URG Flag Cnt": "0",
        "CWE Flag Count": "0",
        "ECE Flag Cnt": "0",
        "Down/Up Ratio": "1.0",
        "Pkt Size Avg": "1198.446540880503",
        "Fwd Seg Size Avg": "17.26984126984127",
        "Bwd Seg Size Avg": "1973.59375",
        "Fwd Byts/b Avg": "0",
        "Fwd Pkts/b Avg": "0",
        "Fwd Blk Rate Avg": "0",
        "Bwd Byts/b Avg": "0",
        "Bwd Pkts/b Avg": "0",
        "Bwd Blk Rate Avg": "0",
        "Subflow Fwd Pkts": "63",
        "Subflow Fwd Byts": "1088",
        "Subflow Bwd Pkts": "96",
        "Subflow Bwd Byts": "189465",
        "Init Fwd Win Byts": "-1",
        "Init Bwd Win Byts": "130",
        "Fwd Act Data Pkts": "3",
        "Fwd Seg Size Min": "0",
        "Active Mean": "0",
        "Active Std": "0",
        "Active Max": "0",
        "Active Min": "0",
        "Idle Mean": "0",
        "Idle Std": "0",
        "Idle Max": "0",
        "Idle Min": "0",
        "Label": "No Label"
    },
    {
        "Flow ID": "192.168.3.22-200.147.253.13-54592-443-6",
        "Src IP": "192.168.3.22",
        "Src Port": "54592",
        "Dst IP": "200.147.253.13",
        "Dst Port": "443",
        "Protocol": "6",
        "Timestamp": "24/01/2023 09:43:24 AM",
        "Flow Duration": "405",
        "Tot Fwd Pkts": "2",
        "Tot Bwd Pkts": "1",
        "TotLen Fwd Pkts": "31.0",
        "TotLen Bwd Pkts": "0.0",
        "Fwd Pkt Len Max": "31.0",
        "Fwd Pkt Len Min": "0.0",
        "Fwd Pkt Len Mean": "15.5",
        "Fwd Pkt Len Std": "21.920310216782973",
        "Bwd Pkt Len Max": "0.0",
        "Bwd Pkt Len Min": "0.0",
        "Bwd Pkt Len Mean": "0.0",
        "Bwd Pkt Len Std": "0.0",
        "Flow Byts/s": "76543.20987654322",
        "Flow Pkts/s": "7407.407407407408",
        "Flow IAT Mean": "202.5",
        "Flow IAT Std": "218.4959953866432",
        "Flow IAT Max": "357.0",
        "Flow IAT Min": "48.0",
        "Fwd IAT Tot": "48.0",
        "Fwd IAT Mean": "48.0",
        "Fwd IAT Std": "0.0",
        "Fwd IAT Max": "48.0",
        "Fwd IAT Min": "48.0",
        "Bwd IAT Tot": "0",
        "Bwd IAT Mean": "0",
        "Bwd IAT Std": "0",
        "Bwd IAT Max": "0",
        "Bwd IAT Min": "0",
        "Fwd PSH Flags": "0",
        "Bwd PSH Flags": "0",
        "Fwd URG Flags": "0",
        "Bwd URG Flags": "0",
        "Fwd Header Len": "64",
        "Bwd Header Len": "32",
        "Fwd Pkts/s": "4938.271604938272",
        "Bwd Pkts/s": "2469.135802469136",
        "Pkt Len Min": "0.0",
        "Pkt Len Max": "31.0",
        "Pkt Len Mean": "7.75",
        "Pkt Len Std": "15.500000000000002",
        "Pkt Len Var": "240.25000000000003",
        "FIN Flag Cnt": "0",
        "SYN Flag Cnt": "0",
        "RST Flag Cnt": "0",
        "PSH Flag Cnt": "0",
        "ACK Flag Cnt": "1",
        "URG Flag Cnt": "0",
        "CWE Flag Count": "0",
        "ECE Flag Cnt": "0",
        "Down/Up Ratio": "0.0",
        "Pkt Size Avg": "10.333333333333334",
        "Fwd Seg Size Avg": "15.5",
        "Bwd Seg Size Avg": "0.0",
        "Fwd Byts/b Avg": "0",
        "Fwd Pkts/b Avg": "0",
        "Fwd Blk Rate Avg": "0",
        "Bwd Byts/b Avg": "0",
        "Bwd Pkts/b Avg": "0",
        "Bwd Blk Rate Avg": "0",
        "Subflow Fwd Pkts": "2",
        "Subflow Fwd Byts": "31",
        "Subflow Bwd Pkts": "1",
        "Subflow Bwd Byts": "0",
        "Init Fwd Win Byts": "-1",
        "Init Bwd Win Byts": "1003",
        "Fwd Act Data Pkts": "1",
        "Fwd Seg Size Min": "0",
        "Active Mean": "0",
        "Active Std": "0",
        "Active Max": "0",
        "Active Min": "0",
        "Idle Mean": "0",
        "Idle Std": "0",
        "Idle Max": "0",
        "Idle Min": "0",
        "Label": "No Label"
    },
    {
        "Flow ID": "192.168.3.22-200.147.253.13-54596-443-6",
        "Src IP": "192.168.3.22",
        "Src Port": "54596",
        "Dst IP": "200.147.253.13",
        "Dst Port": "443",
        "Protocol": "6",
        "Timestamp": "24/01/2023 09:43:24 AM",
        "Flow Duration": "747175",
        "Tot Fwd Pkts": "72",
        "Tot Bwd Pkts": "111",
        "TotLen Fwd Pkts": "1088.0",
        "TotLen Bwd Pkts": "217732.0",
        "Fwd Pkt Len Max": "517.0",
        "Fwd Pkt Len Min": "0.0",
        "Fwd Pkt Len Mean": "15.111111111111105",
        "Fwd Pkt Len Std": "80.90588438627631",
        "Bwd Pkt Len Max": "9800.0",
        "Bwd Pkt Len Min": "0.0",
        "Bwd Pkt Len Mean": "1961.5495495495502",
        "Bwd Pkt Len Std": "1296.150936347789",
        "Flow Byts/s": "292863.1177435005",
        "Flow Pkts/s": "244.92254157325925",
        "Flow IAT Mean": "4105.357142857142",
        "Flow IAT Std": "11893.743902147287",
        "Flow IAT Max": "50495.0",
        "Flow IAT Min": "2.0",
        "Fwd IAT Tot": "701665.0",
        "Fwd IAT Mean": "9882.605633802814",
        "Fwd IAT Std": "16987.47927948184",
        "Fwd IAT Max": "50536.0",
        "Fwd IAT Min": "45.0",
        "Bwd IAT Tot": "747175.0",
        "Bwd IAT Mean": "6792.500000000001",
        "Bwd IAT Std": "15075.511915022984",
        "Bwd IAT Max": "54056.0",
        "Bwd IAT Min": "3.0",
        "Fwd PSH Flags": "0",
        "Bwd PSH Flags": "0",
        "Fwd URG Flags": "0",
        "Bwd URG Flags": "0",
        "Fwd Header Len": "2304",
        "Bwd Header Len": "3568",
        "Fwd Pkts/s": "96.36296717636431",
        "Bwd Pkts/s": "148.55957439689496",
        "Pkt Len Min": "0.0",
        "Pkt Len Max": "9800.0",
        "Pkt Len Mean": "1189.2391304347832",
        "Pkt Len Std": "1387.1872462524154",
        "Pkt Len Var": "1924288.4561653594",
        "FIN Flag Cnt": "0",
        "SYN Flag Cnt": "1",
        "RST Flag Cnt": "0",
        "PSH Flag Cnt": "0",
        "ACK Flag Cnt": "0",
        "URG Flag Cnt": "0",
        "CWE Flag Count": "0",
        "ECE Flag Cnt": "0",
        "Down/Up Ratio": "1.0",
        "Pkt Size Avg": "1195.7377049180327",
        "Fwd Seg Size Avg": "15.11111111111111",
        "Bwd Seg Size Avg": "1961.5495495495495",
        "Fwd Byts/b Avg": "0",
        "Fwd Pkts/b Avg": "0",
        "Fwd Blk Rate Avg": "0",
        "Bwd Byts/b Avg": "0",
        "Bwd Pkts/b Avg": "0",
        "Bwd Blk Rate Avg": "0",
        "Subflow Fwd Pkts": "72",
        "Subflow Fwd Byts": "1088",
        "Subflow Bwd Pkts": "111",
        "Subflow Bwd Byts": "217732",
        "Init Fwd Win Byts": "-1",
        "Init Bwd Win Byts": "130",
        "Fwd Act Data Pkts": "3",
        "Fwd Seg Size Min": "0",
        "Active Mean": "0",
        "Active Std": "0",
        "Active Max": "0",
        "Active Min": "0",
        "Idle Mean": "0",
        "Idle Std": "0",
        "Idle Max": "0",
        "Idle Min": "0",
        "Label": "No Label"
    },
    {
        "Flow ID": "192.168.3.22-200.147.253.13-54596-443-6",
        "Src IP": "192.168.3.22",
        "Src Port": "54596",
        "Dst IP": "200.147.253.13",
        "Dst Port": "443",
        "Protocol": "6",
        "Timestamp": "24/01/2023 09:43:25 AM",
        "Flow Duration": "361",
        "Tot Fwd Pkts": "2",
        "Tot Bwd Pkts": "1",
        "TotLen Fwd Pkts": "31.0",
        "TotLen Bwd Pkts": "0.0",
        "Fwd Pkt Len Max": "31.0",
        "Fwd Pkt Len Min": "0.0",
        "Fwd Pkt Len Mean": "15.5",
        "Fwd Pkt Len Std": "21.920310216782973",
        "Bwd Pkt Len Max": "0.0",
        "Bwd Pkt Len Min": "0.0",
        "Bwd Pkt Len Mean": "0.0",
        "Bwd Pkt Len Std": "0.0",
        "Flow Byts/s": "85872.57617728531",
        "Flow Pkts/s": "8310.249307479224",
        "Flow IAT Mean": "180.5",
        "Flow IAT Std": "198.69700551341987",
        "Flow IAT Max": "321.0",
        "Flow IAT Min": "40.0",
        "Fwd IAT Tot": "40.0",
        "Fwd IAT Mean": "40.0",
        "Fwd IAT Std": "0.0",
        "Fwd IAT Max": "40.0",
        "Fwd IAT Min": "40.0",
        "Bwd IAT Tot": "0",
        "Bwd IAT Mean": "0",
        "Bwd IAT Std": "0",
        "Bwd IAT Max": "0",
        "Bwd IAT Min": "0",
        "Fwd PSH Flags": "0",
        "Bwd PSH Flags": "0",
        "Fwd URG Flags": "0",
        "Bwd URG Flags": "0",
        "Fwd Header Len": "64",
        "Bwd Header Len": "32",
        "Fwd Pkts/s": "5540.16620498615",
        "Bwd Pkts/s": "2770.083102493075",
        "Pkt Len Min": "0.0",
        "Pkt Len Max": "31.0",
        "Pkt Len Mean": "7.75",
        "Pkt Len Std": "15.500000000000002",
        "Pkt Len Var": "240.25000000000003",
        "FIN Flag Cnt": "0",
        "SYN Flag Cnt": "0",
        "RST Flag Cnt": "0",
        "PSH Flag Cnt": "0",
        "ACK Flag Cnt": "1",
        "URG Flag Cnt": "0",
        "CWE Flag Count": "0",
        "ECE Flag Cnt": "0",
        "Down/Up Ratio": "0.0",
        "Pkt Size Avg": "10.333333333333334",
        "Fwd Seg Size Avg": "15.5",
        "Bwd Seg Size Avg": "0.0",
        "Fwd Byts/b Avg": "0",
        "Fwd Pkts/b Avg": "0",
        "Fwd Blk Rate Avg": "0",
        "Bwd Byts/b Avg": "0",
        "Bwd Pkts/b Avg": "0",
        "Bwd Blk Rate Avg": "0",
        "Subflow Fwd Pkts": "2",
        "Subflow Fwd Byts": "31",
        "Subflow Bwd Pkts": "1",
        "Subflow Bwd Byts": "0",
        "Init Fwd Win Byts": "-1",
        "Init Bwd Win Byts": "1002",
        "Fwd Act Data Pkts": "1",
        "Fwd Seg Size Min": "0",
        "Active Mean": "0",
        "Active Std": "0",
        "Active Max": "0",
        "Active Min": "0",
        "Idle Mean": "0",
        "Idle Std": "0",
        "Idle Max": "0",
        "Idle Min": "0",
        "Label": "No Label"
    },
    {
        "Flow ID": "142.251.129.206-192.168.3.22-443-35421-17",
        "Src IP": "192.168.3.22",
        "Src Port": "35421",
        "Dst IP": "142.251.129.206",
        "Dst Port": "443",
        "Protocol": "17",
        "Timestamp": "24/01/2023 09:43:21 AM",
        "Flow Duration": "222776",
        "Tot Fwd Pkts": "7",
        "Tot Bwd Pkts": "12",
        "TotLen Fwd Pkts": "372.0",
        "TotLen Bwd Pkts": "10568.0",
        "Fwd Pkt Len Max": "108.0",
        "Fwd Pkt Len Min": "31.0",
        "Fwd Pkt Len Mean": "53.142857142857146",
        "Fwd Pkt Len Std": "26.422393100225747",
        "Bwd Pkt Len Max": "1357.0",
        "Bwd Pkt Len Min": "28.0",
        "Bwd Pkt Len Mean": "880.6666666666667",
        "Bwd Pkt Len Std": "607.1703869490663",
        "Flow Byts/s": "49107.6238014867",
        "Flow Pkts/s": "85.28746364060761",
        "Flow IAT Mean": "12376.444444444443",
        "Flow IAT Std": "19387.847152342994",
        "Flow IAT Max": "47718.0",
        "Flow IAT Min": "8.0",
        "Fwd IAT Tot": "150310.0",
        "Fwd IAT Mean": "25051.666666666664",
        "Fwd IAT Std": "23456.552633894575",
        "Fwd IAT Max": "47969.0",
        "Fwd IAT Min": "65.0",
        "Bwd IAT Tot": "222776.0",
        "Bwd IAT Mean": "20252.363636363636",
        "Bwd IAT Std": "24303.574116877244",
        "Bwd IAT Max": "55819.0",
        "Bwd IAT Min": "8.0",
        "Fwd PSH Flags": "0",
        "Bwd PSH Flags": "0",
        "Fwd URG Flags": "0",
        "Bwd URG Flags": "0",
        "Fwd Header Len": "56",
        "Bwd Header Len": "96",
        "Fwd Pkts/s": "31.42169713075017",
        "Bwd Pkts/s": "53.86576650985744",
        "Pkt Len Min": "28.0",
        "Pkt Len Max": "1357.0",
        "Pkt Len Mean": "614.8499999999999",
        "Pkt Len Std": "635.2246411599932",
        "Pkt Len Var": "403510.3447368421",
        "FIN Flag Cnt": "0",
        "SYN Flag Cnt": "0",
        "RST Flag Cnt": "0",
        "PSH Flag Cnt": "0",
        "ACK Flag Cnt": "0",
        "URG Flag Cnt": "0",
        "CWE Flag Count": "0",
        "ECE Flag Cnt": "0",
        "Down/Up Ratio": "1.0",
        "Pkt Size Avg": "647.2105263157895",
        "Fwd Seg Size Avg": "53.142857142857146",
        "Bwd Seg Size Avg": "880.6666666666666",
        "Fwd Byts/b Avg": "0",
        "Fwd Pkts/b Avg": "0",
        "Fwd Blk Rate Avg": "0",
        "Bwd Byts/b Avg": "0",
        "Bwd Pkts/b Avg": "0",
        "Bwd Blk Rate Avg": "0",
        "Subflow Fwd Pkts": "7",
        "Subflow Fwd Byts": "372",
        "Subflow Bwd Pkts": "12",
        "Subflow Bwd Byts": "10568",
        "Init Fwd Win Byts": "-1",
        "Init Bwd Win Byts": "-1",
        "Fwd Act Data Pkts": "7",
        "Fwd Seg Size Min": "0",
        "Active Mean": "0",
        "Active Std": "0",
        "Active Max": "0",
        "Active Min": "0",
        "Idle Mean": "0",
        "Idle Std": "0",
        "Idle Max": "0",
        "Idle Min": "0",
        "Label": "No Label"
    },
    {
        "Flow ID": "192.168.3.22-200.147.253.13-54584-443-6",
        "Src IP": "200.147.253.13",
        "Src Port": "443",
        "Dst IP": "192.168.3.22",
        "Dst Port": "54584",
        "Protocol": "6",
        "Timestamp": "24/01/2023 09:43:24 AM",
        "Flow Duration": "189",
        "Tot Fwd Pkts": "1",
        "Tot Bwd Pkts": "1",
        "TotLen Fwd Pkts": "0.0",
        "TotLen Bwd Pkts": "0.0",
        "Fwd Pkt Len Max": "0.0",
        "Fwd Pkt Len Min": "0.0",
        "Fwd Pkt Len Mean": "0.0",
        "Fwd Pkt Len Std": "0.0",
        "Bwd Pkt Len Max": "0.0",
        "Bwd Pkt Len Min": "0.0",
        "Bwd Pkt Len Mean": "0.0",
        "Bwd Pkt Len Std": "0.0",
        "Flow Byts/s": "0.0",
        "Flow Pkts/s": "10582.010582010582",
        "Flow IAT Mean": "189.0",
        "Flow IAT Std": "0.0",
        "Flow IAT Max": "189.0",
        "Flow IAT Min": "189.0",
        "Fwd IAT Tot": "0",
        "Fwd IAT Mean": "0",
        "Fwd IAT Std": "0",
        "Fwd IAT Max": "0",
        "Fwd IAT Min": "0",
        "Bwd IAT Tot": "0",
        "Bwd IAT Mean": "0",
        "Bwd IAT Std": "0",
        "Bwd IAT Max": "0",
        "Bwd IAT Min": "0",
        "Fwd PSH Flags": "0",
        "Bwd PSH Flags": "0",
        "Fwd URG Flags": "0",
        "Bwd URG Flags": "0",
        "Fwd Header Len": "20",
        "Bwd Header Len": "20",
        "Fwd Pkts/s": "5291.005291005291",
        "Bwd Pkts/s": "5291.005291005291",
        "Pkt Len Min": "0.0",
        "Pkt Len Max": "0.0",
        "Pkt Len Mean": "0.0",
        "Pkt Len Std": "0.0",
        "Pkt Len Var": "0.0",
        "FIN Flag Cnt": "0",
        "SYN Flag Cnt": "0",
        "RST Flag Cnt": "1",
        "PSH Flag Cnt": "0",
        "ACK Flag Cnt": "0",
        "URG Flag Cnt": "0",
        "CWE Flag Count": "0",
        "ECE Flag Cnt": "0",
        "Down/Up Ratio": "1.0",
        "Pkt Size Avg": "0.0",
        "Fwd Seg Size Avg": "0.0",
        "Bwd Seg Size Avg": "0.0",
        "Fwd Byts/b Avg": "0",
        "Fwd Pkts/b Avg": "0",
        "Fwd Blk Rate Avg": "0",
        "Bwd Byts/b Avg": "0",
        "Bwd Pkts/b Avg": "0",
        "Bwd Blk Rate Avg": "0",
        "Subflow Fwd Pkts": "1",
        "Subflow Fwd Byts": "0",
        "Subflow Bwd Pkts": "1",
        "Subflow Bwd Byts": "0",
        "Init Fwd Win Byts": "-1",
        "Init Bwd Win Byts": "0",
        "Fwd Act Data Pkts": "0",
        "Fwd Seg Size Min": "0",
        "Active Mean": "0",
        "Active Std": "0",
        "Active Max": "0",
        "Active Min": "0",
        "Idle Mean": "0",
        "Idle Std": "0",
        "Idle Max": "0",
        "Idle Min": "0",
        "Label": "No Label"
    },
    {
        "Flow ID": "192.168.3.22-31.13.85.51-59566-443-6",
        "Src IP": "192.168.3.22",
        "Src Port": "59566",
        "Dst IP": "31.13.85.51",
        "Dst Port": "443",
        "Protocol": "6",
        "Timestamp": "24/01/2023 09:43:24 AM",
        "Flow Duration": "231120",
        "Tot Fwd Pkts": "3",
        "Tot Bwd Pkts": "5",
        "TotLen Fwd Pkts": "125.0",
        "TotLen Bwd Pkts": "411.0",
        "Fwd Pkt Len Max": "125.0",
        "Fwd Pkt Len Min": "0.0",
        "Fwd Pkt Len Mean": "41.66666666666667",
        "Fwd Pkt Len Std": "72.16878364870321",
        "Bwd Pkt Len Max": "240.0",
        "Bwd Pkt Len Min": "0.0",
        "Bwd Pkt Len Mean": "82.2",
        "Bwd Pkt Len Std": "98.42357441182473",
        "Flow Byts/s": "2319.14157147802",
        "Flow Pkts/s": "34.614053305642095",
        "Flow IAT Mean": "33017.142857142855",
        "Flow IAT Std": "47992.53346590687",
        "Flow IAT Max": "134480.0",
        "Flow IAT Min": "12.0",
        "Fwd IAT Tot": "222487.0",
        "Fwd IAT Mean": "111243.5",
        "Fwd IAT Std": "93731.95359374519",
        "Fwd IAT Max": "177522.0",
        "Fwd IAT Min": "44965.0",
        "Bwd IAT Tot": "231103.0",
        "Bwd IAT Mean": "57775.75",
        "Bwd IAT Std": "53844.94759569679",
        "Bwd IAT Max": "134480.0",
        "Bwd IAT Min": "8379.0",
        "Fwd PSH Flags": "0",
        "Bwd PSH Flags": "1",
        "Fwd URG Flags": "0",
        "Bwd URG Flags": "0",
        "Fwd Header Len": "96",
        "Bwd Header Len": "160",
        "Fwd Pkts/s": "12.980269989615785",
        "Bwd Pkts/s": "21.633783316026307",
        "Pkt Len Min": "0.0",
        "Pkt Len Max": "240.0",
        "Pkt Len Mean": "70.44444444444444",
        "Pkt Len Std": "81.47102416060434",
        "Pkt Len Var": "6637.527777777777",
        "FIN Flag Cnt": "0",
        "SYN Flag Cnt": "0",
        "RST Flag Cnt": "0",
        "PSH Flag Cnt": "1",
        "ACK Flag Cnt": "1",
        "URG Flag Cnt": "0",
        "CWE Flag Count": "0",
        "ECE Flag Cnt": "0",
        "Down/Up Ratio": "1.0",
        "Pkt Size Avg": "79.25",
        "Fwd Seg Size Avg": "41.666666666666664",
        "Bwd Seg Size Avg": "82.2",
        "Fwd Byts/b Avg": "0",
        "Fwd Pkts/b Avg": "0",
        "Fwd Blk Rate Avg": "0",
        "Bwd Byts/b Avg": "0",
        "Bwd Pkts/b Avg": "0",
        "Bwd Blk Rate Avg": "0",
        "Subflow Fwd Pkts": "3",
        "Subflow Fwd Byts": "125",
        "Subflow Bwd Pkts": "5",
        "Subflow Bwd Byts": "411",
        "Init Fwd Win Byts": "-1",
        "Init Bwd Win Byts": "2043",
        "Fwd Act Data Pkts": "1",
        "Fwd Seg Size Min": "0",
        "Active Mean": "0",
        "Active Std": "0",
        "Active Max": "0",
        "Active Min": "0",
        "Idle Mean": "0",
        "Idle Std": "0",
        "Idle Max": "0",
        "Idle Min": "0",
        "Label": "No Label"
    },
    {
        "Flow ID": "142.251.128.46-192.168.3.22-443-47728-17",
        "Src IP": "142.251.128.46",
        "Src Port": "443",
        "Dst IP": "192.168.3.22",
        "Dst Port": "47728",
        "Protocol": "17",
        "Timestamp": "24/01/2023 09:43:26 AM",
        "Flow Duration": "582",
        "Tot Fwd Pkts": "1",
        "Tot Bwd Pkts": "2",
        "TotLen Fwd Pkts": "37.0",
        "TotLen Bwd Pkts": "71.0",
        "Fwd Pkt Len Max": "37.0",
        "Fwd Pkt Len Min": "37.0",
        "Fwd Pkt Len Mean": "37.0",
        "Fwd Pkt Len Std": "0.0",
        "Bwd Pkt Len Max": "37.0",
        "Bwd Pkt Len Min": "34.0",
        "Bwd Pkt Len Mean": "35.5",
        "Bwd Pkt Len Std": "2.1213203435596424",
        "Flow Byts/s": "185567.01030927832",
        "Flow Pkts/s": "5154.639175257732",
        "Flow IAT Mean": "291.0",
        "Flow IAT Std": "59.39696961966999",
        "Flow IAT Max": "333.0",
        "Flow IAT Min": "249.0",
        "Fwd IAT Tot": "0",
        "Fwd IAT Mean": "0",
        "Fwd IAT Std": "0",
        "Fwd IAT Max": "0",
        "Fwd IAT Min": "0",
        "Bwd IAT Tot": "582.0",
        "Bwd IAT Mean": "582.0",
        "Bwd IAT Std": "0.0",
        "Bwd IAT Max": "582.0",
        "Bwd IAT Min": "582.0",
        "Fwd PSH Flags": "0",
        "Bwd PSH Flags": "0",
        "Fwd URG Flags": "0",
        "Bwd URG Flags": "0",
        "Fwd Header Len": "8",
        "Bwd Header Len": "16",
        "Fwd Pkts/s": "1718.213058419244",
        "Bwd Pkts/s": "3436.426116838488",
        "Pkt Len Min": "34.0",
        "Pkt Len Max": "37.0",
        "Pkt Len Mean": "36.25",
        "Pkt Len Std": "1.5",
        "Pkt Len Var": "2.25",
        "FIN Flag Cnt": "0",
        "SYN Flag Cnt": "0",
        "RST Flag Cnt": "0",
        "PSH Flag Cnt": "0",
        "ACK Flag Cnt": "0",
        "URG Flag Cnt": "0",
        "CWE Flag Count": "0",
        "ECE Flag Cnt": "0",
        "Down/Up Ratio": "2.0",
        "Pkt Size Avg": "48.333333333333336",
        "Fwd Seg Size Avg": "37.0",
        "Bwd Seg Size Avg": "35.5",
        "Fwd Byts/b Avg": "0",
        "Fwd Pkts/b Avg": "0",
        "Fwd Blk Rate Avg": "0",
        "Bwd Byts/b Avg": "0",
        "Bwd Pkts/b Avg": "0",
        "Bwd Blk Rate Avg": "0",
        "Subflow Fwd Pkts": "1",
        "Subflow Fwd Byts": "37",
        "Subflow Bwd Pkts": "2",
        "Subflow Bwd Byts": "71",
        "Init Fwd Win Byts": "-1",
        "Init Bwd Win Byts": "-1",
        "Fwd Act Data Pkts": "1",
        "Fwd Seg Size Min": "0",
        "Active Mean": "0",
        "Active Std": "0",
        "Active Max": "0",
        "Active Min": "0",
        "Idle Mean": "0",
        "Idle Std": "0",
        "Idle Max": "0",
        "Idle Min": "0",
        "Label": "No Label"
    },
    {
        "Flow ID": "192.168.3.22-216.58.222.5-43322-443-6",
        "Src IP": "192.168.3.22",
        "Src Port": "43322",
        "Dst IP": "216.58.222.5",
        "Dst Port": "443",
        "Protocol": "6",
        "Timestamp": "24/01/2023 09:43:22 AM",
        "Flow Duration": "45649",
        "Tot Fwd Pkts": "0",
        "Tot Bwd Pkts": "2",
        "TotLen Fwd Pkts": "0.0",
        "TotLen Bwd Pkts": "0.0",
        "Fwd Pkt Len Max": "0",
        "Fwd Pkt Len Min": "0",
        "Fwd Pkt Len Mean": "0",
        "Fwd Pkt Len Std": "0",
        "Bwd Pkt Len Max": "0.0",
        "Bwd Pkt Len Min": "0.0",
        "Bwd Pkt Len Mean": "0.0",
        "Bwd Pkt Len Std": "0.0",
        "Flow Byts/s": "0.0",
        "Flow Pkts/s": "43.81256982628316",
        "Flow IAT Mean": "45649.0",
        "Flow IAT Std": "0.0",
        "Flow IAT Max": "45649.0",
        "Flow IAT Min": "45649.0",
        "Fwd IAT Tot": "0",
        "Fwd IAT Mean": "0",
        "Fwd IAT Std": "0",
        "Fwd IAT Max": "0",
        "Fwd IAT Min": "0",
        "Bwd IAT Tot": "45649.0",
        "Bwd IAT Mean": "45649.0",
        "Bwd IAT Std": "0.0",
        "Bwd IAT Max": "45649.0",
        "Bwd IAT Min": "45649.0",
        "Fwd PSH Flags": "0",
        "Bwd PSH Flags": "0",
        "Fwd URG Flags": "0",
        "Bwd URG Flags": "0",
        "Fwd Header Len": "0",
        "Bwd Header Len": "64",
        "Fwd Pkts/s": "0.0",
        "Bwd Pkts/s": "43.81256982628316",
        "Pkt Len Min": "0.0",
        "Pkt Len Max": "0.0",
        "Pkt Len Mean": "0.0",
        "Pkt Len Std": "0.0",
        "Pkt Len Var": "0.0",
        "FIN Flag Cnt": "0",
        "SYN Flag Cnt": "0",
        "RST Flag Cnt": "0",
        "PSH Flag Cnt": "0",
        "ACK Flag Cnt": "1",
        "URG Flag Cnt": "0",
        "CWE Flag Count": "0",
        "ECE Flag Cnt": "0",
        "Down/Up Ratio": "0.0",
        "Pkt Size Avg": "0.0",
        "Fwd Seg Size Avg": "0.0",
        "Bwd Seg Size Avg": "0.0",
        "Fwd Byts/b Avg": "0",
        "Fwd Pkts/b Avg": "0",
        "Fwd Blk Rate Avg": "0",
        "Bwd Byts/b Avg": "0",
        "Bwd Pkts/b Avg": "0",
        "Bwd Blk Rate Avg": "0",
        "Subflow Fwd Pkts": "0",
        "Subflow Fwd Byts": "0",
        "Subflow Bwd Pkts": "2",
        "Subflow Bwd Byts": "0",
        "Init Fwd Win Byts": "-1",
        "Init Bwd Win Byts": "301",
        "Fwd Act Data Pkts": "0",
        "Fwd Seg Size Min": "0",
        "Active Mean": "0",
        "Active Std": "0",
        "Active Max": "0",
        "Active Min": "0",
        "Idle Mean": "0",
        "Idle Std": "0",
        "Idle Max": "0",
        "Idle Min": "0",
        "Label": "No Label"
    },
    {
        "Flow ID": "192.168.3.22-31.13.85.51-35097-443-17",
        "Src IP": "192.168.3.22",
        "Src Port": "35097",
        "Dst IP": "31.13.85.51",
        "Dst Port": "443",
        "Protocol": "17",
        "Timestamp": "24/01/2023 09:43:24 AM",
        "Flow Duration": "556820",
        "Tot Fwd Pkts": "22",
        "Tot Bwd Pkts": "35",
        "TotLen Fwd Pkts": "2182.0",
        "TotLen Bwd Pkts": "21511.0",
        "Fwd Pkt Len Max": "402.0",
        "Fwd Pkt Len Min": "31.0",
        "Fwd Pkt Len Mean": "99.18181818181819",
        "Fwd Pkt Len Std": "128.3880414115317",
        "Bwd Pkt Len Max": "1357.0",
        "Bwd Pkt Len Min": "43.0",
        "Bwd Pkt Len Mean": "614.6000000000001",
        "Bwd Pkt Len Std": "531.3427607597234",
        "Flow Byts/s": "42550.554936963475",
        "Flow Pkts/s": "102.36701267914228",
        "Flow IAT Mean": "9943.214285714288",
        "Flow IAT Std": "21456.526456759264",
        "Flow IAT Max": "118478.0",
        "Flow IAT Min": "1.0",
        "Fwd IAT Tot": "436326.0",
        "Fwd IAT Mean": "20777.428571428572",
        "Fwd IAT Std": "27255.07740508441",
        "Fwd IAT Max": "118736.0",
        "Fwd IAT Min": "19.0",
        "Bwd IAT Tot": "556820.0",
        "Bwd IAT Mean": "16377.058823529413",
        "Bwd IAT Std": "32347.65555266735",
        "Bwd IAT Max": "138744.0",
        "Bwd IAT Min": "1.0",
        "Fwd PSH Flags": "0",
        "Bwd PSH Flags": "0",
        "Fwd URG Flags": "0",
        "Bwd URG Flags": "0",
        "Fwd Header Len": "176",
        "Bwd Header Len": "280",
        "Fwd Pkts/s": "39.51007506914263",
        "Bwd Pkts/s": "62.85693760999964",
        "Pkt Len Min": "31.0",
        "Pkt Len Max": "1357.0",
        "Pkt Len Mean": "431.896551724138",
        "Pkt Len Std": "502.70711676985303",
        "Pkt Len Var": "252714.44525105867",
        "FIN Flag Cnt": "0",
        "SYN Flag Cnt": "0",
        "RST Flag Cnt": "0",
        "PSH Flag Cnt": "0",
        "ACK Flag Cnt": "0",
        "URG Flag Cnt": "0",
        "CWE Flag Count": "0",
        "ECE Flag Cnt": "0",
        "Down/Up Ratio": "1.0",
        "Pkt Size Avg": "439.4736842105263",
        "Fwd Seg Size Avg": "99.18181818181819",
        "Bwd Seg Size Avg": "614.6",
        "Fwd Byts/b Avg": "0",
        "Fwd Pkts/b Avg": "0",
        "Fwd Blk Rate Avg": "0",
        "Bwd Byts/b Avg": "0",
        "Bwd Pkts/b Avg": "0",
        "Bwd Blk Rate Avg": "0",
        "Subflow Fwd Pkts": "22",
        "Subflow Fwd Byts": "2182",
        "Subflow Bwd Pkts": "35",
        "Subflow Bwd Byts": "21511",
        "Init Fwd Win Byts": "-1",
        "Init Bwd Win Byts": "-1",
        "Fwd Act Data Pkts": "22",
        "Fwd Seg Size Min": "0",
        "Active Mean": "0",
        "Active Std": "0",
        "Active Max": "0",
        "Active Min": "0",
        "Idle Mean": "0",
        "Idle Std": "0",
        "Idle Max": "0",
        "Idle Min": "0",
        "Label": "No Label"
    },
    {
        "Flow ID": "192.168.3.22-200.147.253.13-54592-443-6",
        "Src IP": "200.147.253.13",
        "Src Port": "443",
        "Dst IP": "192.168.3.22",
        "Dst Port": "54592",
        "Protocol": "6",
        "Timestamp": "24/01/2023 09:43:24 AM",
        "Flow Duration": "18",
        "Tot Fwd Pkts": "1",
        "Tot Bwd Pkts": "1",
        "TotLen Fwd Pkts": "0.0",
        "TotLen Bwd Pkts": "0.0",
        "Fwd Pkt Len Max": "0.0",
        "Fwd Pkt Len Min": "0.0",
        "Fwd Pkt Len Mean": "0.0",
        "Fwd Pkt Len Std": "0.0",
        "Bwd Pkt Len Max": "0.0",
        "Bwd Pkt Len Min": "0.0",
        "Bwd Pkt Len Mean": "0.0",
        "Bwd Pkt Len Std": "0.0",
        "Flow Byts/s": "0.0",
        "Flow Pkts/s": "111111.11111111111",
        "Flow IAT Mean": "18.0",
        "Flow IAT Std": "0.0",
        "Flow IAT Max": "18.0",
        "Flow IAT Min": "18.0",
        "Fwd IAT Tot": "0",
        "Fwd IAT Mean": "0",
        "Fwd IAT Std": "0",
        "Fwd IAT Max": "0",
        "Fwd IAT Min": "0",
        "Bwd IAT Tot": "0",
        "Bwd IAT Mean": "0",
        "Bwd IAT Std": "0",
        "Bwd IAT Max": "0",
        "Bwd IAT Min": "0",
        "Fwd PSH Flags": "0",
        "Bwd PSH Flags": "0",
        "Fwd URG Flags": "0",
        "Bwd URG Flags": "0",
        "Fwd Header Len": "20",
        "Bwd Header Len": "20",
        "Fwd Pkts/s": "55555.555555555555",
        "Bwd Pkts/s": "55555.555555555555",
        "Pkt Len Min": "0.0",
        "Pkt Len Max": "0.0",
        "Pkt Len Mean": "0.0",
        "Pkt Len Std": "0.0",
        "Pkt Len Var": "0.0",
        "FIN Flag Cnt": "0",
        "SYN Flag Cnt": "0",
        "RST Flag Cnt": "1",
        "PSH Flag Cnt": "0",
        "ACK Flag Cnt": "0",
        "URG Flag Cnt": "0",
        "CWE Flag Count": "0",
        "ECE Flag Cnt": "0",
        "Down/Up Ratio": "1.0",
        "Pkt Size Avg": "0.0",
        "Fwd Seg Size Avg": "0.0",
        "Bwd Seg Size Avg": "0.0",
        "Fwd Byts/b Avg": "0",
        "Fwd Pkts/b Avg": "0",
        "Fwd Blk Rate Avg": "0",
        "Bwd Byts/b Avg": "0",
        "Bwd Pkts/b Avg": "0",
        "Bwd Blk Rate Avg": "0",
        "Subflow Fwd Pkts": "1",
        "Subflow Fwd Byts": "0",
        "Subflow Bwd Pkts": "1",
        "Subflow Bwd Byts": "0",
        "Init Fwd Win Byts": "-1",
        "Init Bwd Win Byts": "0",
        "Fwd Act Data Pkts": "0",
        "Fwd Seg Size Min": "0",
        "Active Mean": "0",
        "Active Std": "0",
        "Active Max": "0",
        "Active Min": "0",
        "Idle Mean": "0",
        "Idle Std": "0",
        "Idle Max": "0",
        "Idle Min": "0",
        "Label": "No Label"
    },
    {
        "Flow ID": "142.251.132.227-192.168.3.22-443-53784-17",
        "Src IP": "192.168.3.22",
        "Src Port": "53784",
        "Dst IP": "142.251.132.227",
        "Dst Port": "443",
        "Protocol": "17",
        "Timestamp": "24/01/2023 09:43:25 AM",
        "Flow Duration": "190625",
        "Tot Fwd Pkts": "7",
        "Tot Bwd Pkts": "11",
        "TotLen Fwd Pkts": "977.0",
        "TotLen Bwd Pkts": "5546.0",
        "Fwd Pkt Len Max": "685.0",
        "Fwd Pkt Len Min": "33.0",
        "Fwd Pkt Len Mean": "139.57142857142858",
        "Fwd Pkt Len Std": "241.46694538649737",
        "Bwd Pkt Len Max": "1250.0",
        "Bwd Pkt Len Min": "25.0",
        "Bwd Pkt Len Mean": "504.18181818181813",
        "Bwd Pkt Len Std": "541.9053087360961",
        "Flow Byts/s": "34219.016393442624",
        "Flow Pkts/s": "94.42622950819673",
        "Flow IAT Mean": "11213.235294117647",
        "Flow IAT Std": "20313.396689529218",
        "Flow IAT Max": "70822.0",
        "Flow IAT Min": "2.0",
        "Fwd IAT Tot": "178819.0",
        "Fwd IAT Mean": "29803.166666666668",
        "Fwd IAT Std": "37966.89149465185",
        "Fwd IAT Max": "94326.0",
        "Fwd IAT Min": "186.0",
        "Bwd IAT Tot": "190625.0",
        "Bwd IAT Mean": "19062.499999999996",
        "Bwd IAT Std": "26084.94022845792",
        "Bwd IAT Max": "71826.0",
        "Bwd IAT Min": "2.0",
        "Fwd PSH Flags": "0",
        "Bwd PSH Flags": "0",
        "Fwd URG Flags": "0",
        "Bwd URG Flags": "0",
        "Fwd Header Len": "56",
        "Bwd Header Len": "88",
        "Fwd Pkts/s": "36.72131147540984",
        "Bwd Pkts/s": "57.704918032786885",
        "Pkt Len Min": "25.0",
        "Pkt Len Max": "1250.0",
        "Pkt Len Mean": "409.10526315789474",
        "Pkt Len Std": "505.60908205811444",
        "Pkt Len Var": "255640.5438596491",
        "FIN Flag Cnt": "0",
        "SYN Flag Cnt": "0",
        "RST Flag Cnt": "0",
        "PSH Flag Cnt": "0",
        "ACK Flag Cnt": "0",
        "URG Flag Cnt": "0",
        "CWE Flag Count": "0",
        "ECE Flag Cnt": "0",
        "Down/Up Ratio": "1.0",
        "Pkt Size Avg": "431.8333333333333",
        "Fwd Seg Size Avg": "139.57142857142858",
        "Bwd Seg Size Avg": "504.1818181818182",
        "Fwd Byts/b Avg": "0",
        "Fwd Pkts/b Avg": "0",
        "Fwd Blk Rate Avg": "0",
        "Bwd Byts/b Avg": "0",
        "Bwd Pkts/b Avg": "0",
        "Bwd Blk Rate Avg": "0",
        "Subflow Fwd Pkts": "7",
        "Subflow Fwd Byts": "977",
        "Subflow Bwd Pkts": "11",
        "Subflow Bwd Byts": "5546",
        "Init Fwd Win Byts": "-1",
        "Init Bwd Win Byts": "-1",
        "Fwd Act Data Pkts": "7",
        "Fwd Seg Size Min": "0",
        "Active Mean": "0",
        "Active Std": "0",
        "Active Max": "0",
        "Active Min": "0",
        "Idle Mean": "0",
        "Idle Std": "0",
        "Idle Max": "0",
        "Idle Min": "0",
        "Label": "No Label"
    },
    {
        "Flow ID": "142.251.128.99-192.168.3.22-443-60682-6",
        "Src IP": "192.168.3.22",
        "Src Port": "60682",
        "Dst IP": "142.251.128.99",
        "Dst Port": "443",
        "Protocol": "6",
        "Timestamp": "24/01/2023 09:43:22 AM",
        "Flow Duration": "45329",
        "Tot Fwd Pkts": "0",
        "Tot Bwd Pkts": "2",
        "TotLen Fwd Pkts": "0.0",
        "TotLen Bwd Pkts": "0.0",
        "Fwd Pkt Len Max": "0",
        "Fwd Pkt Len Min": "0",
        "Fwd Pkt Len Mean": "0",
        "Fwd Pkt Len Std": "0",
        "Bwd Pkt Len Max": "0.0",
        "Bwd Pkt Len Min": "0.0",
        "Bwd Pkt Len Mean": "0.0",
        "Bwd Pkt Len Std": "0.0",
        "Flow Byts/s": "0.0",
        "Flow Pkts/s": "44.12186458999757",
        "Flow IAT Mean": "45329.0",
        "Flow IAT Std": "0.0",
        "Flow IAT Max": "45329.0",
        "Flow IAT Min": "45329.0",
        "Fwd IAT Tot": "0",
        "Fwd IAT Mean": "0",
        "Fwd IAT Std": "0",
        "Fwd IAT Max": "0",
        "Fwd IAT Min": "0",
        "Bwd IAT Tot": "45329.0",
        "Bwd IAT Mean": "45329.0",
        "Bwd IAT Std": "0.0",
        "Bwd IAT Max": "45329.0",
        "Bwd IAT Min": "45329.0",
        "Fwd PSH Flags": "0",
        "Bwd PSH Flags": "0",
        "Fwd URG Flags": "0",
        "Bwd URG Flags": "0",
        "Fwd Header Len": "0",
        "Bwd Header Len": "64",
        "Fwd Pkts/s": "0.0",
        "Bwd Pkts/s": "44.12186458999757",
        "Pkt Len Min": "0.0",
        "Pkt Len Max": "0.0",
        "Pkt Len Mean": "0.0",
        "Pkt Len Std": "0.0",
        "Pkt Len Var": "0.0",
        "FIN Flag Cnt": "0",
        "SYN Flag Cnt": "0",
        "RST Flag Cnt": "0",
        "PSH Flag Cnt": "0",
        "ACK Flag Cnt": "1",
        "URG Flag Cnt": "0",
        "CWE Flag Count": "0",
        "ECE Flag Cnt": "0",
        "Down/Up Ratio": "0.0",
        "Pkt Size Avg": "0.0",
        "Fwd Seg Size Avg": "0.0",
        "Bwd Seg Size Avg": "0.0",
        "Fwd Byts/b Avg": "0",
        "Fwd Pkts/b Avg": "0",
        "Fwd Blk Rate Avg": "0",
        "Bwd Byts/b Avg": "0",
        "Bwd Pkts/b Avg": "0",
        "Bwd Blk Rate Avg": "0",
        "Subflow Fwd Pkts": "0",
        "Subflow Fwd Byts": "0",
        "Subflow Bwd Pkts": "2",
        "Subflow Bwd Byts": "0",
        "Init Fwd Win Byts": "-1",
        "Init Bwd Win Byts": "261",
        "Fwd Act Data Pkts": "0",
        "Fwd Seg Size Min": "0",
        "Active Mean": "0",
        "Active Std": "0",
        "Active Max": "0",
        "Active Min": "0",
        "Idle Mean": "0",
        "Idle Std": "0",
        "Idle Max": "0",
        "Idle Min": "0",
        "Label": "No Label"
    },
    {
        "Flow ID": "192.168.3.1-192.168.3.22-53-55527-17",
        "Src IP": "192.168.3.22",
        "Src Port": "55527",
        "Dst IP": "192.168.3.1",
        "Dst Port": "53",
        "Protocol": "17",
        "Timestamp": "24/01/2023 09:43:24 AM",
        "Flow Duration": "3146",
        "Tot Fwd Pkts": "0",
        "Tot Bwd Pkts": "2",
        "TotLen Fwd Pkts": "0.0",
        "TotLen Bwd Pkts": "110.0",
        "Fwd Pkt Len Max": "0",
        "Fwd Pkt Len Min": "0",
        "Fwd Pkt Len Mean": "0",
        "Fwd Pkt Len Std": "0",
        "Bwd Pkt Len Max": "63.0",
        "Bwd Pkt Len Min": "47.0",
        "Bwd Pkt Len Mean": "55.0",
        "Bwd Pkt Len Std": "11.313708498984761",
        "Flow Byts/s": "34965.03496503497",
        "Flow Pkts/s": "635.7279084551813",
        "Flow IAT Mean": "3146.0",
        "Flow IAT Std": "0.0",
        "Flow IAT Max": "3146.0",
        "Flow IAT Min": "3146.0",
        "Fwd IAT Tot": "0",
        "Fwd IAT Mean": "0",
        "Fwd IAT Std": "0",
        "Fwd IAT Max": "0",
        "Fwd IAT Min": "0",
        "Bwd IAT Tot": "3146.0",
        "Bwd IAT Mean": "3146.0",
        "Bwd IAT Std": "0.0",
        "Bwd IAT Max": "3146.0",
        "Bwd IAT Min": "3146.0",
        "Fwd PSH Flags": "0",
        "Bwd PSH Flags": "0",
        "Fwd URG Flags": "0",
        "Bwd URG Flags": "0",
        "Fwd Header Len": "0",
        "Bwd Header Len": "16",
        "Fwd Pkts/s": "0.0",
        "Bwd Pkts/s": "635.7279084551813",
        "Pkt Len Min": "47.0",
        "Pkt Len Max": "63.0",
        "Pkt Len Mean": "52.333333333333336",
        "Pkt Len Std": "9.237604307034012",
        "Pkt Len Var": "85.33333333333333",
        "FIN Flag Cnt": "0",
        "SYN Flag Cnt": "0",
        "RST Flag Cnt": "0",
        "PSH Flag Cnt": "0",
        "ACK Flag Cnt": "0",
        "URG Flag Cnt": "0",
        "CWE Flag Count": "0",
        "ECE Flag Cnt": "0",
        "Down/Up Ratio": "0.0",
        "Pkt Size Avg": "78.5",
        "Fwd Seg Size Avg": "0.0",
        "Bwd Seg Size Avg": "55.0",
        "Fwd Byts/b Avg": "0",
        "Fwd Pkts/b Avg": "0",
        "Fwd Blk Rate Avg": "0",
        "Bwd Byts/b Avg": "0",
        "Bwd Pkts/b Avg": "0",
        "Bwd Blk Rate Avg": "0",
        "Subflow Fwd Pkts": "0",
        "Subflow Fwd Byts": "0",
        "Subflow Bwd Pkts": "2",
        "Subflow Bwd Byts": "110",
        "Init Fwd Win Byts": "-1",
        "Init Bwd Win Byts": "-1",
        "Fwd Act Data Pkts": "0",
        "Fwd Seg Size Min": "0",
        "Active Mean": "0",
        "Active Std": "0",
        "Active Max": "0",
        "Active Min": "0",
        "Idle Mean": "0",
        "Idle Std": "0",
        "Idle Max": "0",
        "Idle Min": "0",
        "Label": "No Label"
    },
    {
        "Flow ID": "192.168.3.22-200.147.253.13-54596-443-6",
        "Src IP": "200.147.253.13",
        "Src Port": "443",
        "Dst IP": "192.168.3.22",
        "Dst Port": "54596",
        "Protocol": "6",
        "Timestamp": "24/01/2023 09:43:25 AM",
        "Flow Duration": "23",
        "Tot Fwd Pkts": "1",
        "Tot Bwd Pkts": "1",
        "TotLen Fwd Pkts": "0.0",
        "TotLen Bwd Pkts": "0.0",
        "Fwd Pkt Len Max": "0.0",
        "Fwd Pkt Len Min": "0.0",
        "Fwd Pkt Len Mean": "0.0",
        "Fwd Pkt Len Std": "0.0",
        "Bwd Pkt Len Max": "0.0",
        "Bwd Pkt Len Min": "0.0",
        "Bwd Pkt Len Mean": "0.0",
        "Bwd Pkt Len Std": "0.0",
        "Flow Byts/s": "0.0",
        "Flow Pkts/s": "86956.52173913043",
        "Flow IAT Mean": "23.0",
        "Flow IAT Std": "0.0",
        "Flow IAT Max": "23.0",
        "Flow IAT Min": "23.0",
        "Fwd IAT Tot": "0",
        "Fwd IAT Mean": "0",
        "Fwd IAT Std": "0",
        "Fwd IAT Max": "0",
        "Fwd IAT Min": "0",
        "Bwd IAT Tot": "0",
        "Bwd IAT Mean": "0",
        "Bwd IAT Std": "0",
        "Bwd IAT Max": "0",
        "Bwd IAT Min": "0",
        "Fwd PSH Flags": "0",
        "Bwd PSH Flags": "0",
        "Fwd URG Flags": "0",
        "Bwd URG Flags": "0",
        "Fwd Header Len": "20",
        "Bwd Header Len": "20",
        "Fwd Pkts/s": "43478.260869565216",
        "Bwd Pkts/s": "43478.260869565216",
        "Pkt Len Min": "0.0",
        "Pkt Len Max": "0.0",
        "Pkt Len Mean": "0.0",
        "Pkt Len Std": "0.0",
        "Pkt Len Var": "0.0",
        "FIN Flag Cnt": "0",
        "SYN Flag Cnt": "0",
        "RST Flag Cnt": "1",
        "PSH Flag Cnt": "0",
        "ACK Flag Cnt": "0",
        "URG Flag Cnt": "0",
        "CWE Flag Count": "0",
        "ECE Flag Cnt": "0",
        "Down/Up Ratio": "1.0",
        "Pkt Size Avg": "0.0",
        "Fwd Seg Size Avg": "0.0",
        "Bwd Seg Size Avg": "0.0",
        "Fwd Byts/b Avg": "0",
        "Fwd Pkts/b Avg": "0",
        "Fwd Blk Rate Avg": "0",
        "Bwd Byts/b Avg": "0",
        "Bwd Pkts/b Avg": "0",
        "Bwd Blk Rate Avg": "0",
        "Subflow Fwd Pkts": "1",
        "Subflow Fwd Byts": "0",
        "Subflow Bwd Pkts": "1",
        "Subflow Bwd Byts": "0",
        "Init Fwd Win Byts": "-1",
        "Init Bwd Win Byts": "0",
        "Fwd Act Data Pkts": "0",
        "Fwd Seg Size Min": "0",
        "Active Mean": "0",
        "Active Std": "0",
        "Active Max": "0",
        "Active Min": "0",
        "Idle Mean": "0",
        "Idle Std": "0",
        "Idle Max": "0",
        "Idle Min": "0",
        "Label": "No Label"
    },
    {
        "Flow ID": "192.168.3.1-192.168.3.22-53-60491-17",
        "Src IP": "192.168.3.22",
        "Src Port": "60491",
        "Dst IP": "192.168.3.1",
        "Dst Port": "53",
        "Protocol": "17",
        "Timestamp": "24/01/2023 09:43:24 AM",
        "Flow Duration": "2650",
        "Tot Fwd Pkts": "0",
        "Tot Bwd Pkts": "2",
        "TotLen Fwd Pkts": "0.0",
        "TotLen Bwd Pkts": "122.0",
        "Fwd Pkt Len Max": "0",
        "Fwd Pkt Len Min": "0",
        "Fwd Pkt Len Mean": "0",
        "Fwd Pkt Len Std": "0",
        "Bwd Pkt Len Max": "75.0",
        "Bwd Pkt Len Min": "47.0",
        "Bwd Pkt Len Mean": "61.0",
        "Bwd Pkt Len Std": "19.79898987322333",
        "Flow Byts/s": "46037.735849056604",
        "Flow Pkts/s": "754.7169811320755",
        "Flow IAT Mean": "2650.0",
        "Flow IAT Std": "0.0",
        "Flow IAT Max": "2650.0",
        "Flow IAT Min": "2650.0",
        "Fwd IAT Tot": "0",
        "Fwd IAT Mean": "0",
        "Fwd IAT Std": "0",
        "Fwd IAT Max": "0",
        "Fwd IAT Min": "0",
        "Bwd IAT Tot": "2650.0",
        "Bwd IAT Mean": "2650.0",
        "Bwd IAT Std": "0.0",
        "Bwd IAT Max": "2650.0",
        "Bwd IAT Min": "2650.0",
        "Fwd PSH Flags": "0",
        "Bwd PSH Flags": "0",
        "Fwd URG Flags": "0",
        "Bwd URG Flags": "0",
        "Fwd Header Len": "0",
        "Bwd Header Len": "16",
        "Fwd Pkts/s": "0.0",
        "Bwd Pkts/s": "754.7169811320755",
        "Pkt Len Min": "47.0",
        "Pkt Len Max": "75.0",
        "Pkt Len Mean": "56.333333333333336",
        "Pkt Len Std": "16.165807537309522",
        "Pkt Len Var": "261.33333333333337",
        "FIN Flag Cnt": "0",
        "SYN Flag Cnt": "0",
        "RST Flag Cnt": "0",
        "PSH Flag Cnt": "0",
        "ACK Flag Cnt": "0",
        "URG Flag Cnt": "0",
        "CWE Flag Count": "0",
        "ECE Flag Cnt": "0",
        "Down/Up Ratio": "0.0",
        "Pkt Size Avg": "84.5",
        "Fwd Seg Size Avg": "0.0",
        "Bwd Seg Size Avg": "61.0",
        "Fwd Byts/b Avg": "0",
        "Fwd Pkts/b Avg": "0",
        "Fwd Blk Rate Avg": "0",
        "Bwd Byts/b Avg": "0",
        "Bwd Pkts/b Avg": "0",
        "Bwd Blk Rate Avg": "0",
        "Subflow Fwd Pkts": "0",
        "Subflow Fwd Byts": "0",
        "Subflow Bwd Pkts": "2",
        "Subflow Bwd Byts": "122",
        "Init Fwd Win Byts": "-1",
        "Init Bwd Win Byts": "-1",
        "Fwd Act Data Pkts": "0",
        "Fwd Seg Size Min": "0",
        "Active Mean": "0",
        "Active Std": "0",
        "Active Max": "0",
        "Active Min": "0",
        "Idle Mean": "0",
        "Idle Std": "0",
        "Idle Max": "0",
        "Idle Min": "0",
        "Label": "No Label"
    },
    {
        "Flow ID": "192.168.3.22-239.255.255.250-52475-1900-17",
        "Src IP": "192.168.3.22",
        "Src Port": "52475",
        "Dst IP": "239.255.255.250",
        "Dst Port": "1900",
        "Protocol": "17",
        "Timestamp": "24/01/2023 09:43:23 AM",
        "Flow Duration": "3022063",
        "Tot Fwd Pkts": "3",
        "Tot Bwd Pkts": "1",
        "TotLen Fwd Pkts": "516.0",
        "TotLen Bwd Pkts": "172.0",
        "Fwd Pkt Len Max": "172.0",
        "Fwd Pkt Len Min": "172.0",
        "Fwd Pkt Len Mean": "172.0",
        "Fwd Pkt Len Std": "0.0",
        "Bwd Pkt Len Max": "172.0",
        "Bwd Pkt Len Min": "172.0",
        "Bwd Pkt Len Mean": "172.0",
        "Bwd Pkt Len Std": "0.0",
        "Flow Byts/s": "227.65905277289056",
        "Flow Pkts/s": "1.3235991440284336",
        "Flow IAT Mean": "1007354.3333333334",
        "Flow IAT Std": "718.6447894010875",
        "Flow IAT Max": "1007849.0",
        "Flow IAT Min": "1006530.0",
        "Fwd IAT Tot": "2015533.0",
        "Fwd IAT Mean": "1007766.5",
        "Fwd IAT Std": "116.67261889578035",
        "Fwd IAT Max": "1007849.0",
        "Fwd IAT Min": "1007684.0",
        "Bwd IAT Tot": "0",
        "Bwd IAT Mean": "0",
        "Bwd IAT Std": "0",
        "Bwd IAT Max": "0",
        "Bwd IAT Min": "0",
        "Fwd PSH Flags": "0",
        "Bwd PSH Flags": "0",
        "Fwd URG Flags": "0",
        "Bwd URG Flags": "0",
        "Fwd Header Len": "24",
        "Bwd Header Len": "8",
        "Fwd Pkts/s": "0.9926993580213251",
        "Bwd Pkts/s": "0.3308997860071084",
        "Pkt Len Min": "172.0",
        "Pkt Len Max": "172.0",
        "Pkt Len Mean": "172.0",
        "Pkt Len Std": "0.0",
        "Pkt Len Var": "0.0",
        "FIN Flag Cnt": "0",
        "SYN Flag Cnt": "0",
        "RST Flag Cnt": "0",
        "PSH Flag Cnt": "0",
        "ACK Flag Cnt": "0",
        "URG Flag Cnt": "0",
        "CWE Flag Count": "0",
        "ECE Flag Cnt": "0",
        "Down/Up Ratio": "0.0",
        "Pkt Size Avg": "215.0",
        "Fwd Seg Size Avg": "172.0",
        "Bwd Seg Size Avg": "172.0",
        "Fwd Byts/b Avg": "0",
        "Fwd Pkts/b Avg": "0",
        "Fwd Blk Rate Avg": "0",
        "Bwd Byts/b Avg": "0",
        "Bwd Pkts/b Avg": "0",
        "Bwd Blk Rate Avg": "0",
        "Subflow Fwd Pkts": "3",
        "Subflow Fwd Byts": "516",
        "Subflow Bwd Pkts": "1",
        "Subflow Bwd Byts": "172",
        "Init Fwd Win Byts": "-1",
        "Init Bwd Win Byts": "-1",
        "Fwd Act Data Pkts": "3",
        "Fwd Seg Size Min": "0",
        "Active Mean": "0",
        "Active Std": "0",
        "Active Max": "0",
        "Active Min": "0",
        "Idle Mean": "0",
        "Idle Std": "0",
        "Idle Max": "0",
        "Idle Min": "0",
        "Label": "No Label"
    },
    {
        "Flow ID": "192.168.3.22-200.133.23.98-50735-443-17",
        "Src IP": "192.168.3.22",
        "Src Port": "50735",
        "Dst IP": "200.133.23.98",
        "Dst Port": "443",
        "Protocol": "17",
        "Timestamp": "24/01/2023 09:43:25 AM",
        "Flow Duration": "241853",
        "Tot Fwd Pkts": "3",
        "Tot Bwd Pkts": "5",
        "TotLen Fwd Pkts": "100.0",
        "TotLen Bwd Pkts": "707.0",
        "Fwd Pkt Len Max": "35.0",
        "Fwd Pkt Len Min": "31.0",
        "Fwd Pkt Len Mean": "33.333333333333336",
        "Fwd Pkt Len Std": "2.0816659994661326",
        "Bwd Pkt Len Max": "355.0",
        "Bwd Pkt Len Min": "48.0",
        "Bwd Pkt Len Mean": "141.4",
        "Bwd Pkt Len Std": "138.04999094530936",
        "Flow Byts/s": "3336.7376050741564",
        "Flow Pkts/s": "33.07794404038817",
        "Flow IAT Mean": "34550.428571428565",
        "Flow IAT Std": "59331.79734301314",
        "Flow IAT Max": "164528.0",
        "Flow IAT Min": "25.0",
        "Fwd IAT Tot": "164848.0",
        "Fwd IAT Mean": "82424.0",
        "Fwd IAT Std": "116415.23202742844",
        "Fwd IAT Max": "164742.0",
        "Fwd IAT Min": "106.0",
        "Bwd IAT Tot": "241853.0",
        "Bwd IAT Mean": "60463.24999999999",
        "Bwd IAT Std": "84816.75763029772",
        "Bwd IAT Max": "184951.0",
        "Bwd IAT Min": "239.0",
        "Fwd PSH Flags": "0",
        "Bwd PSH Flags": "0",
        "Fwd URG Flags": "0",
        "Bwd URG Flags": "0",
        "Fwd Header Len": "24",
        "Bwd Header Len": "40",
        "Fwd Pkts/s": "12.404229015145564",
        "Bwd Pkts/s": "20.673715025242604",
        "Pkt Len Min": "31.0",
        "Pkt Len Max": "355.0",
        "Pkt Len Mean": "129.11111111111111",
        "Pkt Len Std": "139.43676384336774",
        "Pkt Len Var": "19442.61111111111",
        "FIN Flag Cnt": "0",
        "SYN Flag Cnt": "0",
        "RST Flag Cnt": "0",
        "PSH Flag Cnt": "0",
        "ACK Flag Cnt": "0",
        "URG Flag Cnt": "0",
        "CWE Flag Count": "0",
        "ECE Flag Cnt": "0",
        "Down/Up Ratio": "1.0",
        "Pkt Size Avg": "145.25",
        "Fwd Seg Size Avg": "33.333333333333336",
        "Bwd Seg Size Avg": "141.4",
        "Fwd Byts/b Avg": "0",
        "Fwd Pkts/b Avg": "0",
        "Fwd Blk Rate Avg": "0",
        "Bwd Byts/b Avg": "0",
        "Bwd Pkts/b Avg": "0",
        "Bwd Blk Rate Avg": "0",
        "Subflow Fwd Pkts": "3",
        "Subflow Fwd Byts": "100",
        "Subflow Bwd Pkts": "5",
        "Subflow Bwd Byts": "707",
        "Init Fwd Win Byts": "-1",
        "Init Bwd Win Byts": "-1",
        "Fwd Act Data Pkts": "3",
        "Fwd Seg Size Min": "0",
        "Active Mean": "0",
        "Active Std": "0",
        "Active Max": "0",
        "Active Min": "0",
        "Idle Mean": "0",
        "Idle Std": "0",
        "Idle Max": "0",
        "Idle Min": "0",
        "Label": "No Label"
    },
    {
        "Flow ID": "172.217.173.110-192.168.3.22-443-42678-6",
        "Src IP": "192.168.3.22",
        "Src Port": "42678",
        "Dst IP": "172.217.173.110",
        "Dst Port": "443",
        "Protocol": "6",
        "Timestamp": "24/01/2023 09:43:21 AM",
        "Flow Duration": "149410",
        "Tot Fwd Pkts": "8",
        "Tot Bwd Pkts": "8",
        "TotLen Fwd Pkts": "917.0",
        "TotLen Bwd Pkts": "1999.0",
        "Fwd Pkt Len Max": "472.0",
        "Fwd Pkt Len Min": "0.0",
        "Fwd Pkt Len Mean": "114.62499999999999",
        "Fwd Pkt Len Std": "201.43409946821671",
        "Bwd Pkt Len Max": "1400.0",
        "Bwd Pkt Len Min": "0.0",
        "Bwd Pkt Len Mean": "249.87500000000003",
        "Bwd Pkt Len Std": "474.153813952513",
        "Flow Byts/s": "19516.765946054482",
        "Flow Pkts/s": "107.08787899069675",
        "Flow IAT Mean": "9960.666666666668",
        "Flow IAT Std": "19846.178108739463",
        "Flow IAT Max": "53080.0",
        "Flow IAT Min": "14.0",
        "Fwd IAT Tot": "101495.0",
        "Fwd IAT Mean": "14499.285714285714",
        "Fwd IAT Std": "36185.34403923908",
        "Fwd IAT Max": "96549.0",
        "Fwd IAT Min": "174.0",
        "Bwd IAT Tot": "149410.0",
        "Bwd IAT Mean": "21344.285714285714",
        "Bwd IAT Std": "25745.900726874857",
        "Bwd IAT Max": "53080.0",
        "Bwd IAT Min": "179.0",
        "Fwd PSH Flags": "0",
        "Bwd PSH Flags": "1",
        "Fwd URG Flags": "0",
        "Bwd URG Flags": "0",
        "Fwd Header Len": "256",
        "Bwd Header Len": "256",
        "Fwd Pkts/s": "53.543939495348376",
        "Bwd Pkts/s": "53.543939495348376",
        "Pkt Len Min": "0.0",
        "Pkt Len Max": "1400.0",
        "Pkt Len Mean": "181.23529411764707",
        "Pkt Len Std": "347.4220289165191",
        "Pkt Len Var": "120702.06617647063",
        "FIN Flag Cnt": "0",
        "SYN Flag Cnt": "0",
        "RST Flag Cnt": "0",
        "PSH Flag Cnt": "1",
        "ACK Flag Cnt": "1",
        "URG Flag Cnt": "0",
        "CWE Flag Count": "0",
        "ECE Flag Cnt": "0",
        "Down/Up Ratio": "1.0",
        "Pkt Size Avg": "192.5625",
        "Fwd Seg Size Avg": "114.625",
        "Bwd Seg Size Avg": "249.875",
        "Fwd Byts/b Avg": "0",
        "Fwd Pkts/b Avg": "0",
        "Fwd Blk Rate Avg": "0",
        "Bwd Byts/b Avg": "0",
        "Bwd Pkts/b Avg": "0",
        "Bwd Blk Rate Avg": "0",
        "Subflow Fwd Pkts": "8",
        "Subflow Fwd Byts": "917",
        "Subflow Bwd Pkts": "8",
        "Subflow Bwd Byts": "1999",
        "Init Fwd Win Byts": "-1",
        "Init Bwd Win Byts": "319",
        "Fwd Act Data Pkts": "3",
        "Fwd Seg Size Min": "0",
        "Active Mean": "0",
        "Active Std": "0",
        "Active Max": "0",
        "Active Min": "0",
        "Idle Mean": "0",
        "Idle Std": "0",
        "Idle Max": "0",
        "Idle Min": "0",
        "Label": "No Label"
    },
    {
        "Flow ID": "192.168.3.22-34.104.35.123-46370-80-6",
        "Src IP": "192.168.3.22",
        "Src Port": "46370",
        "Dst IP": "34.104.35.123",
        "Dst Port": "80",
        "Protocol": "6",
        "Timestamp": "24/01/2023 09:43:22 AM",
        "Flow Duration": "45899",
        "Tot Fwd Pkts": "0",
        "Tot Bwd Pkts": "2",
        "TotLen Fwd Pkts": "0.0",
        "TotLen Bwd Pkts": "0.0",
        "Fwd Pkt Len Max": "0",
        "Fwd Pkt Len Min": "0",
        "Fwd Pkt Len Mean": "0",
        "Fwd Pkt Len Std": "0",
        "Bwd Pkt Len Max": "0.0",
        "Bwd Pkt Len Min": "0.0",
        "Bwd Pkt Len Mean": "0.0",
        "Bwd Pkt Len Std": "0.0",
        "Flow Byts/s": "0.0",
        "Flow Pkts/s": "43.57393407263775",
        "Flow IAT Mean": "45899.0",
        "Flow IAT Std": "0.0",
        "Flow IAT Max": "45899.0",
        "Flow IAT Min": "45899.0",
        "Fwd IAT Tot": "0",
        "Fwd IAT Mean": "0",
        "Fwd IAT Std": "0",
        "Fwd IAT Max": "0",
        "Fwd IAT Min": "0",
        "Bwd IAT Tot": "45899.0",
        "Bwd IAT Mean": "45899.0",
        "Bwd IAT Std": "0.0",
        "Bwd IAT Max": "45899.0",
        "Bwd IAT Min": "45899.0",
        "Fwd PSH Flags": "0",
        "Bwd PSH Flags": "0",
        "Fwd URG Flags": "0",
        "Bwd URG Flags": "0",
        "Fwd Header Len": "0",
        "Bwd Header Len": "64",
        "Fwd Pkts/s": "0.0",
        "Bwd Pkts/s": "43.57393407263775",
        "Pkt Len Min": "0.0",
        "Pkt Len Max": "0.0",
        "Pkt Len Mean": "0.0",
        "Pkt Len Std": "0.0",
        "Pkt Len Var": "0.0",
        "FIN Flag Cnt": "0",
        "SYN Flag Cnt": "0",
        "RST Flag Cnt": "0",
        "PSH Flag Cnt": "0",
        "ACK Flag Cnt": "1",
        "URG Flag Cnt": "0",
        "CWE Flag Count": "0",
        "ECE Flag Cnt": "0",
        "Down/Up Ratio": "0.0",
        "Pkt Size Avg": "0.0",
        "Fwd Seg Size Avg": "0.0",
        "Bwd Seg Size Avg": "0.0",
        "Fwd Byts/b Avg": "0",
        "Fwd Pkts/b Avg": "0",
        "Fwd Blk Rate Avg": "0",
        "Bwd Byts/b Avg": "0",
        "Bwd Pkts/b Avg": "0",
        "Bwd Blk Rate Avg": "0",
        "Subflow Fwd Pkts": "0",
        "Subflow Fwd Byts": "0",
        "Subflow Bwd Pkts": "2",
        "Subflow Bwd Byts": "0",
        "Init Fwd Win Byts": "-1",
        "Init Bwd Win Byts": "282",
        "Fwd Act Data Pkts": "0",
        "Fwd Seg Size Min": "0",
        "Active Mean": "0",
        "Active Std": "0",
        "Active Max": "0",
        "Active Min": "0",
        "Idle Mean": "0",
        "Idle Std": "0",
        "Idle Max": "0",
        "Idle Min": "0",
        "Label": "No Label"
    }
]