[
    {
        "Flow ID": "192.168.3.22-200.147.253.13-53562-443-6",
        "Src IP": "192.168.3.22",
        "Src Port": "53562",
        "Dst IP": "200.147.253.13",
        "Dst Port": "443",
        "Protocol": "6",
        "Timestamp": "24/01/2023 09:41:44 AM",
        "Flow Duration": "312289",
        "Tot Fwd Pkts": "17",
        "Tot Bwd Pkts": "19",
        "TotLen Fwd Pkts": "1132.0",
        "TotLen Bwd Pkts": "42152.0",
        "Fwd Pkt Len Max": "517.0",
        "Fwd Pkt Len Min": "0.0",
        "Fwd Pkt Len Mean": "66.58823529411764",
        "Fwd Pkt Len Std": "167.1279669981693",
        "Bwd Pkt Len Max": "7000.0",
        "Bwd Pkt Len Min": "0.0",
        "Bwd Pkt Len Mean": "2218.5263157894733",
        "Bwd Pkt Len Std": "1759.6151842068275",
        "Flow Byts/s": "138602.38432989956",
        "Flow Pkts/s": "115.27783559459347",
        "Flow IAT Mean": "8922.542857142857",
        "Flow IAT Std": "19090.25628019953",
        "Flow IAT Max": "66705.0",
        "Flow IAT Min": "6.0",
        "Fwd IAT Tot": "263957.0",
        "Fwd IAT Mean": "16497.312500000004",
        "Fwd IAT Std": "24063.148781816428",
        "Fwd IAT Max": "66913.0",
        "Fwd IAT Min": "115.0",
        "Bwd IAT Tot": "312289.0",
        "Bwd IAT Mean": "17349.388888888887",
        "Bwd IAT Std": "25099.29682197325",
        "Bwd IAT Max": "66833.0",
        "Bwd IAT Min": "6.0",
        "Fwd PSH Flags": "0",
        "Bwd PSH Flags": "0",
        "Fwd URG Flags": "0",
        "Bwd URG Flags": "0",
        "Fwd Header Len": "544",
        "Bwd Header Len": "624",
        "Fwd Pkts/s": "54.43675569744692",
        "Bwd Pkts/s": "60.84107989714656",
        "Pkt Len Min": "0.0",
        "Pkt Len Max": "7000.0",
        "Pkt Len Mean": "1169.837837837838",
        "Pkt Len Std": "1659.4407276334182",
        "Pkt Len Var": "2753743.5285285283",
        "FIN Flag Cnt": "0",
        "SYN Flag Cnt": "1",
        "RST Flag Cnt": "0",
        "PSH Flag Cnt": "0",
        "ACK Flag Cnt": "0",
        "URG Flag Cnt": "0",
        "CWE Flag Count": "0",
        "ECE Flag Cnt": "0",
        "Down/Up Ratio": "1.0",
        "Pkt Size Avg": "1202.3333333333333",
        "Fwd Seg Size Avg": "66.58823529411765",
        "Bwd Seg Size Avg": "2218.5263157894738",
        "Fwd Byts/b Avg": "0",
        "Fwd Pkts/b Avg": "0",
        "Fwd Blk Rate Avg": "0",
        "Bwd Byts/b Avg": "0",
        "Bwd Pkts/b Avg": "0",
        "Bwd Blk Rate Avg": "0",
        "Subflow Fwd Pkts": "17",
        "Subflow Fwd Byts": "1132",
        "Subflow Bwd Pkts": "19",
        "Subflow Bwd Byts": "42152",
        "Init Fwd Win Byts": "-1",
        "Init Bwd Win Byts": "130",
        "Fwd Act Data Pkts": "3",
        "Fwd Seg Size Min": "0",
        "Active Mean": "0",
        "Active Std": "0",
        "Active Max": "0",
        "Active Min": "0",
        "Idle Mean": "0",
        "Idle Std": "0",
        "Idle Max": "0",
        "Idle Min": "0",
        "Label": "No Label"
    },
    {
        "Flow ID": "192.168.3.22-200.147.253.13-53562-443-6",
        "Src IP": "192.168.3.22",
        "Src Port": "53562",
        "Dst IP": "200.147.253.13",
        "Dst Port": "443",
        "Protocol": "6",
        "Timestamp": "24/01/2023 09:41:44 AM",
        "Flow Duration": "567",
        "Tot Fwd Pkts": "2",
        "Tot Bwd Pkts": "1",
        "TotLen Fwd Pkts": "31.0",
        "TotLen Bwd Pkts": "0.0",
        "Fwd Pkt Len Max": "31.0",
        "Fwd Pkt Len Min": "0.0",
        "Fwd Pkt Len Mean": "15.5",
        "Fwd Pkt Len Std": "21.920310216782973",
        "Bwd Pkt Len Max": "0.0",
        "Bwd Pkt Len Min": "0.0",
        "Bwd Pkt Len Mean": "0.0",
        "Bwd Pkt Len Std": "0.0",
        "Flow Byts/s": "54673.72134038801",
        "Flow Pkts/s": "5291.005291005291",
        "Flow IAT Mean": "283.5",
        "Flow IAT Std": "304.763022691402",
        "Flow IAT Max": "499.0",
        "Flow IAT Min": "68.0",
        "Fwd IAT Tot": "68.0",
        "Fwd IAT Mean": "68.0",
        "Fwd IAT Std": "0.0",
        "Fwd IAT Max": "68.0",
        "Fwd IAT Min": "68.0",
        "Bwd IAT Tot": "0",
        "Bwd IAT Mean": "0",
        "Bwd IAT Std": "0",
        "Bwd IAT Max": "0",
        "Bwd IAT Min": "0",
        "Fwd PSH Flags": "0",
        "Bwd PSH Flags": "0",
        "Fwd URG Flags": "0",
        "Bwd URG Flags": "0",
        "Fwd Header Len": "64",
        "Bwd Header Len": "32",
        "Fwd Pkts/s": "3527.336860670194",
        "Bwd Pkts/s": "1763.668430335097",
        "Pkt Len Min": "0.0",
        "Pkt Len Max": "31.0",
        "Pkt Len Mean": "7.75",
        "Pkt Len Std": "15.500000000000002",
        "Pkt Len Var": "240.25000000000003",
        "FIN Flag Cnt": "0",
        "SYN Flag Cnt": "0",
        "RST Flag Cnt": "0",
        "PSH Flag Cnt": "0",
        "ACK Flag Cnt": "1",
        "URG Flag Cnt": "0",
        "CWE Flag Count": "0",
        "ECE Flag Cnt": "0",
        "Down/Up Ratio": "0.0",
        "Pkt Size Avg": "10.333333333333334",
        "Fwd Seg Size Avg": "15.5",
        "Bwd Seg Size Avg": "0.0",
        "Fwd Byts/b Avg": "0",
        "Fwd Pkts/b Avg": "0",
        "Fwd Blk Rate Avg": "0",
        "Bwd Byts/b Avg": "0",
        "Bwd Pkts/b Avg": "0",
        "Bwd Blk Rate Avg": "0",
        "Subflow Fwd Pkts": "2",
        "Subflow Fwd Byts": "31",
        "Subflow Bwd Pkts": "1",
        "Subflow Bwd Byts": "0",
        "Init Fwd Win Byts": "-1",
        "Init Bwd Win Byts": "646",
        "Fwd Act Data Pkts": "1",
        "Fwd Seg Size Min": "0",
        "Active Mean": "0",
        "Active Std": "0",
        "Active Max": "0",
        "Active Min": "0",
        "Idle Mean": "0",
        "Idle Std": "0",
        "Idle Max": "0",
        "Idle Min": "0",
        "Label": "No Label"
    },
    {
        "Flow ID": "192.168.3.22-200.147.253.13-53568-443-6",
        "Src IP": "192.168.3.22",
        "Src Port": "53568",
        "Dst IP": "200.147.253.13",
        "Dst Port": "443",
        "Protocol": "6",
        "Timestamp": "24/01/2023 09:41:44 AM",
        "Flow Duration": "714608",
        "Tot Fwd Pkts": "59",
        "Tot Bwd Pkts": "94",
        "TotLen Fwd Pkts": "1088.0",
        "TotLen Bwd Pkts": "202878.0",
        "Fwd Pkt Len Max": "517.0",
        "Fwd Pkt Len Min": "0.0",
        "Fwd Pkt Len Mean": "18.44067796610169",
        "Fwd Pkt Len Std": "89.16533870915674",
        "Bwd Pkt Len Max": "8400.0",
        "Bwd Pkt Len Min": "0.0",
        "Bwd Pkt Len Mean": "2158.2765957446813",
        "Bwd Pkt Len Std": "1625.6026138500238",
        "Flow Byts/s": "285423.61686407094",
        "Flow Pkts/s": "214.1033965474778",
        "Flow IAT Mean": "4701.368421052633",
        "Flow IAT Std": "12955.746846098384",
        "Flow IAT Max": "54986.0",
        "Flow IAT Min": "4.0",
        "Fwd IAT Tot": "669251.0",
        "Fwd IAT Mean": "11538.810344827585",
        "Fwd IAT Std": "18477.164494868182",
        "Fwd IAT Max": "55030.0",
        "Fwd IAT Min": "41.0",
        "Bwd IAT Tot": "714608.0",
        "Bwd IAT Mean": "7683.95698924731",
        "Bwd IAT Std": "16472.502998682623",
        "Bwd IAT Max": "61284.0",
        "Bwd IAT Min": "4.0",
        "Fwd PSH Flags": "0",
        "Bwd PSH Flags": "0",
        "Fwd URG Flags": "0",
        "Bwd URG Flags": "0",
        "Fwd Header Len": "1888",
        "Bwd Header Len": "3024",
        "Fwd Pkts/s": "82.56274768824306",
        "Bwd Pkts/s": "131.54064885923472",
        "Pkt Len Min": "0.0",
        "Pkt Len Max": "8400.0",
        "Pkt Len Mean": "1324.4545454545462",
        "Pkt Len Std": "1644.8863762372282",
        "Pkt Len Var": "2705651.19073084",
        "FIN Flag Cnt": "0",
        "SYN Flag Cnt": "1",
        "RST Flag Cnt": "0",
        "PSH Flag Cnt": "0",
        "ACK Flag Cnt": "0",
        "URG Flag Cnt": "0",
        "CWE Flag Count": "0",
        "ECE Flag Cnt": "0",
        "Down/Up Ratio": "1.0",
        "Pkt Size Avg": "1333.111111111111",
        "Fwd Seg Size Avg": "18.440677966101696",
        "Bwd Seg Size Avg": "2158.276595744681",
        "Fwd Byts/b Avg": "0",
        "Fwd Pkts/b Avg": "0",
        "Fwd Blk Rate Avg": "0",
        "Bwd Byts/b Avg": "0",
        "Bwd Pkts/b Avg": "0",
        "Bwd Blk Rate Avg": "0",
        "Subflow Fwd Pkts": "59",
        "Subflow Fwd Byts": "1088",
        "Subflow Bwd Pkts": "94",
        "Subflow Bwd Byts": "202878",
        "Init Fwd Win Byts": "-1",
        "Init Bwd Win Byts": "130",
        "Fwd Act Data Pkts": "3",
        "Fwd Seg Size Min": "0",
        "Active Mean": "0",
        "Active Std": "0",
        "Active Max": "0",
        "Active Min": "0",
        "Idle Mean": "0",
        "Idle Std": "0",
        "Idle Max": "0",
        "Idle Min": "0",
        "Label": "No Label"
    },
    {
        "Flow ID": "192.168.3.22-200.147.253.13-53568-443-6",
        "Src IP": "192.168.3.22",
        "Src Port": "53568",
        "Dst IP": "200.147.253.13",
        "Dst Port": "443",
        "Protocol": "6",
        "Timestamp": "24/01/2023 09:41:45 AM",
        "Flow Duration": "80",
        "Tot Fwd Pkts": "1",
        "Tot Bwd Pkts": "1",
        "TotLen Fwd Pkts": "0.0",
        "TotLen Bwd Pkts": "31.0",
        "Fwd Pkt Len Max": "0.0",
        "Fwd Pkt Len Min": "0.0",
        "Fwd Pkt Len Mean": "0.0",
        "Fwd Pkt Len Std": "0.0",
        "Bwd Pkt Len Max": "31.0",
        "Bwd Pkt Len Min": "31.0",
        "Bwd Pkt Len Mean": "31.0",
        "Bwd Pkt Len Std": "0.0",
        "Flow Byts/s": "387499.99999999994",
        "Flow Pkts/s": "24999.999999999996",
        "Flow IAT Mean": "80.0",
        "Flow IAT Std": "0.0",
        "Flow IAT Max": "80.0",
        "Flow IAT Min": "80.0",
        "Fwd IAT Tot": "0",
        "Fwd IAT Mean": "0",
        "Fwd IAT Std": "0",
        "Fwd IAT Max": "0",
        "Fwd IAT Min": "0",
        "Bwd IAT Tot": "0",
        "Bwd IAT Mean": "0",
        "Bwd IAT Std": "0",
        "Bwd IAT Max": "0",
        "Bwd IAT Min": "0",
        "Fwd PSH Flags": "0",
        "Bwd PSH Flags": "1",
        "Fwd URG Flags": "0",
        "Bwd URG Flags": "0",
        "Fwd Header Len": "32",
        "Bwd Header Len": "32",
        "Fwd Pkts/s": "12499.999999999998",
        "Bwd Pkts/s": "12499.999999999998",
        "Pkt Len Min": "0.0",
        "Pkt Len Max": "31.0",
        "Pkt Len Mean": "20.666666666666664",
        "Pkt Len Std": "17.8978583448784",
        "Pkt Len Var": "320.33333333333337",
        "FIN Flag Cnt": "0",
        "SYN Flag Cnt": "0",
        "RST Flag Cnt": "0",
        "PSH Flag Cnt": "1",
        "ACK Flag Cnt": "1",
        "URG Flag Cnt": "0",
        "CWE Flag Count": "0",
        "ECE Flag Cnt": "0",
        "Down/Up Ratio": "1.0",
        "Pkt Size Avg": "31.0",
        "Fwd Seg Size Avg": "0.0",
        "Bwd Seg Size Avg": "31.0",
        "Fwd Byts/b Avg": "0",
        "Fwd Pkts/b Avg": "0",
        "Fwd Blk Rate Avg": "0",
        "Bwd Byts/b Avg": "0",
        "Bwd Pkts/b Avg": "0",
        "Bwd Blk Rate Avg": "0",
        "Subflow Fwd Pkts": "1",
        "Subflow Fwd Byts": "0",
        "Subflow Bwd Pkts": "1",
        "Subflow Bwd Byts": "31",
        "Init Fwd Win Byts": "-1",
        "Init Bwd Win Byts": "1485",
        "Fwd Act Data Pkts": "0",
        "Fwd Seg Size Min": "0",
        "Active Mean": "0",
        "Active Std": "0",
        "Active Max": "0",
        "Active Min": "0",
        "Idle Mean": "0",
        "Idle Std": "0",
        "Idle Max": "0",
        "Idle Min": "0",
        "Label": "No Label"
    },
    {
        "Flow ID": "192.168.3.22-200.147.253.13-53584-443-6",
        "Src IP": "192.168.3.22",
        "Src Port": "53584",
        "Dst IP": "200.147.253.13",
        "Dst Port": "443",
        "Protocol": "6",
        "Timestamp": "24/01/2023 09:41:45 AM",
        "Flow Duration": "788569",
        "Tot Fwd Pkts": "90",
        "Tot Bwd Pkts": "125",
        "TotLen Fwd Pkts": "1088.0",
        "TotLen Bwd Pkts": "217168.0",
        "Fwd Pkt Len Max": "517.0",
        "Fwd Pkt Len Min": "0.0",
        "Fwd Pkt Len Mean": "12.088888888888887",
        "Fwd Pkt Len Std": "72.51790084228712",
        "Bwd Pkt Len Max": "7000.0",
        "Bwd Pkt Len Min": "0.0",
        "Bwd Pkt Len Mean": "1737.3440000000005",
        "Bwd Pkt Len Std": "1028.4695731851978",
        "Flow Byts/s": "276774.7654295312",
        "Flow Pkts/s": "272.64576720616714",
        "Flow IAT Mean": "3684.9018691588785",
        "Flow IAT Std": "10781.346533473086",
        "Flow IAT Max": "61386.0",
        "Flow IAT Min": "4.0",
        "Fwd IAT Tot": "736064.0",
        "Fwd IAT Mean": "8270.382022471915",
        "Fwd IAT Std": "16297.640002400798",
        "Fwd IAT Max": "86320.0",
        "Fwd IAT Min": "20.0",
        "Bwd IAT Tot": "788569.0",
        "Bwd IAT Mean": "6359.427419354838",
        "Bwd IAT Std": "14439.885416731937",
        "Bwd IAT Max": "67113.0",
        "Bwd IAT Min": "4.0",
        "Fwd PSH Flags": "0",
        "Bwd PSH Flags": "0",
        "Fwd URG Flags": "0",
        "Bwd URG Flags": "0",
        "Fwd Header Len": "2880",
        "Bwd Header Len": "4016",
        "Fwd Pkts/s": "114.13078627234903",
        "Bwd Pkts/s": "158.5149809338181",
        "Pkt Len Min": "0.0",
        "Pkt Len Max": "7000.0",
        "Pkt Len Mean": "1010.4444444444445",
        "Pkt Len Std": "1158.1904637785608",
        "Pkt Len Var": "1341405.1503875977",
        "FIN Flag Cnt": "0",
        "SYN Flag Cnt": "1",
        "RST Flag Cnt": "0",
        "PSH Flag Cnt": "0",
        "ACK Flag Cnt": "0",
        "URG Flag Cnt": "0",
        "CWE Flag Count": "0",
        "ECE Flag Cnt": "0",
        "Down/Up Ratio": "1.0",
        "Pkt Size Avg": "1015.1441860465117",
        "Fwd Seg Size Avg": "12.088888888888889",
        "Bwd Seg Size Avg": "1737.344",
        "Fwd Byts/b Avg": "0",
        "Fwd Pkts/b Avg": "0",
        "Fwd Blk Rate Avg": "0",
        "Bwd Byts/b Avg": "0",
        "Bwd Pkts/b Avg": "0",
        "Bwd Blk Rate Avg": "0",
        "Subflow Fwd Pkts": "90",
        "Subflow Fwd Byts": "1088",
        "Subflow Bwd Pkts": "125",
        "Subflow Bwd Byts": "217168",
        "Init Fwd Win Byts": "-1",
        "Init Bwd Win Byts": "130",
        "Fwd Act Data Pkts": "3",
        "Fwd Seg Size Min": "0",
        "Active Mean": "0",
        "Active Std": "0",
        "Active Max": "0",
        "Active Min": "0",
        "Idle Mean": "0",
        "Idle Std": "0",
        "Idle Max": "0",
        "Idle Min": "0",
        "Label": "No Label"
    },
    {
        "Flow ID": "192.168.3.22-200.147.253.13-53584-443-6",
        "Src IP": "192.168.3.22",
        "Src Port": "53584",
        "Dst IP": "200.147.253.13",
        "Dst Port": "443",
        "Protocol": "6",
        "Timestamp": "24/01/2023 09:41:45 AM",
        "Flow Duration": "388",
        "Tot Fwd Pkts": "2",
        "Tot Bwd Pkts": "1",
        "TotLen Fwd Pkts": "31.0",
        "TotLen Bwd Pkts": "0.0",
        "Fwd Pkt Len Max": "31.0",
        "Fwd Pkt Len Min": "0.0",
        "Fwd Pkt Len Mean": "15.5",
        "Fwd Pkt Len Std": "21.920310216782973",
        "Bwd Pkt Len Max": "0.0",
        "Bwd Pkt Len Min": "0.0",
        "Bwd Pkt Len Mean": "0.0",
        "Bwd Pkt Len Std": "0.0",
        "Flow Byts/s": "79896.90721649484",
        "Flow Pkts/s": "7731.958762886598",
        "Flow IAT Mean": "194.0",
        "Flow IAT Std": "212.13203435596427",
        "Flow IAT Max": "344.0",
        "Flow IAT Min": "44.0",
        "Fwd IAT Tot": "44.0",
        "Fwd IAT Mean": "44.0",
        "Fwd IAT Std": "0.0",
        "Fwd IAT Max": "44.0",
        "Fwd IAT Min": "44.0",
        "Bwd IAT Tot": "0",
        "Bwd IAT Mean": "0",
        "Bwd IAT Std": "0",
        "Bwd IAT Max": "0",
        "Bwd IAT Min": "0",
        "Fwd PSH Flags": "0",
        "Bwd PSH Flags": "0",
        "Fwd URG Flags": "0",
        "Bwd URG Flags": "0",
        "Fwd Header Len": "64",
        "Bwd Header Len": "32",
        "Fwd Pkts/s": "5154.639175257732",
        "Bwd Pkts/s": "2577.319587628866",
        "Pkt Len Min": "0.0",
        "Pkt Len Max": "31.0",
        "Pkt Len Mean": "7.75",
        "Pkt Len Std": "15.500000000000002",
        "Pkt Len Var": "240.25000000000003",
        "FIN Flag Cnt": "0",
        "SYN Flag Cnt": "0",
        "RST Flag Cnt": "0",
        "PSH Flag Cnt": "0",
        "ACK Flag Cnt": "1",
        "URG Flag Cnt": "0",
        "CWE Flag Count": "0",
        "ECE Flag Cnt": "0",
        "Down/Up Ratio": "0.0",
        "Pkt Size Avg": "10.333333333333334",
        "Fwd Seg Size Avg": "15.5",
        "Bwd Seg Size Avg": "0.0",
        "Fwd Byts/b Avg": "0",
        "Fwd Pkts/b Avg": "0",
        "Fwd Blk Rate Avg": "0",
        "Bwd Byts/b Avg": "0",
        "Bwd Pkts/b Avg": "0",
        "Bwd Blk Rate Avg": "0",
        "Subflow Fwd Pkts": "2",
        "Subflow Fwd Byts": "31",
        "Subflow Bwd Pkts": "1",
        "Subflow Bwd Byts": "0",
        "Init Fwd Win Byts": "-1",
        "Init Bwd Win Byts": "1462",
        "Fwd Act Data Pkts": "1",
        "Fwd Seg Size Min": "0",
        "Active Mean": "0",
        "Active Std": "0",
        "Active Max": "0",
        "Active Min": "0",
        "Idle Mean": "0",
        "Idle Std": "0",
        "Idle Max": "0",
        "Idle Min": "0",
        "Label": "No Label"
    },
    {
        "Flow ID": "184.50.248.142-192.168.3.22-443-55658-6",
        "Src IP": "192.168.3.22",
        "Src Port": "55658",
        "Dst IP": "184.50.248.142",
        "Dst Port": "443",
        "Protocol": "6",
        "Timestamp": "24/01/2023 09:41:46 AM",
        "Flow Duration": "56",
        "Tot Fwd Pkts": "1",
        "Tot Bwd Pkts": "1",
        "TotLen Fwd Pkts": "0.0",
        "TotLen Bwd Pkts": "31.0",
        "Fwd Pkt Len Max": "0.0",
        "Fwd Pkt Len Min": "0.0",
        "Fwd Pkt Len Mean": "0.0",
        "Fwd Pkt Len Std": "0.0",
        "Bwd Pkt Len Max": "31.0",
        "Bwd Pkt Len Min": "31.0",
        "Bwd Pkt Len Mean": "31.0",
        "Bwd Pkt Len Std": "0.0",
        "Flow Byts/s": "553571.4285714285",
        "Flow Pkts/s": "35714.28571428572",
        "Flow IAT Mean": "56.0",
        "Flow IAT Std": "0.0",
        "Flow IAT Max": "56.0",
        "Flow IAT Min": "56.0",
        "Fwd IAT Tot": "0",
        "Fwd IAT Mean": "0",
        "Fwd IAT Std": "0",
        "Fwd IAT Max": "0",
        "Fwd IAT Min": "0",
        "Bwd IAT Tot": "0",
        "Bwd IAT Mean": "0",
        "Bwd IAT Std": "0",
        "Bwd IAT Max": "0",
        "Bwd IAT Min": "0",
        "Fwd PSH Flags": "0",
        "Bwd PSH Flags": "1",
        "Fwd URG Flags": "0",
        "Bwd URG Flags": "0",
        "Fwd Header Len": "32",
        "Bwd Header Len": "32",
        "Fwd Pkts/s": "17857.14285714286",
        "Bwd Pkts/s": "17857.14285714286",
        "Pkt Len Min": "0.0",
        "Pkt Len Max": "31.0",
        "Pkt Len Mean": "20.666666666666664",
        "Pkt Len Std": "17.8978583448784",
        "Pkt Len Var": "320.33333333333337",
        "FIN Flag Cnt": "0",
        "SYN Flag Cnt": "0",
        "RST Flag Cnt": "0",
        "PSH Flag Cnt": "1",
        "ACK Flag Cnt": "1",
        "URG Flag Cnt": "0",
        "CWE Flag Count": "0",
        "ECE Flag Cnt": "0",
        "Down/Up Ratio": "1.0",
        "Pkt Size Avg": "31.0",
        "Fwd Seg Size Avg": "0.0",
        "Bwd Seg Size Avg": "31.0",
        "Fwd Byts/b Avg": "0",
        "Fwd Pkts/b Avg": "0",
        "Fwd Blk Rate Avg": "0",
        "Bwd Byts/b Avg": "0",
        "Bwd Pkts/b Avg": "0",
        "Bwd Blk Rate Avg": "0",
        "Subflow Fwd Pkts": "1",
        "Subflow Fwd Byts": "0",
        "Subflow Bwd Pkts": "1",
        "Subflow Bwd Byts": "31",
        "Init Fwd Win Byts": "-1",
        "Init Bwd Win Byts": "501",
        "Fwd Act Data Pkts": "0",
        "Fwd Seg Size Min": "0",
        "Active Mean": "0",
        "Active Std": "0",
        "Active Max": "0",
        "Active Min": "0",
        "Idle Mean": "0",
        "Idle Std": "0",
        "Idle Max": "0",
        "Idle Min": "0",
        "Label": "No Label"
    },
    {
        "Flow ID": "184.50.248.142-192.168.3.22-443-55658-6",
        "Src IP": "184.50.248.142",
        "Src Port": "443",
        "Dst IP": "192.168.3.22",
        "Dst Port": "55658",
        "Protocol": "6",
        "Timestamp": "24/01/2023 09:41:46 AM",
        "Flow Duration": "1459",
        "Tot Fwd Pkts": "3",
        "Tot Bwd Pkts": "3",
        "TotLen Fwd Pkts": "31.0",
        "TotLen Bwd Pkts": "0.0",
        "Fwd Pkt Len Max": "31.0",
        "Fwd Pkt Len Min": "0.0",
        "Fwd Pkt Len Mean": "10.333333333333332",
        "Fwd Pkt Len Std": "17.8978583448784",
        "Bwd Pkt Len Max": "0.0",
        "Bwd Pkt Len Min": "0.0",
        "Bwd Pkt Len Mean": "0.0",
        "Bwd Pkt Len Std": "0.0",
        "Flow Byts/s": "21247.429746401645",
        "Flow Pkts/s": "4112.40575736806",
        "Flow IAT Mean": "291.8",
        "Flow IAT Std": "416.53535264128544",
        "Flow IAT Max": "1013.0",
        "Flow IAT Min": "12.0",
        "Fwd IAT Tot": "1174.0",
        "Fwd IAT Mean": "587.0",
        "Fwd IAT Std": "619.4255403194156",
        "Fwd IAT Max": "1025.0",
        "Fwd IAT Min": "149.0",
        "Bwd IAT Tot": "446.0",
        "Bwd IAT Mean": "223.0",
        "Bwd IAT Std": "159.80613254815975",
        "Bwd IAT Max": "336.0",
        "Bwd IAT Min": "110.0",
        "Fwd PSH Flags": "0",
        "Bwd PSH Flags": "0",
        "Fwd URG Flags": "0",
        "Bwd URG Flags": "0",
        "Fwd Header Len": "96",
        "Bwd Header Len": "72",
        "Fwd Pkts/s": "2056.20287868403",
        "Bwd Pkts/s": "2056.20287868403",
        "Pkt Len Min": "0.0",
        "Pkt Len Max": "31.0",
        "Pkt Len Mean": "4.428571428571429",
        "Pkt Len Std": "11.716898663286045",
        "Pkt Len Var": "137.2857142857143",
        "FIN Flag Cnt": "0",
        "SYN Flag Cnt": "0",
        "RST Flag Cnt": "0",
        "PSH Flag Cnt": "0",
        "ACK Flag Cnt": "1",
        "URG Flag Cnt": "0",
        "CWE Flag Count": "0",
        "ECE Flag Cnt": "0",
        "Down/Up Ratio": "1.0",
        "Pkt Size Avg": "5.166666666666667",
        "Fwd Seg Size Avg": "10.333333333333334",
        "Bwd Seg Size Avg": "0.0",
        "Fwd Byts/b Avg": "0",
        "Fwd Pkts/b Avg": "0",
        "Fwd Blk Rate Avg": "0",
        "Bwd Byts/b Avg": "0",
        "Bwd Pkts/b Avg": "0",
        "Bwd Blk Rate Avg": "0",
        "Subflow Fwd Pkts": "3",
        "Subflow Fwd Byts": "31",
        "Subflow Bwd Pkts": "3",
        "Subflow Bwd Byts": "0",
        "Init Fwd Win Byts": "-1",
        "Init Bwd Win Byts": "0",
        "Fwd Act Data Pkts": "1",
        "Fwd Seg Size Min": "0",
        "Active Mean": "0",
        "Active Std": "0",
        "Active Max": "0",
        "Active Min": "0",
        "Idle Mean": "0",
        "Idle Std": "0",
        "Idle Max": "0",
        "Idle Min": "0",
        "Label": "No Label"
    },
    {
        "Flow ID": "192.168.3.22-31.13.85.51-59566-443-6",
        "Src IP": "192.168.3.22",
        "Src Port": "59566",
        "Dst IP": "31.13.85.51",
        "Dst Port": "443",
        "Protocol": "6",
        "Timestamp": "24/01/2023 09:41:48 AM",
        "Flow Duration": "45092",
        "Tot Fwd Pkts": "0",
        "Tot Bwd Pkts": "2",
        "TotLen Fwd Pkts": "0.0",
        "TotLen Bwd Pkts": "70.0",
        "Fwd Pkt Len Max": "0",
        "Fwd Pkt Len Min": "0",
        "Fwd Pkt Len Mean": "0",
        "Fwd Pkt Len Std": "0",
        "Bwd Pkt Len Max": "70.0",
        "Bwd Pkt Len Min": "0.0",
        "Bwd Pkt Len Mean": "35.0",
        "Bwd Pkt Len Std": "49.49747468305833",
        "Flow Byts/s": "1552.3817972145835",
        "Flow Pkts/s": "44.353765634702384",
        "Flow IAT Mean": "45092.0",
        "Flow IAT Std": "0.0",
        "Flow IAT Max": "45092.0",
        "Flow IAT Min": "45092.0",
        "Fwd IAT Tot": "0",
        "Fwd IAT Mean": "0",
        "Fwd IAT Std": "0",
        "Fwd IAT Max": "0",
        "Fwd IAT Min": "0",
        "Bwd IAT Tot": "45092.0",
        "Bwd IAT Mean": "45092.0",
        "Bwd IAT Std": "0.0",
        "Bwd IAT Max": "45092.0",
        "Bwd IAT Min": "45092.0",
        "Fwd PSH Flags": "0",
        "Bwd PSH Flags": "1",
        "Fwd URG Flags": "0",
        "Bwd URG Flags": "0",
        "Fwd Header Len": "0",
        "Bwd Header Len": "64",
        "Fwd Pkts/s": "0.0",
        "Bwd Pkts/s": "44.353765634702384",
        "Pkt Len Min": "0.0",
        "Pkt Len Max": "70.0",
        "Pkt Len Mean": "46.66666666666667",
        "Pkt Len Std": "40.414518843273804",
        "Pkt Len Var": "1633.3333333333333",
        "FIN Flag Cnt": "0",
        "SYN Flag Cnt": "0",
        "RST Flag Cnt": "0",
        "PSH Flag Cnt": "1",
        "ACK Flag Cnt": "1",
        "URG Flag Cnt": "0",
        "CWE Flag Count": "0",
        "ECE Flag Cnt": "0",
        "Down/Up Ratio": "0.0",
        "Pkt Size Avg": "70.0",
        "Fwd Seg Size Avg": "0.0",
        "Bwd Seg Size Avg": "35.0",
        "Fwd Byts/b Avg": "0",
        "Fwd Pkts/b Avg": "0",
        "Fwd Blk Rate Avg": "0",
        "Bwd Byts/b Avg": "0",
        "Bwd Pkts/b Avg": "0",
        "Bwd Blk Rate Avg": "0",
        "Subflow Fwd Pkts": "0",
        "Subflow Fwd Byts": "0",
        "Subflow Bwd Pkts": "2",
        "Subflow Bwd Byts": "70",
        "Init Fwd Win Byts": "-1",
        "Init Bwd Win Byts": "2043",
        "Fwd Act Data Pkts": "0",
        "Fwd Seg Size Min": "0",
        "Active Mean": "0",
        "Active Std": "0",
        "Active Max": "0",
        "Active Min": "0",
        "Idle Mean": "0",
        "Idle Std": "0",
        "Idle Max": "0",
        "Idle Min": "0",
        "Label": "No Label"
    },
    {
        "Flow ID": "192.168.3.22-13.227.97.68-49722-443-6",
        "Src IP": "192.168.3.22",
        "Src Port": "49722",
        "Dst IP": "13.227.97.68",
        "Dst Port": "443",
        "Protocol": "6",
        "Timestamp": "24/01/2023 09:41:46 AM",
        "Flow Duration": "44045",
        "Tot Fwd Pkts": "1",
        "Tot Bwd Pkts": "2",
        "TotLen Fwd Pkts": "0.0",
        "TotLen Bwd Pkts": "78.0",
        "Fwd Pkt Len Max": "0.0",
        "Fwd Pkt Len Min": "0.0",
        "Fwd Pkt Len Mean": "0.0",
        "Fwd Pkt Len Std": "0.0",
        "Bwd Pkt Len Max": "39.0",
        "Bwd Pkt Len Min": "39.0",
        "Bwd Pkt Len Mean": "39.0",
        "Bwd Pkt Len Std": "0.0",
        "Flow Byts/s": "1770.9161085253718",
        "Flow Pkts/s": "68.1121580202066",
        "Flow IAT Mean": "22022.5",
        "Flow IAT Std": "31099.263343365546",
        "Flow IAT Max": "44013.0",
        "Flow IAT Min": "32.0",
        "Fwd IAT Tot": "0",
        "Fwd IAT Mean": "0",
        "Fwd IAT Std": "0",
        "Fwd IAT Max": "0",
        "Fwd IAT Min": "0",
        "Bwd IAT Tot": "44013.0",
        "Bwd IAT Mean": "44013.0",
        "Bwd IAT Std": "0.0",
        "Bwd IAT Max": "44013.0",
        "Bwd IAT Min": "44013.0",
        "Fwd PSH Flags": "0",
        "Bwd PSH Flags": "1",
        "Fwd URG Flags": "0",
        "Bwd URG Flags": "0",
        "Fwd Header Len": "32",
        "Bwd Header Len": "64",
        "Fwd Pkts/s": "22.704052673402202",
        "Bwd Pkts/s": "45.408105346804405",
        "Pkt Len Min": "0.0",
        "Pkt Len Max": "39.0",
        "Pkt Len Mean": "29.25",
        "Pkt Len Std": "19.5",
        "Pkt Len Var": "380.25",
        "FIN Flag Cnt": "0",
        "SYN Flag Cnt": "0",
        "RST Flag Cnt": "0",
        "PSH Flag Cnt": "1",
        "ACK Flag Cnt": "1",
        "URG Flag Cnt": "0",
        "CWE Flag Count": "0",
        "ECE Flag Cnt": "0",
        "Down/Up Ratio": "2.0",
        "Pkt Size Avg": "39.0",
        "Fwd Seg Size Avg": "0.0",
        "Bwd Seg Size Avg": "39.0",
        "Fwd Byts/b Avg": "0",
        "Fwd Pkts/b Avg": "0",
        "Fwd Blk Rate Avg": "0",
        "Bwd Byts/b Avg": "0",
        "Bwd Pkts/b Avg": "0",
        "Bwd Blk Rate Avg": "0",
        "Subflow Fwd Pkts": "1",
        "Subflow Fwd Byts": "0",
        "Subflow Bwd Pkts": "2",
        "Subflow Bwd Byts": "78",
        "Init Fwd Win Byts": "-1",
        "Init Bwd Win Byts": "135",
        "Fwd Act Data Pkts": "0",
        "Fwd Seg Size Min": "0",
        "Active Mean": "0",
        "Active Std": "0",
        "Active Max": "0",
        "Active Min": "0",
        "Idle Mean": "0",
        "Idle Std": "0",
        "Idle Max": "0",
        "Idle Min": "0",
        "Label": "No Label"
    },
    {
        "Flow ID": "192.168.3.22-200.147.253.13-53562-443-6",
        "Src IP": "200.147.253.13",
        "Src Port": "443",
        "Dst IP": "192.168.3.22",
        "Dst Port": "53562",
        "Protocol": "6",
        "Timestamp": "24/01/2023 09:41:44 AM",
        "Flow Duration": "186",
        "Tot Fwd Pkts": "1",
        "Tot Bwd Pkts": "1",
        "TotLen Fwd Pkts": "0.0",
        "TotLen Bwd Pkts": "0.0",
        "Fwd Pkt Len Max": "0.0",
        "Fwd Pkt Len Min": "0.0",
        "Fwd Pkt Len Mean": "0.0",
        "Fwd Pkt Len Std": "0.0",
        "Bwd Pkt Len Max": "0.0",
        "Bwd Pkt Len Min": "0.0",
        "Bwd Pkt Len Mean": "0.0",
        "Bwd Pkt Len Std": "0.0",
        "Flow Byts/s": "0.0",
        "Flow Pkts/s": "10752.688172043012",
        "Flow IAT Mean": "186.0",
        "Flow IAT Std": "0.0",
        "Flow IAT Max": "186.0",
        "Flow IAT Min": "186.0",
        "Fwd IAT Tot": "0",
        "Fwd IAT Mean": "0",
        "Fwd IAT Std": "0",
        "Fwd IAT Max": "0",
        "Fwd IAT Min": "0",
        "Bwd IAT Tot": "0",
        "Bwd IAT Mean": "0",
        "Bwd IAT Std": "0",
        "Bwd IAT Max": "0",
        "Bwd IAT Min": "0",
        "Fwd PSH Flags": "0",
        "Bwd PSH Flags": "0",
        "Fwd URG Flags": "0",
        "Bwd URG Flags": "0",
        "Fwd Header Len": "20",
        "Bwd Header Len": "20",
        "Fwd Pkts/s": "5376.344086021506",
        "Bwd Pkts/s": "5376.344086021506",
        "Pkt Len Min": "0.0",
        "Pkt Len Max": "0.0",
        "Pkt Len Mean": "0.0",
        "Pkt Len Std": "0.0",
        "Pkt Len Var": "0.0",
        "FIN Flag Cnt": "0",
        "SYN Flag Cnt": "0",
        "RST Flag Cnt": "1",
        "PSH Flag Cnt": "0",
        "ACK Flag Cnt": "0",
        "URG Flag Cnt": "0",
        "CWE Flag Count": "0",
        "ECE Flag Cnt": "0",
        "Down/Up Ratio": "1.0",
        "Pkt Size Avg": "0.0",
        "Fwd Seg Size Avg": "0.0",
        "Bwd Seg Size Avg": "0.0",
        "Fwd Byts/b Avg": "0",
        "Fwd Pkts/b Avg": "0",
        "Fwd Blk Rate Avg": "0",
        "Bwd Byts/b Avg": "0",
        "Bwd Pkts/b Avg": "0",
        "Bwd Blk Rate Avg": "0",
        "Subflow Fwd Pkts": "1",
        "Subflow Fwd Byts": "0",
        "Subflow Bwd Pkts": "1",
        "Subflow Bwd Byts": "0",
        "Init Fwd Win Byts": "-1",
        "Init Bwd Win Byts": "0",
        "Fwd Act Data Pkts": "0",
        "Fwd Seg Size Min": "0",
        "Active Mean": "0",
        "Active Std": "0",
        "Active Max": "0",
        "Active Min": "0",
        "Idle Mean": "0",
        "Idle Std": "0",
        "Idle Max": "0",
        "Idle Min": "0",
        "Label": "No Label"
    },
    {
        "Flow ID": "192.168.3.22-200.147.253.13-53568-443-6",
        "Src IP": "200.147.253.13",
        "Src Port": "443",
        "Dst IP": "192.168.3.22",
        "Dst Port": "53568",
        "Protocol": "6",
        "Timestamp": "24/01/2023 09:41:45 AM",
        "Flow Duration": "47",
        "Tot Fwd Pkts": "1",
        "Tot Bwd Pkts": "1",
        "TotLen Fwd Pkts": "0.0",
        "TotLen Bwd Pkts": "0.0",
        "Fwd Pkt Len Max": "0.0",
        "Fwd Pkt Len Min": "0.0",
        "Fwd Pkt Len Mean": "0.0",
        "Fwd Pkt Len Std": "0.0",
        "Bwd Pkt Len Max": "0.0",
        "Bwd Pkt Len Min": "0.0",
        "Bwd Pkt Len Mean": "0.0",
        "Bwd Pkt Len Std": "0.0",
        "Flow Byts/s": "0.0",
        "Flow Pkts/s": "42553.19148936171",
        "Flow IAT Mean": "47.0",
        "Flow IAT Std": "0.0",
        "Flow IAT Max": "47.0",
        "Flow IAT Min": "47.0",
        "Fwd IAT Tot": "0",
        "Fwd IAT Mean": "0",
        "Fwd IAT Std": "0",
        "Fwd IAT Max": "0",
        "Fwd IAT Min": "0",
        "Bwd IAT Tot": "0",
        "Bwd IAT Mean": "0",
        "Bwd IAT Std": "0",
        "Bwd IAT Max": "0",
        "Bwd IAT Min": "0",
        "Fwd PSH Flags": "0",
        "Bwd PSH Flags": "0",
        "Fwd URG Flags": "0",
        "Bwd URG Flags": "0",
        "Fwd Header Len": "20",
        "Bwd Header Len": "20",
        "Fwd Pkts/s": "21276.595744680853",
        "Bwd Pkts/s": "21276.595744680853",
        "Pkt Len Min": "0.0",
        "Pkt Len Max": "0.0",
        "Pkt Len Mean": "0.0",
        "Pkt Len Std": "0.0",
        "Pkt Len Var": "0.0",
        "FIN Flag Cnt": "0",
        "SYN Flag Cnt": "0",
        "RST Flag Cnt": "1",
        "PSH Flag Cnt": "0",
        "ACK Flag Cnt": "0",
        "URG Flag Cnt": "0",
        "CWE Flag Count": "0",
        "ECE Flag Cnt": "0",
        "Down/Up Ratio": "1.0",
        "Pkt Size Avg": "0.0",
        "Fwd Seg Size Avg": "0.0",
        "Bwd Seg Size Avg": "0.0",
        "Fwd Byts/b Avg": "0",
        "Fwd Pkts/b Avg": "0",
        "Fwd Blk Rate Avg": "0",
        "Bwd Byts/b Avg": "0",
        "Bwd Pkts/b Avg": "0",
        "Bwd Blk Rate Avg": "0",
        "Subflow Fwd Pkts": "1",
        "Subflow Fwd Byts": "0",
        "Subflow Bwd Pkts": "1",
        "Subflow Bwd Byts": "0",
        "Init Fwd Win Byts": "-1",
        "Init Bwd Win Byts": "0",
        "Fwd Act Data Pkts": "0",
        "Fwd Seg Size Min": "0",
        "Active Mean": "0",
        "Active Std": "0",
        "Active Max": "0",
        "Active Min": "0",
        "Idle Mean": "0",
        "Idle Std": "0",
        "Idle Max": "0",
        "Idle Min": "0",
        "Label": "No Label"
    },
    {
        "Flow ID": "192.168.3.22-200.147.253.13-53584-443-6",
        "Src IP": "200.147.253.13",
        "Src Port": "443",
        "Dst IP": "192.168.3.22",
        "Dst Port": "53584",
        "Protocol": "6",
        "Timestamp": "24/01/2023 09:41:46 AM",
        "Flow Duration": "36",
        "Tot Fwd Pkts": "1",
        "Tot Bwd Pkts": "1",
        "TotLen Fwd Pkts": "0.0",
        "TotLen Bwd Pkts": "0.0",
        "Fwd Pkt Len Max": "0.0",
        "Fwd Pkt Len Min": "0.0",
        "Fwd Pkt Len Mean": "0.0",
        "Fwd Pkt Len Std": "0.0",
        "Bwd Pkt Len Max": "0.0",
        "Bwd Pkt Len Min": "0.0",
        "Bwd Pkt Len Mean": "0.0",
        "Bwd Pkt Len Std": "0.0",
        "Flow Byts/s": "0.0",
        "Flow Pkts/s": "55555.555555555555",
        "Flow IAT Mean": "36.0",
        "Flow IAT Std": "0.0",
        "Flow IAT Max": "36.0",
        "Flow IAT Min": "36.0",
        "Fwd IAT Tot": "0",
        "Fwd IAT Mean": "0",
        "Fwd IAT Std": "0",
        "Fwd IAT Max": "0",
        "Fwd IAT Min": "0",
        "Bwd IAT Tot": "0",
        "Bwd IAT Mean": "0",
        "Bwd IAT Std": "0",
        "Bwd IAT Max": "0",
        "Bwd IAT Min": "0",
        "Fwd PSH Flags": "0",
        "Bwd PSH Flags": "0",
        "Fwd URG Flags": "0",
        "Bwd URG Flags": "0",
        "Fwd Header Len": "20",
        "Bwd Header Len": "20",
        "Fwd Pkts/s": "27777.777777777777",
        "Bwd Pkts/s": "27777.777777777777",
        "Pkt Len Min": "0.0",
        "Pkt Len Max": "0.0",
        "Pkt Len Mean": "0.0",
        "Pkt Len Std": "0.0",
        "Pkt Len Var": "0.0",
        "FIN Flag Cnt": "0",
        "SYN Flag Cnt": "0",
        "RST Flag Cnt": "1",
        "PSH Flag Cnt": "0",
        "ACK Flag Cnt": "0",
        "URG Flag Cnt": "0",
        "CWE Flag Count": "0",
        "ECE Flag Cnt": "0",
        "Down/Up Ratio": "1.0",
        "Pkt Size Avg": "0.0",
        "Fwd Seg Size Avg": "0.0",
        "Bwd Seg Size Avg": "0.0",
        "Fwd Byts/b Avg": "0",
        "Fwd Pkts/b Avg": "0",
        "Fwd Blk Rate Avg": "0",
        "Bwd Byts/b Avg": "0",
        "Bwd Pkts/b Avg": "0",
        "Bwd Blk Rate Avg": "0",
        "Subflow Fwd Pkts": "1",
        "Subflow Fwd Byts": "0",
        "Subflow Bwd Pkts": "1",
        "Subflow Bwd Byts": "0",
        "Init Fwd Win Byts": "-1",
        "Init Bwd Win Byts": "0",
        "Fwd Act Data Pkts": "0",
        "Fwd Seg Size Min": "0",
        "Active Mean": "0",
        "Active Std": "0",
        "Active Max": "0",
        "Active Min": "0",
        "Idle Mean": "0",
        "Idle Std": "0",
        "Idle Max": "0",
        "Idle Min": "0",
        "Label": "No Label"
    }
]