[
    {
        "Flow ID": "142.250.218.2-192.168.3.22-443-38018-6",
        "Src IP": "192.168.3.22",
        "Src Port": "38018",
        "Dst IP": "142.250.218.2",
        "Dst Port": "443",
        "Protocol": "6",
        "Timestamp": "24/01/2023 09:40:29 AM",
        "Flow Duration": "534",
        "Tot Fwd Pkts": "1",
        "Tot Bwd Pkts": "1",
        "TotLen Fwd Pkts": "24.0",
        "TotLen Bwd Pkts": "39.0",
        "Fwd Pkt Len Max": "24.0",
        "Fwd Pkt Len Min": "24.0",
        "Fwd Pkt Len Mean": "24.0",
        "Fwd Pkt Len Std": "0.0",
        "Bwd Pkt Len Max": "39.0",
        "Bwd Pkt Len Min": "39.0",
        "Bwd Pkt Len Mean": "39.0",
        "Bwd Pkt Len Std": "0.0",
        "Flow Byts/s": "117977.52808988765",
        "Flow Pkts/s": "3745.3183520599255",
        "Flow IAT Mean": "534.0",
        "Flow IAT Std": "0.0",
        "Flow IAT Max": "534.0",
        "Flow IAT Min": "534.0",
        "Fwd IAT Tot": "0",
        "Fwd IAT Mean": "0",
        "Fwd IAT Std": "0",
        "Fwd IAT Max": "0",
        "Fwd IAT Min": "0",
        "Bwd IAT Tot": "0",
        "Bwd IAT Mean": "0",
        "Bwd IAT Std": "0",
        "Bwd IAT Max": "0",
        "Bwd IAT Min": "0",
        "Fwd PSH Flags": "0",
        "Bwd PSH Flags": "1",
        "Fwd URG Flags": "0",
        "Bwd URG Flags": "0",
        "Fwd Header Len": "32",
        "Bwd Header Len": "32",
        "Fwd Pkts/s": "1872.6591760299627",
        "Bwd Pkts/s": "1872.6591760299627",
        "Pkt Len Min": "24.0",
        "Pkt Len Max": "39.0",
        "Pkt Len Mean": "34.0",
        "Pkt Len Std": "8.660254037844387",
        "Pkt Len Var": "75.0",
        "FIN Flag Cnt": "0",
        "SYN Flag Cnt": "0",
        "RST Flag Cnt": "0",
        "PSH Flag Cnt": "1",
        "ACK Flag Cnt": "1",
        "URG Flag Cnt": "0",
        "CWE Flag Count": "0",
        "ECE Flag Cnt": "0",
        "Down/Up Ratio": "1.0",
        "Pkt Size Avg": "51.0",
        "Fwd Seg Size Avg": "24.0",
        "Bwd Seg Size Avg": "39.0",
        "Fwd Byts/b Avg": "0",
        "Fwd Pkts/b Avg": "0",
        "Fwd Blk Rate Avg": "0",
        "Bwd Byts/b Avg": "0",
        "Bwd Pkts/b Avg": "0",
        "Bwd Blk Rate Avg": "0",
        "Subflow Fwd Pkts": "1",
        "Subflow Fwd Byts": "24",
        "Subflow Bwd Pkts": "1",
        "Subflow Bwd Byts": "39",
        "Init Fwd Win Byts": "-1",
        "Init Bwd Win Byts": "501",
        "Fwd Act Data Pkts": "1",
        "Fwd Seg Size Min": "0",
        "Active Mean": "0",
        "Active Std": "0",
        "Active Max": "0",
        "Active Min": "0",
        "Idle Mean": "0",
        "Idle Std": "0",
        "Idle Max": "0",
        "Idle Min": "0",
        "Label": "No Label"
    },
    {
        "Flow ID": "142.250.219.134-192.168.3.22-443-36064-6",
        "Src IP": "192.168.3.22",
        "Src Port": "36064",
        "Dst IP": "142.250.219.134",
        "Dst Port": "443",
        "Protocol": "6",
        "Timestamp": "24/01/2023 09:40:29 AM",
        "Flow Duration": "1669",
        "Tot Fwd Pkts": "1",
        "Tot Bwd Pkts": "1",
        "TotLen Fwd Pkts": "24.0",
        "TotLen Bwd Pkts": "39.0",
        "Fwd Pkt Len Max": "24.0",
        "Fwd Pkt Len Min": "24.0",
        "Fwd Pkt Len Mean": "24.0",
        "Fwd Pkt Len Std": "0.0",
        "Bwd Pkt Len Max": "39.0",
        "Bwd Pkt Len Min": "39.0",
        "Bwd Pkt Len Mean": "39.0",
        "Bwd Pkt Len Std": "0.0",
        "Flow Byts/s": "37747.15398442181",
        "Flow Pkts/s": "1198.3223487118034",
        "Flow IAT Mean": "1669.0",
        "Flow IAT Std": "0.0",
        "Flow IAT Max": "1669.0",
        "Flow IAT Min": "1669.0",
        "Fwd IAT Tot": "0",
        "Fwd IAT Mean": "0",
        "Fwd IAT Std": "0",
        "Fwd IAT Max": "0",
        "Fwd IAT Min": "0",
        "Bwd IAT Tot": "0",
        "Bwd IAT Mean": "0",
        "Bwd IAT Std": "0",
        "Bwd IAT Max": "0",
        "Bwd IAT Min": "0",
        "Fwd PSH Flags": "0",
        "Bwd PSH Flags": "1",
        "Fwd URG Flags": "0",
        "Bwd URG Flags": "0",
        "Fwd Header Len": "32",
        "Bwd Header Len": "32",
        "Fwd Pkts/s": "599.1611743559017",
        "Bwd Pkts/s": "599.1611743559017",
        "Pkt Len Min": "24.0",
        "Pkt Len Max": "39.0",
        "Pkt Len Mean": "34.0",
        "Pkt Len Std": "8.660254037844387",
        "Pkt Len Var": "75.0",
        "FIN Flag Cnt": "0",
        "SYN Flag Cnt": "0",
        "RST Flag Cnt": "0",
        "PSH Flag Cnt": "1",
        "ACK Flag Cnt": "1",
        "URG Flag Cnt": "0",
        "CWE Flag Count": "0",
        "ECE Flag Cnt": "0",
        "Down/Up Ratio": "1.0",
        "Pkt Size Avg": "51.0",
        "Fwd Seg Size Avg": "24.0",
        "Bwd Seg Size Avg": "39.0",
        "Fwd Byts/b Avg": "0",
        "Fwd Pkts/b Avg": "0",
        "Fwd Blk Rate Avg": "0",
        "Bwd Byts/b Avg": "0",
        "Bwd Pkts/b Avg": "0",
        "Bwd Blk Rate Avg": "0",
        "Subflow Fwd Pkts": "1",
        "Subflow Fwd Byts": "24",
        "Subflow Bwd Pkts": "1",
        "Subflow Bwd Byts": "39",
        "Init Fwd Win Byts": "-1",
        "Init Bwd Win Byts": "501",
        "Fwd Act Data Pkts": "1",
        "Fwd Seg Size Min": "0",
        "Active Mean": "0",
        "Active Std": "0",
        "Active Max": "0",
        "Active Min": "0",
        "Idle Mean": "0",
        "Idle Std": "0",
        "Idle Max": "0",
        "Idle Min": "0",
        "Label": "No Label"
    },
    {
        "Flow ID": "142.250.218.2-192.168.3.22-443-38018-6",
        "Src IP": "142.250.218.2",
        "Src Port": "443",
        "Dst IP": "192.168.3.22",
        "Dst Port": "38018",
        "Protocol": "6",
        "Timestamp": "24/01/2023 09:40:29 AM",
        "Flow Duration": "391",
        "Tot Fwd Pkts": "1",
        "Tot Bwd Pkts": "1",
        "TotLen Fwd Pkts": "0.0",
        "TotLen Bwd Pkts": "0.0",
        "Fwd Pkt Len Max": "0.0",
        "Fwd Pkt Len Min": "0.0",
        "Fwd Pkt Len Mean": "0.0",
        "Fwd Pkt Len Std": "0.0",
        "Bwd Pkt Len Max": "0.0",
        "Bwd Pkt Len Min": "0.0",
        "Bwd Pkt Len Mean": "0.0",
        "Bwd Pkt Len Std": "0.0",
        "Flow Byts/s": "0.0",
        "Flow Pkts/s": "5115.089514066496",
        "Flow IAT Mean": "391.0",
        "Flow IAT Std": "0.0",
        "Flow IAT Max": "391.0",
        "Flow IAT Min": "391.0",
        "Fwd IAT Tot": "0",
        "Fwd IAT Mean": "0",
        "Fwd IAT Std": "0",
        "Fwd IAT Max": "0",
        "Fwd IAT Min": "0",
        "Bwd IAT Tot": "0",
        "Bwd IAT Mean": "0",
        "Bwd IAT Std": "0",
        "Bwd IAT Max": "0",
        "Bwd IAT Min": "0",
        "Fwd PSH Flags": "0",
        "Bwd PSH Flags": "0",
        "Fwd URG Flags": "0",
        "Bwd URG Flags": "0",
        "Fwd Header Len": "32",
        "Bwd Header Len": "32",
        "Fwd Pkts/s": "2557.544757033248",
        "Bwd Pkts/s": "2557.544757033248",
        "Pkt Len Min": "0.0",
        "Pkt Len Max": "0.0",
        "Pkt Len Mean": "0.0",
        "Pkt Len Std": "0.0",
        "Pkt Len Var": "0.0",
        "FIN Flag Cnt": "0",
        "SYN Flag Cnt": "0",
        "RST Flag Cnt": "0",
        "PSH Flag Cnt": "0",
        "ACK Flag Cnt": "1",
        "URG Flag Cnt": "0",
        "CWE Flag Count": "0",
        "ECE Flag Cnt": "0",
        "Down/Up Ratio": "1.0",
        "Pkt Size Avg": "0.0",
        "Fwd Seg Size Avg": "0.0",
        "Bwd Seg Size Avg": "0.0",
        "Fwd Byts/b Avg": "0",
        "Fwd Pkts/b Avg": "0",
        "Fwd Blk Rate Avg": "0",
        "Bwd Byts/b Avg": "0",
        "Bwd Pkts/b Avg": "0",
        "Bwd Blk Rate Avg": "0",
        "Subflow Fwd Pkts": "1",
        "Subflow Fwd Byts": "0",
        "Subflow Bwd Pkts": "1",
        "Subflow Bwd Byts": "0",
        "Init Fwd Win Byts": "-1",
        "Init Bwd Win Byts": "265",
        "Fwd Act Data Pkts": "0",
        "Fwd Seg Size Min": "0",
        "Active Mean": "0",
        "Active Std": "0",
        "Active Max": "0",
        "Active Min": "0",
        "Idle Mean": "0",
        "Idle Std": "0",
        "Idle Max": "0",
        "Idle Min": "0",
        "Label": "No Label"
    },
    {
        "Flow ID": "142.250.219.134-192.168.3.22-443-36064-6",
        "Src IP": "142.250.219.134",
        "Src Port": "443",
        "Dst IP": "192.168.3.22",
        "Dst Port": "36064",
        "Protocol": "6",
        "Timestamp": "24/01/2023 09:40:29 AM",
        "Flow Duration": "845",
        "Tot Fwd Pkts": "1",
        "Tot Bwd Pkts": "1",
        "TotLen Fwd Pkts": "0.0",
        "TotLen Bwd Pkts": "0.0",
        "Fwd Pkt Len Max": "0.0",
        "Fwd Pkt Len Min": "0.0",
        "Fwd Pkt Len Mean": "0.0",
        "Fwd Pkt Len Std": "0.0",
        "Bwd Pkt Len Max": "0.0",
        "Bwd Pkt Len Min": "0.0",
        "Bwd Pkt Len Mean": "0.0",
        "Bwd Pkt Len Std": "0.0",
        "Flow Byts/s": "0.0",
        "Flow Pkts/s": "2366.8639053254437",
        "Flow IAT Mean": "845.0",
        "Flow IAT Std": "0.0",
        "Flow IAT Max": "845.0",
        "Flow IAT Min": "845.0",
        "Fwd IAT Tot": "0",
        "Fwd IAT Mean": "0",
        "Fwd IAT Std": "0",
        "Fwd IAT Max": "0",
        "Fwd IAT Min": "0",
        "Bwd IAT Tot": "0",
        "Bwd IAT Mean": "0",
        "Bwd IAT Std": "0",
        "Bwd IAT Max": "0",
        "Bwd IAT Min": "0",
        "Fwd PSH Flags": "0",
        "Bwd PSH Flags": "0",
        "Fwd URG Flags": "0",
        "Bwd URG Flags": "0",
        "Fwd Header Len": "32",
        "Bwd Header Len": "32",
        "Fwd Pkts/s": "1183.4319526627219",
        "Bwd Pkts/s": "1183.4319526627219",
        "Pkt Len Min": "0.0",
        "Pkt Len Max": "0.0",
        "Pkt Len Mean": "0.0",
        "Pkt Len Std": "0.0",
        "Pkt Len Var": "0.0",
        "FIN Flag Cnt": "0",
        "SYN Flag Cnt": "0",
        "RST Flag Cnt": "0",
        "PSH Flag Cnt": "0",
        "ACK Flag Cnt": "1",
        "URG Flag Cnt": "0",
        "CWE Flag Count": "0",
        "ECE Flag Cnt": "0",
        "Down/Up Ratio": "1.0",
        "Pkt Size Avg": "0.0",
        "Fwd Seg Size Avg": "0.0",
        "Bwd Seg Size Avg": "0.0",
        "Fwd Byts/b Avg": "0",
        "Fwd Pkts/b Avg": "0",
        "Fwd Blk Rate Avg": "0",
        "Bwd Byts/b Avg": "0",
        "Bwd Pkts/b Avg": "0",
        "Bwd Blk Rate Avg": "0",
        "Subflow Fwd Pkts": "1",
        "Subflow Fwd Byts": "0",
        "Subflow Bwd Pkts": "1",
        "Subflow Bwd Byts": "0",
        "Init Fwd Win Byts": "-1",
        "Init Bwd Win Byts": "265",
        "Fwd Act Data Pkts": "0",
        "Fwd Seg Size Min": "0",
        "Active Mean": "0",
        "Active Std": "0",
        "Active Max": "0",
        "Active Min": "0",
        "Idle Mean": "0",
        "Idle Std": "0",
        "Idle Max": "0",
        "Idle Min": "0",
        "Label": "No Label"
    },
    {
        "Flow ID": "185.255.84.153-192.168.3.22-443-35964-6",
        "Src IP": "185.255.84.153",
        "Src Port": "443",
        "Dst IP": "192.168.3.22",
        "Dst Port": "35964",
        "Protocol": "6",
        "Timestamp": "24/01/2023 09:40:31 AM",
        "Flow Duration": "240",
        "Tot Fwd Pkts": "0",
        "Tot Bwd Pkts": "4",
        "TotLen Fwd Pkts": "0.0",
        "TotLen Bwd Pkts": "102.0",
        "Fwd Pkt Len Max": "0",
        "Fwd Pkt Len Min": "0",
        "Fwd Pkt Len Mean": "0",
        "Fwd Pkt Len Std": "0",
        "Bwd Pkt Len Max": "39.0",
        "Bwd Pkt Len Min": "0.0",
        "Bwd Pkt Len Mean": "25.5",
        "Bwd Pkt Len Std": "18.411952639521967",
        "Flow Byts/s": "425000.0",
        "Flow Pkts/s": "16666.666666666668",
        "Flow IAT Mean": "80.0",
        "Flow IAT Std": "55.83009940883144",
        "Flow IAT Max": "139.0",
        "Flow IAT Min": "28.0",
        "Fwd IAT Tot": "0",
        "Fwd IAT Mean": "0",
        "Fwd IAT Std": "0",
        "Fwd IAT Max": "0",
        "Fwd IAT Min": "0",
        "Bwd IAT Tot": "240.0",
        "Bwd IAT Mean": "80.0",
        "Bwd IAT Std": "55.83009940883144",
        "Bwd IAT Max": "139.0",
        "Bwd IAT Min": "28.0",
        "Fwd PSH Flags": "0",
        "Bwd PSH Flags": "1",
        "Fwd URG Flags": "0",
        "Bwd URG Flags": "0",
        "Fwd Header Len": "0",
        "Bwd Header Len": "128",
        "Fwd Pkts/s": "0.0",
        "Bwd Pkts/s": "16666.666666666668",
        "Pkt Len Min": "0.0",
        "Pkt Len Max": "39.0",
        "Pkt Len Mean": "28.2",
        "Pkt Len Std": "17.049926686059386",
        "Pkt Len Var": "290.7",
        "FIN Flag Cnt": "0",
        "SYN Flag Cnt": "0",
        "RST Flag Cnt": "0",
        "PSH Flag Cnt": "1",
        "ACK Flag Cnt": "1",
        "URG Flag Cnt": "0",
        "CWE Flag Count": "0",
        "ECE Flag Cnt": "0",
        "Down/Up Ratio": "0.0",
        "Pkt Size Avg": "35.25",
        "Fwd Seg Size Avg": "0.0",
        "Bwd Seg Size Avg": "25.5",
        "Fwd Byts/b Avg": "0",
        "Fwd Pkts/b Avg": "0",
        "Fwd Blk Rate Avg": "0",
        "Bwd Byts/b Avg": "0",
        "Bwd Pkts/b Avg": "0",
        "Bwd Blk Rate Avg": "0",
        "Subflow Fwd Pkts": "0",
        "Subflow Fwd Byts": "0",
        "Subflow Bwd Pkts": "4",
        "Subflow Bwd Byts": "102",
        "Init Fwd Win Byts": "-1",
        "Init Bwd Win Byts": "501",
        "Fwd Act Data Pkts": "0",
        "Fwd Seg Size Min": "0",
        "Active Mean": "0",
        "Active Std": "0",
        "Active Max": "0",
        "Active Min": "0",
        "Idle Mean": "0",
        "Idle Std": "0",
        "Idle Max": "0",
        "Idle Min": "0",
        "Label": "No Label"
    },
    {
        "Flow ID": "185.255.84.153-192.168.3.22-443-35964-6",
        "Src IP": "185.255.84.153",
        "Src Port": "443",
        "Dst IP": "192.168.3.22",
        "Dst Port": "35964",
        "Protocol": "6",
        "Timestamp": "24/01/2023 09:40:31 AM",
        "Flow Duration": "5093",
        "Tot Fwd Pkts": "2",
        "Tot Bwd Pkts": "2",
        "TotLen Fwd Pkts": "24.0",
        "TotLen Bwd Pkts": "0.0",
        "Fwd Pkt Len Max": "24.0",
        "Fwd Pkt Len Min": "0.0",
        "Fwd Pkt Len Mean": "12.0",
        "Fwd Pkt Len Std": "16.97056274847714",
        "Bwd Pkt Len Max": "0.0",
        "Bwd Pkt Len Min": "0.0",
        "Bwd Pkt Len Mean": "0.0",
        "Bwd Pkt Len Std": "0.0",
        "Flow Byts/s": "4712.3502847044965",
        "Flow Pkts/s": "785.391714117416",
        "Flow IAT Mean": "1697.6666666666665",
        "Flow IAT Std": "2569.9566792717214",
        "Flow IAT Max": "4659.0",
        "Flow IAT Min": "51.0",
        "Fwd IAT Tot": "434.0",
        "Fwd IAT Mean": "434.0",
        "Fwd IAT Std": "0.0",
        "Fwd IAT Max": "434.0",
        "Fwd IAT Min": "434.0",
        "Bwd IAT Tot": "4710.0",
        "Bwd IAT Mean": "4710.0",
        "Bwd IAT Std": "0.0",
        "Bwd IAT Max": "4710.0",
        "Bwd IAT Min": "4710.0",
        "Fwd PSH Flags": "0",
        "Bwd PSH Flags": "0",
        "Fwd URG Flags": "0",
        "Bwd URG Flags": "0",
        "Fwd Header Len": "64",
        "Bwd Header Len": "52",
        "Fwd Pkts/s": "392.695857058708",
        "Bwd Pkts/s": "392.695857058708",
        "Pkt Len Min": "0.0",
        "Pkt Len Max": "24.0",
        "Pkt Len Mean": "4.8",
        "Pkt Len Std": "10.73312629199899",
        "Pkt Len Var": "115.2",
        "FIN Flag Cnt": "0",
        "SYN Flag Cnt": "0",
        "RST Flag Cnt": "0",
        "PSH Flag Cnt": "0",
        "ACK Flag Cnt": "1",
        "URG Flag Cnt": "0",
        "CWE Flag Count": "0",
        "ECE Flag Cnt": "0",
        "Down/Up Ratio": "1.0",
        "Pkt Size Avg": "6.0",
        "Fwd Seg Size Avg": "12.0",
        "Bwd Seg Size Avg": "0.0",
        "Fwd Byts/b Avg": "0",
        "Fwd Pkts/b Avg": "0",
        "Fwd Blk Rate Avg": "0",
        "Bwd Byts/b Avg": "0",
        "Bwd Pkts/b Avg": "0",
        "Bwd Blk Rate Avg": "0",
        "Subflow Fwd Pkts": "2",
        "Subflow Fwd Byts": "24",
        "Subflow Bwd Pkts": "2",
        "Subflow Bwd Byts": "0",
        "Init Fwd Win Byts": "-1",
        "Init Bwd Win Byts": "0",
        "Fwd Act Data Pkts": "1",
        "Fwd Seg Size Min": "0",
        "Active Mean": "0",
        "Active Std": "0",
        "Active Max": "0",
        "Active Min": "0",
        "Idle Mean": "0",
        "Idle Std": "0",
        "Idle Max": "0",
        "Idle Min": "0",
        "Label": "No Label"
    },
    {
        "Flow ID": "192.168.3.22-54.230.7.212-42872-80-6",
        "Src IP": "192.168.3.22",
        "Src Port": "42872",
        "Dst IP": "54.230.7.212",
        "Dst Port": "80",
        "Protocol": "6",
        "Timestamp": "24/01/2023 09:40:31 AM",
        "Flow Duration": "44055",
        "Tot Fwd Pkts": "0",
        "Tot Bwd Pkts": "2",
        "TotLen Fwd Pkts": "0.0",
        "TotLen Bwd Pkts": "0.0",
        "Fwd Pkt Len Max": "0",
        "Fwd Pkt Len Min": "0",
        "Fwd Pkt Len Mean": "0",
        "Fwd Pkt Len Std": "0",
        "Bwd Pkt Len Max": "0.0",
        "Bwd Pkt Len Min": "0.0",
        "Bwd Pkt Len Mean": "0.0",
        "Bwd Pkt Len Std": "0.0",
        "Flow Byts/s": "0.0",
        "Flow Pkts/s": "45.39779820678697",
        "Flow IAT Mean": "44055.0",
        "Flow IAT Std": "0.0",
        "Flow IAT Max": "44055.0",
        "Flow IAT Min": "44055.0",
        "Fwd IAT Tot": "0",
        "Fwd IAT Mean": "0",
        "Fwd IAT Std": "0",
        "Fwd IAT Max": "0",
        "Fwd IAT Min": "0",
        "Bwd IAT Tot": "44055.0",
        "Bwd IAT Mean": "44055.0",
        "Bwd IAT Std": "0.0",
        "Bwd IAT Max": "44055.0",
        "Bwd IAT Min": "44055.0",
        "Fwd PSH Flags": "0",
        "Bwd PSH Flags": "0",
        "Fwd URG Flags": "0",
        "Bwd URG Flags": "0",
        "Fwd Header Len": "0",
        "Bwd Header Len": "64",
        "Fwd Pkts/s": "0.0",
        "Bwd Pkts/s": "45.39779820678697",
        "Pkt Len Min": "0.0",
        "Pkt Len Max": "0.0",
        "Pkt Len Mean": "0.0",
        "Pkt Len Std": "0.0",
        "Pkt Len Var": "0.0",
        "FIN Flag Cnt": "0",
        "SYN Flag Cnt": "0",
        "RST Flag Cnt": "0",
        "PSH Flag Cnt": "0",
        "ACK Flag Cnt": "1",
        "URG Flag Cnt": "0",
        "CWE Flag Count": "0",
        "ECE Flag Cnt": "0",
        "Down/Up Ratio": "0.0",
        "Pkt Size Avg": "0.0",
        "Fwd Seg Size Avg": "0.0",
        "Bwd Seg Size Avg": "0.0",
        "Fwd Byts/b Avg": "0",
        "Fwd Pkts/b Avg": "0",
        "Fwd Blk Rate Avg": "0",
        "Bwd Byts/b Avg": "0",
        "Bwd Pkts/b Avg": "0",
        "Bwd Blk Rate Avg": "0",
        "Subflow Fwd Pkts": "0",
        "Subflow Fwd Byts": "0",
        "Subflow Bwd Pkts": "2",
        "Subflow Bwd Byts": "0",
        "Init Fwd Win Byts": "-1",
        "Init Bwd Win Byts": "131",
        "Fwd Act Data Pkts": "0",
        "Fwd Seg Size Min": "0",
        "Active Mean": "0",
        "Active Std": "0",
        "Active Max": "0",
        "Active Min": "0",
        "Idle Mean": "0",
        "Idle Std": "0",
        "Idle Max": "0",
        "Idle Min": "0",
        "Label": "No Label"
    },
    {
        "Flow ID": "151.101.194.133-192.168.3.22-80-38080-6",
        "Src IP": "192.168.3.22",
        "Src Port": "38080",
        "Dst IP": "151.101.194.133",
        "Dst Port": "80",
        "Protocol": "6",
        "Timestamp": "24/01/2023 09:40:31 AM",
        "Flow Duration": "2914",
        "Tot Fwd Pkts": "0",
        "Tot Bwd Pkts": "2",
        "TotLen Fwd Pkts": "0.0",
        "TotLen Bwd Pkts": "0.0",
        "Fwd Pkt Len Max": "0",
        "Fwd Pkt Len Min": "0",
        "Fwd Pkt Len Mean": "0",
        "Fwd Pkt Len Std": "0",
        "Bwd Pkt Len Max": "0.0",
        "Bwd Pkt Len Min": "0.0",
        "Bwd Pkt Len Mean": "0.0",
        "Bwd Pkt Len Std": "0.0",
        "Flow Byts/s": "0.0",
        "Flow Pkts/s": "686.3417982155113",
        "Flow IAT Mean": "2914.0",
        "Flow IAT Std": "0.0",
        "Flow IAT Max": "2914.0",
        "Flow IAT Min": "2914.0",
        "Fwd IAT Tot": "0",
        "Fwd IAT Mean": "0",
        "Fwd IAT Std": "0",
        "Fwd IAT Max": "0",
        "Fwd IAT Min": "0",
        "Bwd IAT Tot": "2914.0",
        "Bwd IAT Mean": "2914.0",
        "Bwd IAT Std": "0.0",
        "Bwd IAT Max": "2914.0",
        "Bwd IAT Min": "2914.0",
        "Fwd PSH Flags": "0",
        "Bwd PSH Flags": "0",
        "Fwd URG Flags": "0",
        "Bwd URG Flags": "0",
        "Fwd Header Len": "0",
        "Bwd Header Len": "64",
        "Fwd Pkts/s": "0.0",
        "Bwd Pkts/s": "686.3417982155113",
        "Pkt Len Min": "0.0",
        "Pkt Len Max": "0.0",
        "Pkt Len Mean": "0.0",
        "Pkt Len Std": "0.0",
        "Pkt Len Var": "0.0",
        "FIN Flag Cnt": "0",
        "SYN Flag Cnt": "0",
        "RST Flag Cnt": "0",
        "PSH Flag Cnt": "0",
        "ACK Flag Cnt": "1",
        "URG Flag Cnt": "0",
        "CWE Flag Count": "0",
        "ECE Flag Cnt": "0",
        "Down/Up Ratio": "0.0",
        "Pkt Size Avg": "0.0",
        "Fwd Seg Size Avg": "0.0",
        "Bwd Seg Size Avg": "0.0",
        "Fwd Byts/b Avg": "0",
        "Fwd Pkts/b Avg": "0",
        "Fwd Blk Rate Avg": "0",
        "Bwd Byts/b Avg": "0",
        "Bwd Pkts/b Avg": "0",
        "Bwd Blk Rate Avg": "0",
        "Subflow Fwd Pkts": "0",
        "Subflow Fwd Byts": "0",
        "Subflow Bwd Pkts": "2",
        "Subflow Bwd Byts": "0",
        "Init Fwd Win Byts": "-1",
        "Init Bwd Win Byts": "285",
        "Fwd Act Data Pkts": "0",
        "Fwd Seg Size Min": "0",
        "Active Mean": "0",
        "Active Std": "0",
        "Active Max": "0",
        "Active Min": "0",
        "Idle Mean": "0",
        "Idle Std": "0",
        "Idle Max": "0",
        "Idle Min": "0",
        "Label": "No Label"
    },
    {
        "Flow ID": "184.50.248.142-192.168.3.22-443-55658-6",
        "Src IP": "192.168.3.22",
        "Src Port": "55658",
        "Dst IP": "184.50.248.142",
        "Dst Port": "443",
        "Protocol": "6",
        "Timestamp": "24/01/2023 09:40:31 AM",
        "Flow Duration": "4086",
        "Tot Fwd Pkts": "0",
        "Tot Bwd Pkts": "2",
        "TotLen Fwd Pkts": "0.0",
        "TotLen Bwd Pkts": "0.0",
        "Fwd Pkt Len Max": "0",
        "Fwd Pkt Len Min": "0",
        "Fwd Pkt Len Mean": "0",
        "Fwd Pkt Len Std": "0",
        "Bwd Pkt Len Max": "0.0",
        "Bwd Pkt Len Min": "0.0",
        "Bwd Pkt Len Mean": "0.0",
        "Bwd Pkt Len Std": "0.0",
        "Flow Byts/s": "0.0",
        "Flow Pkts/s": "489.4762604013705",
        "Flow IAT Mean": "4086.0",
        "Flow IAT Std": "0.0",
        "Flow IAT Max": "4086.0",
        "Flow IAT Min": "4086.0",
        "Fwd IAT Tot": "0",
        "Fwd IAT Mean": "0",
        "Fwd IAT Std": "0",
        "Fwd IAT Max": "0",
        "Fwd IAT Min": "0",
        "Bwd IAT Tot": "4086.0",
        "Bwd IAT Mean": "4086.0",
        "Bwd IAT Std": "0.0",
        "Bwd IAT Max": "4086.0",
        "Bwd IAT Min": "4086.0",
        "Fwd PSH Flags": "0",
        "Bwd PSH Flags": "0",
        "Fwd URG Flags": "0",
        "Bwd URG Flags": "0",
        "Fwd Header Len": "0",
        "Bwd Header Len": "64",
        "Fwd Pkts/s": "0.0",
        "Bwd Pkts/s": "489.4762604013705",
        "Pkt Len Min": "0.0",
        "Pkt Len Max": "0.0",
        "Pkt Len Mean": "0.0",
        "Pkt Len Std": "0.0",
        "Pkt Len Var": "0.0",
        "FIN Flag Cnt": "0",
        "SYN Flag Cnt": "0",
        "RST Flag Cnt": "0",
        "PSH Flag Cnt": "0",
        "ACK Flag Cnt": "1",
        "URG Flag Cnt": "0",
        "CWE Flag Count": "0",
        "ECE Flag Cnt": "0",
        "Down/Up Ratio": "0.0",
        "Pkt Size Avg": "0.0",
        "Fwd Seg Size Avg": "0.0",
        "Bwd Seg Size Avg": "0.0",
        "Fwd Byts/b Avg": "0",
        "Fwd Pkts/b Avg": "0",
        "Fwd Blk Rate Avg": "0",
        "Bwd Byts/b Avg": "0",
        "Bwd Pkts/b Avg": "0",
        "Bwd Blk Rate Avg": "0",
        "Subflow Fwd Pkts": "0",
        "Subflow Fwd Byts": "0",
        "Subflow Bwd Pkts": "2",
        "Subflow Bwd Byts": "0",
        "Init Fwd Win Byts": "-1",
        "Init Bwd Win Byts": "501",
        "Fwd Act Data Pkts": "0",
        "Fwd Seg Size Min": "0",
        "Active Mean": "0",
        "Active Std": "0",
        "Active Max": "0",
        "Active Min": "0",
        "Idle Mean": "0",
        "Idle Std": "0",
        "Idle Max": "0",
        "Idle Min": "0",
        "Label": "No Label"
    },
    {
        "Flow ID": "192.168.3.1-192.168.3.22-53-48753-17",
        "Src IP": "192.168.3.22",
        "Src Port": "48753",
        "Dst IP": "192.168.3.1",
        "Dst Port": "53",
        "Protocol": "17",
        "Timestamp": "24/01/2023 09:40:31 AM",
        "Flow Duration": "6693",
        "Tot Fwd Pkts": "0",
        "Tot Bwd Pkts": "2",
        "TotLen Fwd Pkts": "0.0",
        "TotLen Bwd Pkts": "74.0",
        "Fwd Pkt Len Max": "0",
        "Fwd Pkt Len Min": "0",
        "Fwd Pkt Len Mean": "0",
        "Fwd Pkt Len Std": "0",
        "Bwd Pkt Len Max": "45.0",
        "Bwd Pkt Len Min": "29.0",
        "Bwd Pkt Len Mean": "37.0",
        "Bwd Pkt Len Std": "11.313708498984761",
        "Flow Byts/s": "11056.327506349917",
        "Flow Pkts/s": "298.81966233378154",
        "Flow IAT Mean": "6693.0",
        "Flow IAT Std": "0.0",
        "Flow IAT Max": "6693.0",
        "Flow IAT Min": "6693.0",
        "Fwd IAT Tot": "0",
        "Fwd IAT Mean": "0",
        "Fwd IAT Std": "0",
        "Fwd IAT Max": "0",
        "Fwd IAT Min": "0",
        "Bwd IAT Tot": "6693.0",
        "Bwd IAT Mean": "6693.0",
        "Bwd IAT Std": "0.0",
        "Bwd IAT Max": "6693.0",
        "Bwd IAT Min": "6693.0",
        "Fwd PSH Flags": "0",
        "Bwd PSH Flags": "0",
        "Fwd URG Flags": "0",
        "Bwd URG Flags": "0",
        "Fwd Header Len": "0",
        "Bwd Header Len": "16",
        "Fwd Pkts/s": "0.0",
        "Bwd Pkts/s": "298.81966233378154",
        "Pkt Len Min": "29.0",
        "Pkt Len Max": "45.0",
        "Pkt Len Mean": "34.333333333333336",
        "Pkt Len Std": "9.237604307034012",
        "Pkt Len Var": "85.33333333333333",
        "FIN Flag Cnt": "0",
        "SYN Flag Cnt": "0",
        "RST Flag Cnt": "0",
        "PSH Flag Cnt": "0",
        "ACK Flag Cnt": "0",
        "URG Flag Cnt": "0",
        "CWE Flag Count": "0",
        "ECE Flag Cnt": "0",
        "Down/Up Ratio": "0.0",
        "Pkt Size Avg": "51.5",
        "Fwd Seg Size Avg": "0.0",
        "Bwd Seg Size Avg": "37.0",
        "Fwd Byts/b Avg": "0",
        "Fwd Pkts/b Avg": "0",
        "Fwd Blk Rate Avg": "0",
        "Bwd Byts/b Avg": "0",
        "Bwd Pkts/b Avg": "0",
        "Bwd Blk Rate Avg": "0",
        "Subflow Fwd Pkts": "0",
        "Subflow Fwd Byts": "0",
        "Subflow Bwd Pkts": "2",
        "Subflow Bwd Byts": "74",
        "Init Fwd Win Byts": "-1",
        "Init Bwd Win Byts": "-1",
        "Fwd Act Data Pkts": "0",
        "Fwd Seg Size Min": "0",
        "Active Mean": "0",
        "Active Std": "0",
        "Active Max": "0",
        "Active Min": "0",
        "Idle Mean": "0",
        "Idle Std": "0",
        "Idle Max": "0",
        "Idle Min": "0",
        "Label": "No Label"
    },
    {
        "Flow ID": "192.168.3.22-52.203.53.149-41512-443-6",
        "Src IP": "192.168.3.22",
        "Src Port": "41512",
        "Dst IP": "52.203.53.149",
        "Dst Port": "443",
        "Protocol": "6",
        "Timestamp": "24/01/2023 09:40:31 AM",
        "Flow Duration": "92041",
        "Tot Fwd Pkts": "0",
        "Tot Bwd Pkts": "2",
        "TotLen Fwd Pkts": "0.0",
        "TotLen Bwd Pkts": "0.0",
        "Fwd Pkt Len Max": "0",
        "Fwd Pkt Len Min": "0",
        "Fwd Pkt Len Mean": "0",
        "Fwd Pkt Len Std": "0",
        "Bwd Pkt Len Max": "0.0",
        "Bwd Pkt Len Min": "0.0",
        "Bwd Pkt Len Mean": "0.0",
        "Bwd Pkt Len Std": "0.0",
        "Flow Byts/s": "0.0",
        "Flow Pkts/s": "21.729446659640814",
        "Flow IAT Mean": "92041.0",
        "Flow IAT Std": "0.0",
        "Flow IAT Max": "92041.0",
        "Flow IAT Min": "92041.0",
        "Fwd IAT Tot": "0",
        "Fwd IAT Mean": "0",
        "Fwd IAT Std": "0",
        "Fwd IAT Max": "0",
        "Fwd IAT Min": "0",
        "Bwd IAT Tot": "92041.0",
        "Bwd IAT Mean": "92041.0",
        "Bwd IAT Std": "0.0",
        "Bwd IAT Max": "92041.0",
        "Bwd IAT Min": "92041.0",
        "Fwd PSH Flags": "0",
        "Bwd PSH Flags": "0",
        "Fwd URG Flags": "0",
        "Bwd URG Flags": "0",
        "Fwd Header Len": "0",
        "Bwd Header Len": "64",
        "Fwd Pkts/s": "0.0",
        "Bwd Pkts/s": "21.729446659640814",
        "Pkt Len Min": "0.0",
        "Pkt Len Max": "0.0",
        "Pkt Len Mean": "0.0",
        "Pkt Len Std": "0.0",
        "Pkt Len Var": "0.0",
        "FIN Flag Cnt": "0",
        "SYN Flag Cnt": "0",
        "RST Flag Cnt": "0",
        "PSH Flag Cnt": "0",
        "ACK Flag Cnt": "1",
        "URG Flag Cnt": "0",
        "CWE Flag Count": "0",
        "ECE Flag Cnt": "0",
        "Down/Up Ratio": "0.0",
        "Pkt Size Avg": "0.0",
        "Fwd Seg Size Avg": "0.0",
        "Bwd Seg Size Avg": "0.0",
        "Fwd Byts/b Avg": "0",
        "Fwd Pkts/b Avg": "0",
        "Fwd Blk Rate Avg": "0",
        "Bwd Byts/b Avg": "0",
        "Bwd Pkts/b Avg": "0",
        "Bwd Blk Rate Avg": "0",
        "Subflow Fwd Pkts": "0",
        "Subflow Fwd Byts": "0",
        "Subflow Bwd Pkts": "2",
        "Subflow Bwd Byts": "0",
        "Init Fwd Win Byts": "-1",
        "Init Bwd Win Byts": "112",
        "Fwd Act Data Pkts": "0",
        "Fwd Seg Size Min": "0",
        "Active Mean": "0",
        "Active Std": "0",
        "Active Max": "0",
        "Active Min": "0",
        "Idle Mean": "0",
        "Idle Std": "0",
        "Idle Max": "0",
        "Idle Min": "0",
        "Label": "No Label"
    },
    {
        "Flow ID": "172.217.162.99-192.168.3.22-443-35184-17",
        "Src IP": "192.168.3.22",
        "Src Port": "35184",
        "Dst IP": "172.217.162.99",
        "Dst Port": "443",
        "Protocol": "17",
        "Timestamp": "24/01/2023 09:40:31 AM",
        "Flow Duration": "165725",
        "Tot Fwd Pkts": "7",
        "Tot Bwd Pkts": "11",
        "TotLen Fwd Pkts": "718.0",
        "TotLen Bwd Pkts": "6977.0",
        "Fwd Pkt Len Max": "421.0",
        "Fwd Pkt Len Min": "33.0",
        "Fwd Pkt Len Mean": "102.57142857142857",
        "Fwd Pkt Len Std": "141.87301498506466",
        "Bwd Pkt Len Max": "1250.0",
        "Bwd Pkt Len Min": "25.0",
        "Bwd Pkt Len Mean": "634.2727272727274",
        "Bwd Pkt Len Std": "563.3590490813282",
        "Flow Byts/s": "46432.342736461",
        "Flow Pkts/s": "108.61366721979182",
        "Flow IAT Mean": "9748.529411764706",
        "Flow IAT Std": "20959.970772038447",
        "Flow IAT Max": "75581.0",
        "Flow IAT Min": "2.0",
        "Fwd IAT Tot": "165572.0",
        "Fwd IAT Mean": "27595.333333333336",
        "Fwd IAT Std": "42947.80091537478",
        "Fwd IAT Max": "93454.0",
        "Fwd IAT Min": "87.0",
        "Bwd IAT Tot": "138367.0",
        "Bwd IAT Mean": "13836.699999999999",
        "Bwd IAT Std": "26192.724851038736",
        "Bwd IAT Max": "75821.0",
        "Bwd IAT Min": "2.0",
        "Fwd PSH Flags": "0",
        "Bwd PSH Flags": "0",
        "Fwd URG Flags": "0",
        "Bwd URG Flags": "0",
        "Fwd Header Len": "56",
        "Bwd Header Len": "88",
        "Fwd Pkts/s": "42.23864836325237",
        "Bwd Pkts/s": "66.37501885653944",
        "Pkt Len Min": "25.0",
        "Pkt Len Max": "1250.0",
        "Pkt Len Mean": "470.7894736842104",
        "Pkt Len Std": "534.621213669326",
        "Pkt Len Var": "285819.84210526315",
        "FIN Flag Cnt": "0",
        "SYN Flag Cnt": "0",
        "RST Flag Cnt": "0",
        "PSH Flag Cnt": "0",
        "ACK Flag Cnt": "0",
        "URG Flag Cnt": "0",
        "CWE Flag Count": "0",
        "ECE Flag Cnt": "0",
        "Down/Up Ratio": "1.0",
        "Pkt Size Avg": "496.94444444444446",
        "Fwd Seg Size Avg": "102.57142857142857",
        "Bwd Seg Size Avg": "634.2727272727273",
        "Fwd Byts/b Avg": "0",
        "Fwd Pkts/b Avg": "0",
        "Fwd Blk Rate Avg": "0",
        "Bwd Byts/b Avg": "0",
        "Bwd Pkts/b Avg": "0",
        "Bwd Blk Rate Avg": "0",
        "Subflow Fwd Pkts": "7",
        "Subflow Fwd Byts": "718",
        "Subflow Bwd Pkts": "11",
        "Subflow Bwd Byts": "6977",
        "Init Fwd Win Byts": "-1",
        "Init Bwd Win Byts": "-1",
        "Fwd Act Data Pkts": "7",
        "Fwd Seg Size Min": "0",
        "Active Mean": "0",
        "Active Std": "0",
        "Active Max": "0",
        "Active Min": "0",
        "Idle Mean": "0",
        "Idle Std": "0",
        "Idle Max": "0",
        "Idle Min": "0",
        "Label": "No Label"
    },
    {
        "Flow ID": "192.168.3.22-54.230.7.212-42870-80-6",
        "Src IP": "192.168.3.22",
        "Src Port": "42870",
        "Dst IP": "54.230.7.212",
        "Dst Port": "80",
        "Protocol": "6",
        "Timestamp": "24/01/2023 09:40:31 AM",
        "Flow Duration": "44250",
        "Tot Fwd Pkts": "0",
        "Tot Bwd Pkts": "2",
        "TotLen Fwd Pkts": "0.0",
        "TotLen Bwd Pkts": "0.0",
        "Fwd Pkt Len Max": "0",
        "Fwd Pkt Len Min": "0",
        "Fwd Pkt Len Mean": "0",
        "Fwd Pkt Len Std": "0",
        "Bwd Pkt Len Max": "0.0",
        "Bwd Pkt Len Min": "0.0",
        "Bwd Pkt Len Mean": "0.0",
        "Bwd Pkt Len Std": "0.0",
        "Flow Byts/s": "0.0",
        "Flow Pkts/s": "45.19774011299435",
        "Flow IAT Mean": "44250.0",
        "Flow IAT Std": "0.0",
        "Flow IAT Max": "44250.0",
        "Flow IAT Min": "44250.0",
        "Fwd IAT Tot": "0",
        "Fwd IAT Mean": "0",
        "Fwd IAT Std": "0",
        "Fwd IAT Max": "0",
        "Fwd IAT Min": "0",
        "Bwd IAT Tot": "44250.0",
        "Bwd IAT Mean": "44250.0",
        "Bwd IAT Std": "0.0",
        "Bwd IAT Max": "44250.0",
        "Bwd IAT Min": "44250.0",
        "Fwd PSH Flags": "0",
        "Bwd PSH Flags": "0",
        "Fwd URG Flags": "0",
        "Bwd URG Flags": "0",
        "Fwd Header Len": "0",
        "Bwd Header Len": "64",
        "Fwd Pkts/s": "0.0",
        "Bwd Pkts/s": "45.19774011299435",
        "Pkt Len Min": "0.0",
        "Pkt Len Max": "0.0",
        "Pkt Len Mean": "0.0",
        "Pkt Len Std": "0.0",
        "Pkt Len Var": "0.0",
        "FIN Flag Cnt": "0",
        "SYN Flag Cnt": "0",
        "RST Flag Cnt": "0",
        "PSH Flag Cnt": "0",
        "ACK Flag Cnt": "1",
        "URG Flag Cnt": "0",
        "CWE Flag Count": "0",
        "ECE Flag Cnt": "0",
        "Down/Up Ratio": "0.0",
        "Pkt Size Avg": "0.0",
        "Fwd Seg Size Avg": "0.0",
        "Bwd Seg Size Avg": "0.0",
        "Fwd Byts/b Avg": "0",
        "Fwd Pkts/b Avg": "0",
        "Fwd Blk Rate Avg": "0",
        "Bwd Byts/b Avg": "0",
        "Bwd Pkts/b Avg": "0",
        "Bwd Blk Rate Avg": "0",
        "Subflow Fwd Pkts": "0",
        "Subflow Fwd Byts": "0",
        "Subflow Bwd Pkts": "2",
        "Subflow Bwd Byts": "0",
        "Init Fwd Win Byts": "-1",
        "Init Bwd Win Byts": "131",
        "Fwd Act Data Pkts": "0",
        "Fwd Seg Size Min": "0",
        "Active Mean": "0",
        "Active Std": "0",
        "Active Max": "0",
        "Active Min": "0",
        "Idle Mean": "0",
        "Idle Std": "0",
        "Idle Max": "0",
        "Idle Min": "0",
        "Label": "No Label"
    }
]