[
    {
        "Flow ID": "192.168.3.22-200.147.253.13-44270-443-6",
        "Src IP": "192.168.3.22",
        "Src Port": "44270",
        "Dst IP": "200.147.253.13",
        "Dst Port": "443",
        "Protocol": "6",
        "Timestamp": "24/01/2023 09:43:11 AM",
        "Flow Duration": "323941",
        "Tot Fwd Pkts": "15",
        "Tot Bwd Pkts": "18",
        "TotLen Fwd Pkts": "1132.0",
        "TotLen Bwd Pkts": "43318.0",
        "Fwd Pkt Len Max": "517.0",
        "Fwd Pkt Len Min": "0.0",
        "Fwd Pkt Len Mean": "75.46666666666665",
        "Fwd Pkt Len Std": "176.64689017790212",
        "Bwd Pkt Len Max": "5600.0",
        "Bwd Pkt Len Min": "0.0",
        "Bwd Pkt Len Mean": "2406.5555555555557",
        "Bwd Pkt Len Std": "2009.7789817677854",
        "Flow Byts/s": "137216.34495170417",
        "Flow Pkts/s": "101.87040232634956",
        "Flow IAT Mean": "10123.156249999996",
        "Flow IAT Std": "20792.136295941116",
        "Flow IAT Max": "68121.0",
        "Flow IAT Min": "1.0",
        "Fwd IAT Tot": "276067.0",
        "Fwd IAT Mean": "19719.07142857143",
        "Fwd IAT Std": "26457.60456470309",
        "Fwd IAT Max": "68327.0",
        "Fwd IAT Min": "23.0",
        "Bwd IAT Tot": "323941.0",
        "Bwd IAT Mean": "19055.352941176472",
        "Bwd IAT Std": "26890.915610437052",
        "Bwd IAT Max": "68232.0",
        "Bwd IAT Min": "18.0",
        "Fwd PSH Flags": "0",
        "Bwd PSH Flags": "0",
        "Fwd URG Flags": "0",
        "Bwd URG Flags": "0",
        "Fwd Header Len": "480",
        "Bwd Header Len": "592",
        "Fwd Pkts/s": "46.30472833015889",
        "Bwd Pkts/s": "55.56567399619067",
        "Pkt Len Min": "0.0",
        "Pkt Len Max": "5600.0",
        "Pkt Len Mean": "1307.3529411764705",
        "Pkt Len Std": "1869.4045216584739",
        "Pkt Len Var": "3494673.265597148",
        "FIN Flag Cnt": "0",
        "SYN Flag Cnt": "1",
        "RST Flag Cnt": "0",
        "PSH Flag Cnt": "0",
        "ACK Flag Cnt": "0",
        "URG Flag Cnt": "0",
        "CWE Flag Count": "0",
        "ECE Flag Cnt": "0",
        "Down/Up Ratio": "1.0",
        "Pkt Size Avg": "1346.969696969697",
        "Fwd Seg Size Avg": "75.46666666666667",
        "Bwd Seg Size Avg": "2406.5555555555557",
        "Fwd Byts/b Avg": "0",
        "Fwd Pkts/b Avg": "0",
        "Fwd Blk Rate Avg": "0",
        "Bwd Byts/b Avg": "0",
        "Bwd Pkts/b Avg": "0",
        "Bwd Blk Rate Avg": "0",
        "Subflow Fwd Pkts": "15",
        "Subflow Fwd Byts": "1132",
        "Subflow Bwd Pkts": "18",
        "Subflow Bwd Byts": "43318",
        "Init Fwd Win Byts": "-1",
        "Init Bwd Win Byts": "130",
        "Fwd Act Data Pkts": "3",
        "Fwd Seg Size Min": "0",
        "Active Mean": "0",
        "Active Std": "0",
        "Active Max": "0",
        "Active Min": "0",
        "Idle Mean": "0",
        "Idle Std": "0",
        "Idle Max": "0",
        "Idle Min": "0",
        "Label": "No Label"
    },
    {
        "Flow ID": "192.168.3.22-200.147.253.13-44270-443-6",
        "Src IP": "192.168.3.22",
        "Src Port": "44270",
        "Dst IP": "200.147.253.13",
        "Dst Port": "443",
        "Protocol": "6",
        "Timestamp": "24/01/2023 09:43:11 AM",
        "Flow Duration": "432",
        "Tot Fwd Pkts": "2",
        "Tot Bwd Pkts": "1",
        "TotLen Fwd Pkts": "31.0",
        "TotLen Bwd Pkts": "0.0",
        "Fwd Pkt Len Max": "31.0",
        "Fwd Pkt Len Min": "0.0",
        "Fwd Pkt Len Mean": "15.5",
        "Fwd Pkt Len Std": "21.920310216782973",
        "Bwd Pkt Len Max": "0.0",
        "Bwd Pkt Len Min": "0.0",
        "Bwd Pkt Len Mean": "0.0",
        "Bwd Pkt Len Std": "0.0",
        "Flow Byts/s": "71759.25925925926",
        "Flow Pkts/s": "6944.444444444444",
        "Flow IAT Mean": "216.0",
        "Flow IAT Std": "239.00209204105306",
        "Flow IAT Max": "385.0",
        "Flow IAT Min": "47.0",
        "Fwd IAT Tot": "47.0",
        "Fwd IAT Mean": "47.0",
        "Fwd IAT Std": "0.0",
        "Fwd IAT Max": "47.0",
        "Fwd IAT Min": "47.0",
        "Bwd IAT Tot": "0",
        "Bwd IAT Mean": "0",
        "Bwd IAT Std": "0",
        "Bwd IAT Max": "0",
        "Bwd IAT Min": "0",
        "Fwd PSH Flags": "0",
        "Bwd PSH Flags": "0",
        "Fwd URG Flags": "0",
        "Bwd URG Flags": "0",
        "Fwd Header Len": "64",
        "Bwd Header Len": "32",
        "Fwd Pkts/s": "4629.62962962963",
        "Bwd Pkts/s": "2314.814814814815",
        "Pkt Len Min": "0.0",
        "Pkt Len Max": "31.0",
        "Pkt Len Mean": "7.75",
        "Pkt Len Std": "15.500000000000002",
        "Pkt Len Var": "240.25000000000003",
        "FIN Flag Cnt": "0",
        "SYN Flag Cnt": "0",
        "RST Flag Cnt": "0",
        "PSH Flag Cnt": "0",
        "ACK Flag Cnt": "1",
        "URG Flag Cnt": "0",
        "CWE Flag Count": "0",
        "ECE Flag Cnt": "0",
        "Down/Up Ratio": "0.0",
        "Pkt Size Avg": "10.333333333333334",
        "Fwd Seg Size Avg": "15.5",
        "Bwd Seg Size Avg": "0.0",
        "Fwd Byts/b Avg": "0",
        "Fwd Pkts/b Avg": "0",
        "Fwd Blk Rate Avg": "0",
        "Bwd Byts/b Avg": "0",
        "Bwd Pkts/b Avg": "0",
        "Bwd Blk Rate Avg": "0",
        "Subflow Fwd Pkts": "2",
        "Subflow Fwd Byts": "31",
        "Subflow Bwd Pkts": "1",
        "Subflow Bwd Byts": "0",
        "Init Fwd Win Byts": "-1",
        "Init Bwd Win Byts": "620",
        "Fwd Act Data Pkts": "1",
        "Fwd Seg Size Min": "0",
        "Active Mean": "0",
        "Active Std": "0",
        "Active Max": "0",
        "Active Min": "0",
        "Idle Mean": "0",
        "Idle Std": "0",
        "Idle Max": "0",
        "Idle Min": "0",
        "Label": "No Label"
    },
    {
        "Flow ID": "192.168.3.22-200.147.253.13-44286-443-6",
        "Src IP": "192.168.3.22",
        "Src Port": "44286",
        "Dst IP": "200.147.253.13",
        "Dst Port": "443",
        "Protocol": "6",
        "Timestamp": "24/01/2023 09:43:11 AM",
        "Flow Duration": "771078",
        "Tot Fwd Pkts": "89",
        "Tot Bwd Pkts": "110",
        "TotLen Fwd Pkts": "1088.0",
        "TotLen Bwd Pkts": "215476.0",
        "Fwd Pkt Len Max": "517.0",
        "Fwd Pkt Len Min": "0.0",
        "Fwd Pkt Len Mean": "12.224719101123593",
        "Fwd Pkt Len Std": "72.91725584663956",
        "Bwd Pkt Len Max": "7000.0",
        "Bwd Pkt Len Min": "0.0",
        "Bwd Pkt Len Mean": "1958.8727272727278",
        "Bwd Pkt Len Std": "1260.539109285533",
        "Flow Byts/s": "280858.7458078171",
        "Flow Pkts/s": "258.0802460970226",
        "Flow IAT Mean": "3894.3333333333303",
        "Flow IAT Std": "11466.388950469622",
        "Flow IAT Max": "56957.0",
        "Flow IAT Min": "1.0",
        "Fwd IAT Tot": "726329.0",
        "Fwd IAT Mean": "8253.73863636363",
        "Fwd IAT Std": "16927.195377400738",
        "Fwd IAT Max": "88273.0",
        "Fwd IAT Min": "25.0",
        "Bwd IAT Tot": "771078.0",
        "Bwd IAT Mean": "7074.11009174312",
        "Bwd IAT Std": "15732.95087890819",
        "Bwd IAT Max": "63167.0",
        "Bwd IAT Min": "8.0",
        "Fwd PSH Flags": "0",
        "Bwd PSH Flags": "0",
        "Fwd URG Flags": "0",
        "Bwd URG Flags": "0",
        "Fwd Header Len": "2848",
        "Bwd Header Len": "3536",
        "Fwd Pkts/s": "115.42282363133171",
        "Bwd Pkts/s": "142.65742246569087",
        "Pkt Len Min": "0.0",
        "Pkt Len Max": "7000.0",
        "Pkt Len Mean": "1082.8199999999988",
        "Pkt Len Std": "1347.3740205884867",
        "Pkt Len Var": "1815416.7513567836",
        "FIN Flag Cnt": "0",
        "SYN Flag Cnt": "1",
        "RST Flag Cnt": "0",
        "PSH Flag Cnt": "0",
        "ACK Flag Cnt": "0",
        "URG Flag Cnt": "0",
        "CWE Flag Count": "0",
        "ECE Flag Cnt": "0",
        "Down/Up Ratio": "1.0",
        "Pkt Size Avg": "1088.2613065326634",
        "Fwd Seg Size Avg": "12.224719101123595",
        "Bwd Seg Size Avg": "1958.8727272727272",
        "Fwd Byts/b Avg": "0",
        "Fwd Pkts/b Avg": "0",
        "Fwd Blk Rate Avg": "0",
        "Bwd Byts/b Avg": "0",
        "Bwd Pkts/b Avg": "0",
        "Bwd Blk Rate Avg": "0",
        "Subflow Fwd Pkts": "89",
        "Subflow Fwd Byts": "1088",
        "Subflow Bwd Pkts": "110",
        "Subflow Bwd Byts": "215476",
        "Init Fwd Win Byts": "-1",
        "Init Bwd Win Byts": "130",
        "Fwd Act Data Pkts": "3",
        "Fwd Seg Size Min": "0",
        "Active Mean": "0",
        "Active Std": "0",
        "Active Max": "0",
        "Active Min": "0",
        "Idle Mean": "0",
        "Idle Std": "0",
        "Idle Max": "0",
        "Idle Min": "0",
        "Label": "No Label"
    },
    {
        "Flow ID": "192.168.3.22-200.147.253.13-44286-443-6",
        "Src IP": "192.168.3.22",
        "Src Port": "44286",
        "Dst IP": "200.147.253.13",
        "Dst Port": "443",
        "Protocol": "6",
        "Timestamp": "24/01/2023 09:43:12 AM",
        "Flow Duration": "244",
        "Tot Fwd Pkts": "2",
        "Tot Bwd Pkts": "1",
        "TotLen Fwd Pkts": "31.0",
        "TotLen Bwd Pkts": "0.0",
        "Fwd Pkt Len Max": "31.0",
        "Fwd Pkt Len Min": "0.0",
        "Fwd Pkt Len Mean": "15.5",
        "Fwd Pkt Len Std": "21.920310216782973",
        "Bwd Pkt Len Max": "0.0",
        "Bwd Pkt Len Min": "0.0",
        "Bwd Pkt Len Mean": "0.0",
        "Bwd Pkt Len Std": "0.0",
        "Flow Byts/s": "127049.18032786886",
        "Flow Pkts/s": "12295.081967213115",
        "Flow IAT Mean": "122.0",
        "Flow IAT Std": "127.27922061357856",
        "Flow IAT Max": "212.0",
        "Flow IAT Min": "32.0",
        "Fwd IAT Tot": "32.0",
        "Fwd IAT Mean": "32.0",
        "Fwd IAT Std": "0.0",
        "Fwd IAT Max": "32.0",
        "Fwd IAT Min": "32.0",
        "Bwd IAT Tot": "0",
        "Bwd IAT Mean": "0",
        "Bwd IAT Std": "0",
        "Bwd IAT Max": "0",
        "Bwd IAT Min": "0",
        "Fwd PSH Flags": "0",
        "Bwd PSH Flags": "0",
        "Fwd URG Flags": "0",
        "Bwd URG Flags": "0",
        "Fwd Header Len": "64",
        "Bwd Header Len": "32",
        "Fwd Pkts/s": "8196.72131147541",
        "Bwd Pkts/s": "4098.360655737705",
        "Pkt Len Min": "0.0",
        "Pkt Len Max": "31.0",
        "Pkt Len Mean": "7.75",
        "Pkt Len Std": "15.500000000000002",
        "Pkt Len Var": "240.25000000000003",
        "FIN Flag Cnt": "0",
        "SYN Flag Cnt": "0",
        "RST Flag Cnt": "0",
        "PSH Flag Cnt": "0",
        "ACK Flag Cnt": "1",
        "URG Flag Cnt": "0",
        "CWE Flag Count": "0",
        "ECE Flag Cnt": "0",
        "Down/Up Ratio": "0.0",
        "Pkt Size Avg": "10.333333333333334",
        "Fwd Seg Size Avg": "15.5",
        "Bwd Seg Size Avg": "0.0",
        "Fwd Byts/b Avg": "0",
        "Fwd Pkts/b Avg": "0",
        "Fwd Blk Rate Avg": "0",
        "Bwd Byts/b Avg": "0",
        "Bwd Pkts/b Avg": "0",
        "Bwd Blk Rate Avg": "0",
        "Subflow Fwd Pkts": "2",
        "Subflow Fwd Byts": "31",
        "Subflow Bwd Pkts": "1",
        "Subflow Bwd Byts": "0",
        "Init Fwd Win Byts": "-1",
        "Init Bwd Win Byts": "1784",
        "Fwd Act Data Pkts": "1",
        "Fwd Seg Size Min": "0",
        "Active Mean": "0",
        "Active Std": "0",
        "Active Max": "0",
        "Active Min": "0",
        "Idle Mean": "0",
        "Idle Std": "0",
        "Idle Max": "0",
        "Idle Min": "0",
        "Label": "No Label"
    },
    {
        "Flow ID": "192.168.3.22-200.147.253.13-44298-443-6",
        "Src IP": "192.168.3.22",
        "Src Port": "44298",
        "Dst IP": "200.147.253.13",
        "Dst Port": "443",
        "Protocol": "6",
        "Timestamp": "24/01/2023 09:43:12 AM",
        "Flow Duration": "781268",
        "Tot Fwd Pkts": "82",
        "Tot Bwd Pkts": "101",
        "TotLen Fwd Pkts": "1088.0",
        "TotLen Bwd Pkts": "208332.0",
        "Fwd Pkt Len Max": "517.0",
        "Fwd Pkt Len Min": "0.0",
        "Fwd Pkt Len Mean": "13.268292682926825",
        "Fwd Pkt Len Std": "75.91044899211758",
        "Bwd Pkt Len Max": "8400.0",
        "Bwd Pkt Len Min": "0.0",
        "Bwd Pkt Len Mean": "2062.693069306932",
        "Bwd Pkt Len Std": "1360.731573401413",
        "Flow Byts/s": "268051.42409518885",
        "Flow Pkts/s": "234.23460323474148",
        "Flow IAT Mean": "4292.681318681319",
        "Flow IAT Std": "12425.535269219208",
        "Flow IAT Max": "54938.0",
        "Flow IAT Min": "6.0",
        "Fwd IAT Tot": "734674.0",
        "Fwd IAT Mean": "9070.049382716044",
        "Fwd IAT Std": "18251.774767061175",
        "Fwd IAT Max": "88282.0",
        "Fwd IAT Min": "41.0",
        "Bwd IAT Tot": "781268.0",
        "Bwd IAT Mean": "7812.680000000005",
        "Bwd IAT Std": "17181.389827415478",
        "Bwd IAT Max": "68850.0",
        "Bwd IAT Min": "18.0",
        "Fwd PSH Flags": "0",
        "Bwd PSH Flags": "0",
        "Fwd URG Flags": "0",
        "Bwd URG Flags": "0",
        "Fwd Header Len": "2624",
        "Bwd Header Len": "3248",
        "Fwd Pkts/s": "104.95758177731585",
        "Bwd Pkts/s": "129.27702145742563",
        "Pkt Len Min": "0.0",
        "Pkt Len Max": "8400.0",
        "Pkt Len Mean": "1138.1521739130437",
        "Pkt Len Std": "1435.3335434971705",
        "Pkt Len Var": "2060182.381088144",
        "FIN Flag Cnt": "0",
        "SYN Flag Cnt": "1",
        "RST Flag Cnt": "0",
        "PSH Flag Cnt": "0",
        "ACK Flag Cnt": "0",
        "URG Flag Cnt": "0",
        "CWE Flag Count": "0",
        "ECE Flag Cnt": "0",
        "Down/Up Ratio": "1.0",
        "Pkt Size Avg": "1144.3715846994535",
        "Fwd Seg Size Avg": "13.268292682926829",
        "Bwd Seg Size Avg": "2062.6930693069307",
        "Fwd Byts/b Avg": "0",
        "Fwd Pkts/b Avg": "0",
        "Fwd Blk Rate Avg": "0",
        "Bwd Byts/b Avg": "0",
        "Bwd Pkts/b Avg": "0",
        "Bwd Blk Rate Avg": "0",
        "Subflow Fwd Pkts": "82",
        "Subflow Fwd Byts": "1088",
        "Subflow Bwd Pkts": "101",
        "Subflow Bwd Byts": "208332",
        "Init Fwd Win Byts": "-1",
        "Init Bwd Win Byts": "130",
        "Fwd Act Data Pkts": "3",
        "Fwd Seg Size Min": "0",
        "Active Mean": "0",
        "Active Std": "0",
        "Active Max": "0",
        "Active Min": "0",
        "Idle Mean": "0",
        "Idle Std": "0",
        "Idle Max": "0",
        "Idle Min": "0",
        "Label": "No Label"
    },
    {
        "Flow ID": "192.168.3.22-200.147.253.13-44298-443-6",
        "Src IP": "192.168.3.22",
        "Src Port": "44298",
        "Dst IP": "200.147.253.13",
        "Dst Port": "443",
        "Protocol": "6",
        "Timestamp": "24/01/2023 09:43:13 AM",
        "Flow Duration": "193",
        "Tot Fwd Pkts": "2",
        "Tot Bwd Pkts": "1",
        "TotLen Fwd Pkts": "31.0",
        "TotLen Bwd Pkts": "0.0",
        "Fwd Pkt Len Max": "31.0",
        "Fwd Pkt Len Min": "0.0",
        "Fwd Pkt Len Mean": "15.5",
        "Fwd Pkt Len Std": "21.920310216782973",
        "Bwd Pkt Len Max": "0.0",
        "Bwd Pkt Len Min": "0.0",
        "Bwd Pkt Len Mean": "0.0",
        "Bwd Pkt Len Std": "0.0",
        "Flow Byts/s": "160621.7616580311",
        "Flow Pkts/s": "15544.041450777202",
        "Flow IAT Mean": "96.5",
        "Flow IAT Std": "106.77312395916867",
        "Flow IAT Max": "172.0",
        "Flow IAT Min": "21.0",
        "Fwd IAT Tot": "21.0",
        "Fwd IAT Mean": "21.0",
        "Fwd IAT Std": "0.0",
        "Fwd IAT Max": "21.0",
        "Fwd IAT Min": "21.0",
        "Bwd IAT Tot": "0",
        "Bwd IAT Mean": "0",
        "Bwd IAT Std": "0",
        "Bwd IAT Max": "0",
        "Bwd IAT Min": "0",
        "Fwd PSH Flags": "0",
        "Bwd PSH Flags": "0",
        "Fwd URG Flags": "0",
        "Bwd URG Flags": "0",
        "Fwd Header Len": "64",
        "Bwd Header Len": "32",
        "Fwd Pkts/s": "10362.694300518135",
        "Bwd Pkts/s": "5181.347150259067",
        "Pkt Len Min": "0.0",
        "Pkt Len Max": "31.0",
        "Pkt Len Mean": "7.75",
        "Pkt Len Std": "15.500000000000002",
        "Pkt Len Var": "240.25000000000003",
        "FIN Flag Cnt": "0",
        "SYN Flag Cnt": "0",
        "RST Flag Cnt": "0",
        "PSH Flag Cnt": "0",
        "ACK Flag Cnt": "1",
        "URG Flag Cnt": "0",
        "CWE Flag Count": "0",
        "ECE Flag Cnt": "0",
        "Down/Up Ratio": "0.0",
        "Pkt Size Avg": "10.333333333333334",
        "Fwd Seg Size Avg": "15.5",
        "Bwd Seg Size Avg": "0.0",
        "Fwd Byts/b Avg": "0",
        "Fwd Pkts/b Avg": "0",
        "Fwd Blk Rate Avg": "0",
        "Bwd Byts/b Avg": "0",
        "Bwd Pkts/b Avg": "0",
        "Bwd Blk Rate Avg": "0",
        "Subflow Fwd Pkts": "2",
        "Subflow Fwd Byts": "31",
        "Subflow Bwd Pkts": "1",
        "Subflow Bwd Byts": "0",
        "Init Fwd Win Byts": "-1",
        "Init Bwd Win Byts": "1768",
        "Fwd Act Data Pkts": "1",
        "Fwd Seg Size Min": "0",
        "Active Mean": "0",
        "Active Std": "0",
        "Active Max": "0",
        "Active Min": "0",
        "Idle Mean": "0",
        "Idle Std": "0",
        "Idle Max": "0",
        "Idle Min": "0",
        "Label": "No Label"
    },
    {
        "Flow ID": "192.168.3.22-31.13.85.51-59566-443-6",
        "Src IP": "31.13.85.51",
        "Src Port": "443",
        "Dst IP": "192.168.3.22",
        "Dst Port": "59566",
        "Protocol": "6",
        "Timestamp": "24/01/2023 09:43:14 AM",
        "Flow Duration": "1087417",
        "Tot Fwd Pkts": "11",
        "Tot Bwd Pkts": "13",
        "TotLen Fwd Pkts": "537.0",
        "TotLen Bwd Pkts": "1097.0",
        "Fwd Pkt Len Max": "98.0",
        "Fwd Pkt Len Min": "0.0",
        "Fwd Pkt Len Mean": "48.81818181818182",
        "Fwd Pkt Len Std": "47.16527998818237",
        "Bwd Pkt Len Max": "375.0",
        "Bwd Pkt Len Min": "0.0",
        "Bwd Pkt Len Mean": "84.38461538461539",
        "Bwd Pkt Len Std": "120.08575995341722",
        "Flow Byts/s": "1502.643420141491",
        "Flow Pkts/s": "22.070649989838305",
        "Flow IAT Mean": "47279.000000000015",
        "Flow IAT Std": "137539.6431625178",
        "Flow IAT Max": "652645.0",
        "Flow IAT Min": "14.0",
        "Fwd IAT Tot": "1024138.0",
        "Fwd IAT Mean": "102413.79999999999",
        "Fwd IAT Std": "218381.72742435307",
        "Fwd IAT Max": "704227.0",
        "Fwd IAT Min": "179.0",
        "Bwd IAT Tot": "1087417.0",
        "Bwd IAT Mean": "90618.08333333333",
        "Bwd IAT Std": "189037.20029303434",
        "Bwd IAT Max": "652645.0",
        "Bwd IAT Min": "29.0",
        "Fwd PSH Flags": "0",
        "Bwd PSH Flags": "1",
        "Fwd URG Flags": "0",
        "Bwd URG Flags": "0",
        "Fwd Header Len": "352",
        "Bwd Header Len": "416",
        "Fwd Pkts/s": "10.115714578675888",
        "Bwd Pkts/s": "11.954935411162415",
        "Pkt Len Min": "0.0",
        "Pkt Len Max": "375.0",
        "Pkt Len Mean": "80.36",
        "Pkt Len Std": "110.5402943123758",
        "Pkt Len Var": "12219.156666666662",
        "FIN Flag Cnt": "0",
        "SYN Flag Cnt": "0",
        "RST Flag Cnt": "0",
        "PSH Flag Cnt": "1",
        "ACK Flag Cnt": "1",
        "URG Flag Cnt": "0",
        "CWE Flag Count": "0",
        "ECE Flag Cnt": "0",
        "Down/Up Ratio": "1.0",
        "Pkt Size Avg": "83.70833333333333",
        "Fwd Seg Size Avg": "48.81818181818182",
        "Bwd Seg Size Avg": "84.38461538461539",
        "Fwd Byts/b Avg": "0",
        "Fwd Pkts/b Avg": "0",
        "Fwd Blk Rate Avg": "0",
        "Bwd Byts/b Avg": "0",
        "Bwd Pkts/b Avg": "0",
        "Bwd Blk Rate Avg": "0",
        "Subflow Fwd Pkts": "11",
        "Subflow Fwd Byts": "537",
        "Subflow Bwd Pkts": "13",
        "Subflow Bwd Byts": "1097",
        "Init Fwd Win Byts": "-1",
        "Init Bwd Win Byts": "5880",
        "Fwd Act Data Pkts": "6",
        "Fwd Seg Size Min": "0",
        "Active Mean": "0",
        "Active Std": "0",
        "Active Max": "0",
        "Active Min": "0",
        "Idle Mean": "0",
        "Idle Std": "0",
        "Idle Max": "0",
        "Idle Min": "0",
        "Label": "No Label"
    },
    {
        "Flow ID": "142.251.128.46-192.168.3.22-443-47728-17",
        "Src IP": "192.168.3.22",
        "Src Port": "47728",
        "Dst IP": "142.251.128.46",
        "Dst Port": "443",
        "Protocol": "17",
        "Timestamp": "24/01/2023 09:43:12 AM",
        "Flow Duration": "1151396",
        "Tot Fwd Pkts": "4",
        "Tot Bwd Pkts": "6",
        "TotLen Fwd Pkts": "669.0",
        "TotLen Bwd Pkts": "280.0",
        "Fwd Pkt Len Max": "565.0",
        "Fwd Pkt Len Min": "33.0",
        "Fwd Pkt Len Mean": "167.25",
        "Fwd Pkt Len Std": "265.17714205162304",
        "Bwd Pkt Len Max": "104.0",
        "Bwd Pkt Len Min": "26.0",
        "Bwd Pkt Len Mean": "46.666666666666664",
        "Bwd Pkt Len Std": "30.826395615878717",
        "Flow Byts/s": "824.2168637028442",
        "Flow Pkts/s": "8.685109206563162",
        "Flow IAT Mean": "127932.88888888889",
        "Flow IAT Std": "305575.18997721514",
        "Flow IAT Max": "941113.0",
        "Flow IAT Min": "91.0",
        "Fwd IAT Tot": "116111.0",
        "Fwd IAT Mean": "38703.666666666664",
        "Fwd IAT Std": "22037.674204265146",
        "Fwd IAT Max": "59982.0",
        "Fwd IAT Min": "15978.0",
        "Bwd IAT Tot": "1151396.0",
        "Bwd IAT Mean": "230279.2",
        "Bwd IAT Std": "422957.78418856417",
        "Bwd IAT Max": "985697.0",
        "Bwd IAT Min": "318.0",
        "Fwd PSH Flags": "0",
        "Bwd PSH Flags": "0",
        "Fwd URG Flags": "0",
        "Bwd URG Flags": "0",
        "Fwd Header Len": "32",
        "Bwd Header Len": "48",
        "Fwd Pkts/s": "3.474043682625265",
        "Bwd Pkts/s": "5.211065523937898",
        "Pkt Len Min": "26.0",
        "Pkt Len Max": "565.0",
        "Pkt Len Mean": "89.27272727272727",
        "Pkt Len Std": "159.4014372012316",
        "Pkt Len Var": "25408.818181818184",
        "FIN Flag Cnt": "0",
        "SYN Flag Cnt": "0",
        "RST Flag Cnt": "0",
        "PSH Flag Cnt": "0",
        "ACK Flag Cnt": "0",
        "URG Flag Cnt": "0",
        "CWE Flag Count": "0",
        "ECE Flag Cnt": "0",
        "Down/Up Ratio": "1.0",
        "Pkt Size Avg": "98.2",
        "Fwd Seg Size Avg": "167.25",
        "Bwd Seg Size Avg": "46.666666666666664",
        "Fwd Byts/b Avg": "0",
        "Fwd Pkts/b Avg": "0",
        "Fwd Blk Rate Avg": "0",
        "Bwd Byts/b Avg": "0",
        "Bwd Pkts/b Avg": "0",
        "Bwd Blk Rate Avg": "0",
        "Subflow Fwd Pkts": "4",
        "Subflow Fwd Byts": "669",
        "Subflow Bwd Pkts": "6",
        "Subflow Bwd Byts": "280",
        "Init Fwd Win Byts": "-1",
        "Init Bwd Win Byts": "-1",
        "Fwd Act Data Pkts": "4",
        "Fwd Seg Size Min": "0",
        "Active Mean": "0",
        "Active Std": "0",
        "Active Max": "0",
        "Active Min": "0",
        "Idle Mean": "0",
        "Idle Std": "0",
        "Idle Max": "0",
        "Idle Min": "0",
        "Label": "No Label"
    },
    {
        "Flow ID": "192.168.3.22-200.147.253.13-44270-443-6",
        "Src IP": "200.147.253.13",
        "Src Port": "443",
        "Dst IP": "192.168.3.22",
        "Dst Port": "44270",
        "Protocol": "6",
        "Timestamp": "24/01/2023 09:43:11 AM",
        "Flow Duration": "800",
        "Tot Fwd Pkts": "1",
        "Tot Bwd Pkts": "1",
        "TotLen Fwd Pkts": "0.0",
        "TotLen Bwd Pkts": "0.0",
        "Fwd Pkt Len Max": "0.0",
        "Fwd Pkt Len Min": "0.0",
        "Fwd Pkt Len Mean": "0.0",
        "Fwd Pkt Len Std": "0.0",
        "Bwd Pkt Len Max": "0.0",
        "Bwd Pkt Len Min": "0.0",
        "Bwd Pkt Len Mean": "0.0",
        "Bwd Pkt Len Std": "0.0",
        "Flow Byts/s": "0.0",
        "Flow Pkts/s": "2500.0",
        "Flow IAT Mean": "800.0",
        "Flow IAT Std": "0.0",
        "Flow IAT Max": "800.0",
        "Flow IAT Min": "800.0",
        "Fwd IAT Tot": "0",
        "Fwd IAT Mean": "0",
        "Fwd IAT Std": "0",
        "Fwd IAT Max": "0",
        "Fwd IAT Min": "0",
        "Bwd IAT Tot": "0",
        "Bwd IAT Mean": "0",
        "Bwd IAT Std": "0",
        "Bwd IAT Max": "0",
        "Bwd IAT Min": "0",
        "Fwd PSH Flags": "0",
        "Bwd PSH Flags": "0",
        "Fwd URG Flags": "0",
        "Bwd URG Flags": "0",
        "Fwd Header Len": "20",
        "Bwd Header Len": "20",
        "Fwd Pkts/s": "1250.0",
        "Bwd Pkts/s": "1250.0",
        "Pkt Len Min": "0.0",
        "Pkt Len Max": "0.0",
        "Pkt Len Mean": "0.0",
        "Pkt Len Std": "0.0",
        "Pkt Len Var": "0.0",
        "FIN Flag Cnt": "0",
        "SYN Flag Cnt": "0",
        "RST Flag Cnt": "1",
        "PSH Flag Cnt": "0",
        "ACK Flag Cnt": "0",
        "URG Flag Cnt": "0",
        "CWE Flag Count": "0",
        "ECE Flag Cnt": "0",
        "Down/Up Ratio": "1.0",
        "Pkt Size Avg": "0.0",
        "Fwd Seg Size Avg": "0.0",
        "Bwd Seg Size Avg": "0.0",
        "Fwd Byts/b Avg": "0",
        "Fwd Pkts/b Avg": "0",
        "Fwd Blk Rate Avg": "0",
        "Bwd Byts/b Avg": "0",
        "Bwd Pkts/b Avg": "0",
        "Bwd Blk Rate Avg": "0",
        "Subflow Fwd Pkts": "1",
        "Subflow Fwd Byts": "0",
        "Subflow Bwd Pkts": "1",
        "Subflow Bwd Byts": "0",
        "Init Fwd Win Byts": "-1",
        "Init Bwd Win Byts": "0",
        "Fwd Act Data Pkts": "0",
        "Fwd Seg Size Min": "0",
        "Active Mean": "0",
        "Active Std": "0",
        "Active Max": "0",
        "Active Min": "0",
        "Idle Mean": "0",
        "Idle Std": "0",
        "Idle Max": "0",
        "Idle Min": "0",
        "Label": "No Label"
    },
    {
        "Flow ID": "192.168.3.1-192.168.3.22-53-47758-17",
        "Src IP": "192.168.3.22",
        "Src Port": "47758",
        "Dst IP": "192.168.3.1",
        "Dst Port": "53",
        "Protocol": "17",
        "Timestamp": "24/01/2023 09:43:15 AM",
        "Flow Duration": "5845",
        "Tot Fwd Pkts": "0",
        "Tot Bwd Pkts": "2",
        "TotLen Fwd Pkts": "0.0",
        "TotLen Bwd Pkts": "121.0",
        "Fwd Pkt Len Max": "0",
        "Fwd Pkt Len Min": "0",
        "Fwd Pkt Len Mean": "0",
        "Fwd Pkt Len Std": "0",
        "Bwd Pkt Len Max": "87.0",
        "Bwd Pkt Len Min": "34.0",
        "Bwd Pkt Len Mean": "60.5",
        "Bwd Pkt Len Std": "37.476659402887016",
        "Flow Byts/s": "20701.454234388366",
        "Flow Pkts/s": "342.1727972626176",
        "Flow IAT Mean": "5845.0",
        "Flow IAT Std": "0.0",
        "Flow IAT Max": "5845.0",
        "Flow IAT Min": "5845.0",
        "Fwd IAT Tot": "0",
        "Fwd IAT Mean": "0",
        "Fwd IAT Std": "0",
        "Fwd IAT Max": "0",
        "Fwd IAT Min": "0",
        "Bwd IAT Tot": "5845.0",
        "Bwd IAT Mean": "5845.0",
        "Bwd IAT Std": "0.0",
        "Bwd IAT Max": "5845.0",
        "Bwd IAT Min": "5845.0",
        "Fwd PSH Flags": "0",
        "Bwd PSH Flags": "0",
        "Fwd URG Flags": "0",
        "Bwd URG Flags": "0",
        "Fwd Header Len": "0",
        "Bwd Header Len": "16",
        "Fwd Pkts/s": "0.0",
        "Bwd Pkts/s": "342.1727972626176",
        "Pkt Len Min": "34.0",
        "Pkt Len Max": "87.0",
        "Pkt Len Mean": "51.66666666666667",
        "Pkt Len Std": "30.599564267050166",
        "Pkt Len Var": "936.3333333333334",
        "FIN Flag Cnt": "0",
        "SYN Flag Cnt": "0",
        "RST Flag Cnt": "0",
        "PSH Flag Cnt": "0",
        "ACK Flag Cnt": "0",
        "URG Flag Cnt": "0",
        "CWE Flag Count": "0",
        "ECE Flag Cnt": "0",
        "Down/Up Ratio": "0.0",
        "Pkt Size Avg": "77.5",
        "Fwd Seg Size Avg": "0.0",
        "Bwd Seg Size Avg": "60.5",
        "Fwd Byts/b Avg": "0",
        "Fwd Pkts/b Avg": "0",
        "Fwd Blk Rate Avg": "0",
        "Bwd Byts/b Avg": "0",
        "Bwd Pkts/b Avg": "0",
        "Bwd Blk Rate Avg": "0",
        "Subflow Fwd Pkts": "0",
        "Subflow Fwd Byts": "0",
        "Subflow Bwd Pkts": "2",
        "Subflow Bwd Byts": "121",
        "Init Fwd Win Byts": "-1",
        "Init Bwd Win Byts": "-1",
        "Fwd Act Data Pkts": "0",
        "Fwd Seg Size Min": "0",
        "Active Mean": "0",
        "Active Std": "0",
        "Active Max": "0",
        "Active Min": "0",
        "Idle Mean": "0",
        "Idle Std": "0",
        "Idle Max": "0",
        "Idle Min": "0",
        "Label": "No Label"
    },
    {
        "Flow ID": "142.250.219.234-192.168.3.22-443-60782-17",
        "Src IP": "192.168.3.22",
        "Src Port": "60782",
        "Dst IP": "142.250.219.234",
        "Dst Port": "443",
        "Protocol": "17",
        "Timestamp": "24/01/2023 09:43:13 AM",
        "Flow Duration": "69194",
        "Tot Fwd Pkts": "0",
        "Tot Bwd Pkts": "2",
        "TotLen Fwd Pkts": "0.0",
        "TotLen Bwd Pkts": "58.0",
        "Fwd Pkt Len Max": "0",
        "Fwd Pkt Len Min": "0",
        "Fwd Pkt Len Mean": "0",
        "Fwd Pkt Len Std": "0",
        "Bwd Pkt Len Max": "33.0",
        "Bwd Pkt Len Min": "25.0",
        "Bwd Pkt Len Mean": "29.0",
        "Bwd Pkt Len Std": "5.656854249492381",
        "Flow Byts/s": "838.2229673093042",
        "Flow Pkts/s": "28.90424025204497",
        "Flow IAT Mean": "69194.0",
        "Flow IAT Std": "0.0",
        "Flow IAT Max": "69194.0",
        "Flow IAT Min": "69194.0",
        "Fwd IAT Tot": "0",
        "Fwd IAT Mean": "0",
        "Fwd IAT Std": "0",
        "Fwd IAT Max": "0",
        "Fwd IAT Min": "0",
        "Bwd IAT Tot": "69194.0",
        "Bwd IAT Mean": "69194.0",
        "Bwd IAT Std": "0.0",
        "Bwd IAT Max": "69194.0",
        "Bwd IAT Min": "69194.0",
        "Fwd PSH Flags": "0",
        "Bwd PSH Flags": "0",
        "Fwd URG Flags": "0",
        "Bwd URG Flags": "0",
        "Fwd Header Len": "0",
        "Bwd Header Len": "16",
        "Fwd Pkts/s": "0.0",
        "Bwd Pkts/s": "28.90424025204497",
        "Pkt Len Min": "25.0",
        "Pkt Len Max": "33.0",
        "Pkt Len Mean": "30.333333333333332",
        "Pkt Len Std": "4.618802153517006",
        "Pkt Len Var": "21.333333333333332",
        "FIN Flag Cnt": "0",
        "SYN Flag Cnt": "0",
        "RST Flag Cnt": "0",
        "PSH Flag Cnt": "0",
        "ACK Flag Cnt": "0",
        "URG Flag Cnt": "0",
        "CWE Flag Count": "0",
        "ECE Flag Cnt": "0",
        "Down/Up Ratio": "0.0",
        "Pkt Size Avg": "45.5",
        "Fwd Seg Size Avg": "0.0",
        "Bwd Seg Size Avg": "29.0",
        "Fwd Byts/b Avg": "0",
        "Fwd Pkts/b Avg": "0",
        "Fwd Blk Rate Avg": "0",
        "Bwd Byts/b Avg": "0",
        "Bwd Pkts/b Avg": "0",
        "Bwd Blk Rate Avg": "0",
        "Subflow Fwd Pkts": "0",
        "Subflow Fwd Byts": "0",
        "Subflow Bwd Pkts": "2",
        "Subflow Bwd Byts": "58",
        "Init Fwd Win Byts": "-1",
        "Init Bwd Win Byts": "-1",
        "Fwd Act Data Pkts": "0",
        "Fwd Seg Size Min": "0",
        "Active Mean": "0",
        "Active Std": "0",
        "Active Max": "0",
        "Active Min": "0",
        "Idle Mean": "0",
        "Idle Std": "0",
        "Idle Max": "0",
        "Idle Min": "0",
        "Label": "No Label"
    },
    {
        "Flow ID": "192.168.3.22-200.147.253.13-44298-443-6",
        "Src IP": "200.147.253.13",
        "Src Port": "443",
        "Dst IP": "192.168.3.22",
        "Dst Port": "44298",
        "Protocol": "6",
        "Timestamp": "24/01/2023 09:43:13 AM",
        "Flow Duration": "186",
        "Tot Fwd Pkts": "1",
        "Tot Bwd Pkts": "1",
        "TotLen Fwd Pkts": "0.0",
        "TotLen Bwd Pkts": "0.0",
        "Fwd Pkt Len Max": "0.0",
        "Fwd Pkt Len Min": "0.0",
        "Fwd Pkt Len Mean": "0.0",
        "Fwd Pkt Len Std": "0.0",
        "Bwd Pkt Len Max": "0.0",
        "Bwd Pkt Len Min": "0.0",
        "Bwd Pkt Len Mean": "0.0",
        "Bwd Pkt Len Std": "0.0",
        "Flow Byts/s": "0.0",
        "Flow Pkts/s": "10752.688172043012",
        "Flow IAT Mean": "186.0",
        "Flow IAT Std": "0.0",
        "Flow IAT Max": "186.0",
        "Flow IAT Min": "186.0",
        "Fwd IAT Tot": "0",
        "Fwd IAT Mean": "0",
        "Fwd IAT Std": "0",
        "Fwd IAT Max": "0",
        "Fwd IAT Min": "0",
        "Bwd IAT Tot": "0",
        "Bwd IAT Mean": "0",
        "Bwd IAT Std": "0",
        "Bwd IAT Max": "0",
        "Bwd IAT Min": "0",
        "Fwd PSH Flags": "0",
        "Bwd PSH Flags": "0",
        "Fwd URG Flags": "0",
        "Bwd URG Flags": "0",
        "Fwd Header Len": "20",
        "Bwd Header Len": "20",
        "Fwd Pkts/s": "5376.344086021506",
        "Bwd Pkts/s": "5376.344086021506",
        "Pkt Len Min": "0.0",
        "Pkt Len Max": "0.0",
        "Pkt Len Mean": "0.0",
        "Pkt Len Std": "0.0",
        "Pkt Len Var": "0.0",
        "FIN Flag Cnt": "0",
        "SYN Flag Cnt": "0",
        "RST Flag Cnt": "1",
        "PSH Flag Cnt": "0",
        "ACK Flag Cnt": "0",
        "URG Flag Cnt": "0",
        "CWE Flag Count": "0",
        "ECE Flag Cnt": "0",
        "Down/Up Ratio": "1.0",
        "Pkt Size Avg": "0.0",
        "Fwd Seg Size Avg": "0.0",
        "Bwd Seg Size Avg": "0.0",
        "Fwd Byts/b Avg": "0",
        "Fwd Pkts/b Avg": "0",
        "Fwd Blk Rate Avg": "0",
        "Bwd Byts/b Avg": "0",
        "Bwd Pkts/b Avg": "0",
        "Bwd Blk Rate Avg": "0",
        "Subflow Fwd Pkts": "1",
        "Subflow Fwd Byts": "0",
        "Subflow Bwd Pkts": "1",
        "Subflow Bwd Byts": "0",
        "Init Fwd Win Byts": "-1",
        "Init Bwd Win Byts": "0",
        "Fwd Act Data Pkts": "0",
        "Fwd Seg Size Min": "0",
        "Active Mean": "0",
        "Active Std": "0",
        "Active Max": "0",
        "Active Min": "0",
        "Idle Mean": "0",
        "Idle Std": "0",
        "Idle Max": "0",
        "Idle Min": "0",
        "Label": "No Label"
    },
    {
        "Flow ID": "142.251.132.227-192.168.3.22-443-58328-17",
        "Src IP": "192.168.3.22",
        "Src Port": "58328",
        "Dst IP": "142.251.132.227",
        "Dst Port": "443",
        "Protocol": "17",
        "Timestamp": "24/01/2023 09:43:13 AM",
        "Flow Duration": "195078",
        "Tot Fwd Pkts": "7",
        "Tot Bwd Pkts": "11",
        "TotLen Fwd Pkts": "1003.0",
        "TotLen Bwd Pkts": "5561.0",
        "Fwd Pkt Len Max": "711.0",
        "Fwd Pkt Len Min": "33.0",
        "Fwd Pkt Len Mean": "143.28571428571428",
        "Fwd Pkt Len Std": "251.25665117943595",
        "Bwd Pkt Len Max": "1250.0",
        "Bwd Pkt Len Min": "25.0",
        "Bwd Pkt Len Mean": "505.54545454545456",
        "Bwd Pkt Len Std": "541.430210393983",
        "Flow Byts/s": "33648.079229846524",
        "Flow Pkts/s": "92.27078399409467",
        "Flow IAT Mean": "11475.176470588236",
        "Flow IAT Std": "20209.634275003886",
        "Flow IAT Max": "70640.0",
        "Flow IAT Min": "3.0",
        "Fwd IAT Tot": "180464.0",
        "Fwd IAT Mean": "30077.333333333332",
        "Fwd IAT Std": "39359.51239365989",
        "Fwd IAT Max": "97876.0",
        "Fwd IAT Min": "184.0",
        "Bwd IAT Tot": "195078.0",
        "Bwd IAT Mean": "19507.800000000003",
        "Bwd IAT Std": "25944.58843509888",
        "Bwd IAT Max": "71090.0",
        "Bwd IAT Min": "3.0",
        "Fwd PSH Flags": "0",
        "Bwd PSH Flags": "0",
        "Fwd URG Flags": "0",
        "Bwd URG Flags": "0",
        "Fwd Header Len": "56",
        "Bwd Header Len": "88",
        "Fwd Pkts/s": "35.88308266437015",
        "Bwd Pkts/s": "56.38770132972452",
        "Pkt Len Min": "25.0",
        "Pkt Len Max": "1250.0",
        "Pkt Len Mean": "411.2631578947369",
        "Pkt Len Std": "506.30412929881305",
        "Pkt Len Var": "256343.8713450292",
        "FIN Flag Cnt": "0",
        "SYN Flag Cnt": "0",
        "RST Flag Cnt": "0",
        "PSH Flag Cnt": "0",
        "ACK Flag Cnt": "0",
        "URG Flag Cnt": "0",
        "CWE Flag Count": "0",
        "ECE Flag Cnt": "0",
        "Down/Up Ratio": "1.0",
        "Pkt Size Avg": "434.1111111111111",
        "Fwd Seg Size Avg": "143.28571428571428",
        "Bwd Seg Size Avg": "505.54545454545456",
        "Fwd Byts/b Avg": "0",
        "Fwd Pkts/b Avg": "0",
        "Fwd Blk Rate Avg": "0",
        "Bwd Byts/b Avg": "0",
        "Bwd Pkts/b Avg": "0",
        "Bwd Blk Rate Avg": "0",
        "Subflow Fwd Pkts": "7",
        "Subflow Fwd Byts": "1003",
        "Subflow Bwd Pkts": "11",
        "Subflow Bwd Byts": "5561",
        "Init Fwd Win Byts": "-1",
        "Init Bwd Win Byts": "-1",
        "Fwd Act Data Pkts": "7",
        "Fwd Seg Size Min": "0",
        "Active Mean": "0",
        "Active Std": "0",
        "Active Max": "0",
        "Active Min": "0",
        "Idle Mean": "0",
        "Idle Std": "0",
        "Idle Max": "0",
        "Idle Min": "0",
        "Label": "No Label"
    },
    {
        "Flow ID": "142.251.129.234-192.168.3.22-443-48244-6",
        "Src IP": "192.168.3.22",
        "Src Port": "48244",
        "Dst IP": "142.251.129.234",
        "Dst Port": "443",
        "Protocol": "6",
        "Timestamp": "24/01/2023 09:43:12 AM",
        "Flow Duration": "43959",
        "Tot Fwd Pkts": "0",
        "Tot Bwd Pkts": "2",
        "TotLen Fwd Pkts": "0.0",
        "TotLen Bwd Pkts": "0.0",
        "Fwd Pkt Len Max": "0",
        "Fwd Pkt Len Min": "0",
        "Fwd Pkt Len Mean": "0",
        "Fwd Pkt Len Std": "0",
        "Bwd Pkt Len Max": "0.0",
        "Bwd Pkt Len Min": "0.0",
        "Bwd Pkt Len Mean": "0.0",
        "Bwd Pkt Len Std": "0.0",
        "Flow Byts/s": "0.0",
        "Flow Pkts/s": "45.49694033076276",
        "Flow IAT Mean": "43959.0",
        "Flow IAT Std": "0.0",
        "Flow IAT Max": "43959.0",
        "Flow IAT Min": "43959.0",
        "Fwd IAT Tot": "0",
        "Fwd IAT Mean": "0",
        "Fwd IAT Std": "0",
        "Fwd IAT Max": "0",
        "Fwd IAT Min": "0",
        "Bwd IAT Tot": "43959.0",
        "Bwd IAT Mean": "43959.0",
        "Bwd IAT Std": "0.0",
        "Bwd IAT Max": "43959.0",
        "Bwd IAT Min": "43959.0",
        "Fwd PSH Flags": "0",
        "Bwd PSH Flags": "0",
        "Fwd URG Flags": "0",
        "Bwd URG Flags": "0",
        "Fwd Header Len": "0",
        "Bwd Header Len": "64",
        "Fwd Pkts/s": "0.0",
        "Bwd Pkts/s": "45.49694033076276",
        "Pkt Len Min": "0.0",
        "Pkt Len Max": "0.0",
        "Pkt Len Mean": "0.0",
        "Pkt Len Std": "0.0",
        "Pkt Len Var": "0.0",
        "FIN Flag Cnt": "0",
        "SYN Flag Cnt": "0",
        "RST Flag Cnt": "0",
        "PSH Flag Cnt": "0",
        "ACK Flag Cnt": "1",
        "URG Flag Cnt": "0",
        "CWE Flag Count": "0",
        "ECE Flag Cnt": "0",
        "Down/Up Ratio": "0.0",
        "Pkt Size Avg": "0.0",
        "Fwd Seg Size Avg": "0.0",
        "Bwd Seg Size Avg": "0.0",
        "Fwd Byts/b Avg": "0",
        "Fwd Pkts/b Avg": "0",
        "Fwd Blk Rate Avg": "0",
        "Bwd Byts/b Avg": "0",
        "Bwd Pkts/b Avg": "0",
        "Bwd Blk Rate Avg": "0",
        "Subflow Fwd Pkts": "0",
        "Subflow Fwd Byts": "0",
        "Subflow Bwd Pkts": "2",
        "Subflow Bwd Byts": "0",
        "Init Fwd Win Byts": "-1",
        "Init Bwd Win Byts": "261",
        "Fwd Act Data Pkts": "0",
        "Fwd Seg Size Min": "0",
        "Active Mean": "0",
        "Active Std": "0",
        "Active Max": "0",
        "Active Min": "0",
        "Idle Mean": "0",
        "Idle Std": "0",
        "Idle Max": "0",
        "Idle Min": "0",
        "Label": "No Label"
    },
    {
        "Flow ID": "192.168.3.22-200.147.253.13-44286-443-6",
        "Src IP": "200.147.253.13",
        "Src Port": "443",
        "Dst IP": "192.168.3.22",
        "Dst Port": "44286",
        "Protocol": "6",
        "Timestamp": "24/01/2023 09:43:12 AM",
        "Flow Duration": "37",
        "Tot Fwd Pkts": "1",
        "Tot Bwd Pkts": "1",
        "TotLen Fwd Pkts": "0.0",
        "TotLen Bwd Pkts": "0.0",
        "Fwd Pkt Len Max": "0.0",
        "Fwd Pkt Len Min": "0.0",
        "Fwd Pkt Len Mean": "0.0",
        "Fwd Pkt Len Std": "0.0",
        "Bwd Pkt Len Max": "0.0",
        "Bwd Pkt Len Min": "0.0",
        "Bwd Pkt Len Mean": "0.0",
        "Bwd Pkt Len Std": "0.0",
        "Flow Byts/s": "0.0",
        "Flow Pkts/s": "54054.05405405405",
        "Flow IAT Mean": "37.0",
        "Flow IAT Std": "0.0",
        "Flow IAT Max": "37.0",
        "Flow IAT Min": "37.0",
        "Fwd IAT Tot": "0",
        "Fwd IAT Mean": "0",
        "Fwd IAT Std": "0",
        "Fwd IAT Max": "0",
        "Fwd IAT Min": "0",
        "Bwd IAT Tot": "0",
        "Bwd IAT Mean": "0",
        "Bwd IAT Std": "0",
        "Bwd IAT Max": "0",
        "Bwd IAT Min": "0",
        "Fwd PSH Flags": "0",
        "Bwd PSH Flags": "0",
        "Fwd URG Flags": "0",
        "Bwd URG Flags": "0",
        "Fwd Header Len": "20",
        "Bwd Header Len": "20",
        "Fwd Pkts/s": "27027.027027027027",
        "Bwd Pkts/s": "27027.027027027027",
        "Pkt Len Min": "0.0",
        "Pkt Len Max": "0.0",
        "Pkt Len Mean": "0.0",
        "Pkt Len Std": "0.0",
        "Pkt Len Var": "0.0",
        "FIN Flag Cnt": "0",
        "SYN Flag Cnt": "0",
        "RST Flag Cnt": "1",
        "PSH Flag Cnt": "0",
        "ACK Flag Cnt": "0",
        "URG Flag Cnt": "0",
        "CWE Flag Count": "0",
        "ECE Flag Cnt": "0",
        "Down/Up Ratio": "1.0",
        "Pkt Size Avg": "0.0",
        "Fwd Seg Size Avg": "0.0",
        "Bwd Seg Size Avg": "0.0",
        "Fwd Byts/b Avg": "0",
        "Fwd Pkts/b Avg": "0",
        "Fwd Blk Rate Avg": "0",
        "Bwd Byts/b Avg": "0",
        "Bwd Pkts/b Avg": "0",
        "Bwd Blk Rate Avg": "0",
        "Subflow Fwd Pkts": "1",
        "Subflow Fwd Byts": "0",
        "Subflow Bwd Pkts": "1",
        "Subflow Bwd Byts": "0",
        "Init Fwd Win Byts": "-1",
        "Init Bwd Win Byts": "0",
        "Fwd Act Data Pkts": "0",
        "Fwd Seg Size Min": "0",
        "Active Mean": "0",
        "Active Std": "0",
        "Active Max": "0",
        "Active Min": "0",
        "Idle Mean": "0",
        "Idle Std": "0",
        "Idle Max": "0",
        "Idle Min": "0",
        "Label": "No Label"
    },
    {
        "Flow ID": "192.168.3.1-192.168.3.22-53-51231-17",
        "Src IP": "192.168.3.22",
        "Src Port": "51231",
        "Dst IP": "192.168.3.1",
        "Dst Port": "53",
        "Protocol": "17",
        "Timestamp": "24/01/2023 09:43:15 AM",
        "Flow Duration": "5636",
        "Tot Fwd Pkts": "0",
        "Tot Bwd Pkts": "2",
        "TotLen Fwd Pkts": "0.0",
        "TotLen Bwd Pkts": "133.0",
        "Fwd Pkt Len Max": "0",
        "Fwd Pkt Len Min": "0",
        "Fwd Pkt Len Mean": "0",
        "Fwd Pkt Len Std": "0",
        "Bwd Pkt Len Max": "99.0",
        "Bwd Pkt Len Min": "34.0",
        "Bwd Pkt Len Mean": "66.5",
        "Bwd Pkt Len Std": "45.96194077712559",
        "Flow Byts/s": "23598.29666430092",
        "Flow Pkts/s": "354.86160397444996",
        "Flow IAT Mean": "5636.0",
        "Flow IAT Std": "0.0",
        "Flow IAT Max": "5636.0",
        "Flow IAT Min": "5636.0",
        "Fwd IAT Tot": "0",
        "Fwd IAT Mean": "0",
        "Fwd IAT Std": "0",
        "Fwd IAT Max": "0",
        "Fwd IAT Min": "0",
        "Bwd IAT Tot": "5636.0",
        "Bwd IAT Mean": "5636.0",
        "Bwd IAT Std": "0.0",
        "Bwd IAT Max": "5636.0",
        "Bwd IAT Min": "5636.0",
        "Fwd PSH Flags": "0",
        "Bwd PSH Flags": "0",
        "Fwd URG Flags": "0",
        "Bwd URG Flags": "0",
        "Fwd Header Len": "0",
        "Bwd Header Len": "16",
        "Fwd Pkts/s": "0.0",
        "Bwd Pkts/s": "354.86160397444996",
        "Pkt Len Min": "34.0",
        "Pkt Len Max": "99.0",
        "Pkt Len Mean": "55.66666666666667",
        "Pkt Len Std": "37.52776749732568",
        "Pkt Len Var": "1408.3333333333335",
        "FIN Flag Cnt": "0",
        "SYN Flag Cnt": "0",
        "RST Flag Cnt": "0",
        "PSH Flag Cnt": "0",
        "ACK Flag Cnt": "0",
        "URG Flag Cnt": "0",
        "CWE Flag Count": "0",
        "ECE Flag Cnt": "0",
        "Down/Up Ratio": "0.0",
        "Pkt Size Avg": "83.5",
        "Fwd Seg Size Avg": "0.0",
        "Bwd Seg Size Avg": "66.5",
        "Fwd Byts/b Avg": "0",
        "Fwd Pkts/b Avg": "0",
        "Fwd Blk Rate Avg": "0",
        "Bwd Byts/b Avg": "0",
        "Bwd Pkts/b Avg": "0",
        "Bwd Blk Rate Avg": "0",
        "Subflow Fwd Pkts": "0",
        "Subflow Fwd Byts": "0",
        "Subflow Bwd Pkts": "2",
        "Subflow Bwd Byts": "133",
        "Init Fwd Win Byts": "-1",
        "Init Bwd Win Byts": "-1",
        "Fwd Act Data Pkts": "0",
        "Fwd Seg Size Min": "0",
        "Active Mean": "0",
        "Active Std": "0",
        "Active Max": "0",
        "Active Min": "0",
        "Idle Mean": "0",
        "Idle Std": "0",
        "Idle Max": "0",
        "Idle Min": "0",
        "Label": "No Label"
    },
    {
        "Flow ID": "142.251.129.234-192.168.3.22-443-48248-6",
        "Src IP": "192.168.3.22",
        "Src Port": "48248",
        "Dst IP": "142.251.129.234",
        "Dst Port": "443",
        "Protocol": "6",
        "Timestamp": "24/01/2023 09:43:12 AM",
        "Flow Duration": "44144",
        "Tot Fwd Pkts": "0",
        "Tot Bwd Pkts": "2",
        "TotLen Fwd Pkts": "0.0",
        "TotLen Bwd Pkts": "0.0",
        "Fwd Pkt Len Max": "0",
        "Fwd Pkt Len Min": "0",
        "Fwd Pkt Len Mean": "0",
        "Fwd Pkt Len Std": "0",
        "Bwd Pkt Len Max": "0.0",
        "Bwd Pkt Len Min": "0.0",
        "Bwd Pkt Len Mean": "0.0",
        "Bwd Pkt Len Std": "0.0",
        "Flow Byts/s": "0.0",
        "Flow Pkts/s": "45.30627038782167",
        "Flow IAT Mean": "44144.0",
        "Flow IAT Std": "0.0",
        "Flow IAT Max": "44144.0",
        "Flow IAT Min": "44144.0",
        "Fwd IAT Tot": "0",
        "Fwd IAT Mean": "0",
        "Fwd IAT Std": "0",
        "Fwd IAT Max": "0",
        "Fwd IAT Min": "0",
        "Bwd IAT Tot": "44144.0",
        "Bwd IAT Mean": "44144.0",
        "Bwd IAT Std": "0.0",
        "Bwd IAT Max": "44144.0",
        "Bwd IAT Min": "44144.0",
        "Fwd PSH Flags": "0",
        "Bwd PSH Flags": "0",
        "Fwd URG Flags": "0",
        "Bwd URG Flags": "0",
        "Fwd Header Len": "0",
        "Bwd Header Len": "64",
        "Fwd Pkts/s": "0.0",
        "Bwd Pkts/s": "45.30627038782167",
        "Pkt Len Min": "0.0",
        "Pkt Len Max": "0.0",
        "Pkt Len Mean": "0.0",
        "Pkt Len Std": "0.0",
        "Pkt Len Var": "0.0",
        "FIN Flag Cnt": "0",
        "SYN Flag Cnt": "0",
        "RST Flag Cnt": "0",
        "PSH Flag Cnt": "0",
        "ACK Flag Cnt": "1",
        "URG Flag Cnt": "0",
        "CWE Flag Count": "0",
        "ECE Flag Cnt": "0",
        "Down/Up Ratio": "0.0",
        "Pkt Size Avg": "0.0",
        "Fwd Seg Size Avg": "0.0",
        "Bwd Seg Size Avg": "0.0",
        "Fwd Byts/b Avg": "0",
        "Fwd Pkts/b Avg": "0",
        "Fwd Blk Rate Avg": "0",
        "Bwd Byts/b Avg": "0",
        "Bwd Pkts/b Avg": "0",
        "Bwd Blk Rate Avg": "0",
        "Subflow Fwd Pkts": "0",
        "Subflow Fwd Byts": "0",
        "Subflow Bwd Pkts": "2",
        "Subflow Bwd Byts": "0",
        "Init Fwd Win Byts": "-1",
        "Init Bwd Win Byts": "261",
        "Fwd Act Data Pkts": "0",
        "Fwd Seg Size Min": "0",
        "Active Mean": "0",
        "Active Std": "0",
        "Active Max": "0",
        "Active Min": "0",
        "Idle Mean": "0",
        "Idle Std": "0",
        "Idle Max": "0",
        "Idle Min": "0",
        "Label": "No Label"
    }
]