[
    {
        "Flow ID": "192.168.3.22-200.147.253.13-49812-443-6",
        "Src IP": "200.147.253.13",
        "Src Port": "443",
        "Dst IP": "192.168.3.22",
        "Dst Port": "49812",
        "Protocol": "6",
        "Timestamp": "24/01/2023 09:42:13 AM",
        "Flow Duration": "561450",
        "Tot Fwd Pkts": "93",
        "Tot Bwd Pkts": "80",
        "TotLen Fwd Pkts": "207248.0",
        "TotLen Bwd Pkts": "878.0",
        "Fwd Pkt Len Max": "7000.0",
        "Fwd Pkt Len Min": "1400.0",
        "Fwd Pkt Len Mean": "2228.473118279571",
        "Fwd Pkt Len Std": "1325.7668297138525",
        "Bwd Pkt Len Max": "878.0",
        "Bwd Pkt Len Min": "0.0",
        "Bwd Pkt Len Mean": "10.975",
        "Bwd Pkt Len Std": "98.16338421224076",
        "Flow Byts/s": "370693.7394247039",
        "Flow Pkts/s": "308.1307329236798",
        "Flow IAT Mean": "3264.2441860465115",
        "Flow IAT Std": "10536.807992787313",
        "Flow IAT Max": "44914.0",
        "Flow IAT Min": "6.0",
        "Fwd IAT Tot": "500458.0",
        "Fwd IAT Mean": "5439.760869565219",
        "Fwd IAT Std": "13289.108945206704",
        "Fwd IAT Max": "44935.0",
        "Fwd IAT Min": "21.0",
        "Bwd IAT Tot": "561425.0",
        "Bwd IAT Mean": "7106.645569620255",
        "Bwd IAT Std": "14721.677933593744",
        "Bwd IAT Max": "44947.0",
        "Bwd IAT Min": "16.0",
        "Fwd PSH Flags": "0",
        "Bwd PSH Flags": "1",
        "Fwd URG Flags": "0",
        "Bwd URG Flags": "0",
        "Fwd Header Len": "2976",
        "Bwd Header Len": "2560",
        "Fwd Pkts/s": "165.6425327277585",
        "Bwd Pkts/s": "142.48820019592128",
        "Pkt Len Min": "0.0",
        "Pkt Len Max": "7000.0",
        "Pkt Len Mean": "1201.1724137931042",
        "Pkt Len Std": "1470.4075814721532",
        "Pkt Len Var": "2162098.455650787",
        "FIN Flag Cnt": "0",
        "SYN Flag Cnt": "0",
        "RST Flag Cnt": "0",
        "PSH Flag Cnt": "1",
        "ACK Flag Cnt": "1",
        "URG Flag Cnt": "0",
        "CWE Flag Count": "0",
        "ECE Flag Cnt": "0",
        "Down/Up Ratio": "0.0",
        "Pkt Size Avg": "1208.1156069364163",
        "Fwd Seg Size Avg": "2228.47311827957",
        "Bwd Seg Size Avg": "10.975",
        "Fwd Byts/b Avg": "0",
        "Fwd Pkts/b Avg": "0",
        "Fwd Blk Rate Avg": "0",
        "Bwd Byts/b Avg": "0",
        "Bwd Pkts/b Avg": "0",
        "Bwd Blk Rate Avg": "0",
        "Subflow Fwd Pkts": "93",
        "Subflow Fwd Byts": "207248",
        "Subflow Bwd Pkts": "80",
        "Subflow Bwd Byts": "878",
        "Init Fwd Win Byts": "-1",
        "Init Bwd Win Byts": "1998",
        "Fwd Act Data Pkts": "93",
        "Fwd Seg Size Min": "0",
        "Active Mean": "0",
        "Active Std": "0",
        "Active Max": "0",
        "Active Min": "0",
        "Idle Mean": "0",
        "Idle Std": "0",
        "Idle Max": "0",
        "Idle Min": "0",
        "Label": "No Label"
    },
    {
        "Flow ID": "192.168.3.22-200.147.253.13-49812-443-6",
        "Src IP": "192.168.3.22",
        "Src Port": "49812",
        "Dst IP": "200.147.253.13",
        "Dst Port": "443",
        "Protocol": "6",
        "Timestamp": "24/01/2023 09:42:14 AM",
        "Flow Duration": "221",
        "Tot Fwd Pkts": "2",
        "Tot Bwd Pkts": "1",
        "TotLen Fwd Pkts": "31.0",
        "TotLen Bwd Pkts": "0.0",
        "Fwd Pkt Len Max": "31.0",
        "Fwd Pkt Len Min": "0.0",
        "Fwd Pkt Len Mean": "15.5",
        "Fwd Pkt Len Std": "21.920310216782973",
        "Bwd Pkt Len Max": "0.0",
        "Bwd Pkt Len Min": "0.0",
        "Bwd Pkt Len Mean": "0.0",
        "Bwd Pkt Len Std": "0.0",
        "Flow Byts/s": "140271.49321266968",
        "Flow Pkts/s": "13574.660633484162",
        "Flow IAT Mean": "110.5",
        "Flow IAT Std": "125.15790027001891",
        "Flow IAT Max": "199.0",
        "Flow IAT Min": "22.0",
        "Fwd IAT Tot": "22.0",
        "Fwd IAT Mean": "22.0",
        "Fwd IAT Std": "0.0",
        "Fwd IAT Max": "22.0",
        "Fwd IAT Min": "22.0",
        "Bwd IAT Tot": "0",
        "Bwd IAT Mean": "0",
        "Bwd IAT Std": "0",
        "Bwd IAT Max": "0",
        "Bwd IAT Min": "0",
        "Fwd PSH Flags": "0",
        "Bwd PSH Flags": "0",
        "Fwd URG Flags": "0",
        "Bwd URG Flags": "0",
        "Fwd Header Len": "64",
        "Bwd Header Len": "32",
        "Fwd Pkts/s": "9049.773755656108",
        "Bwd Pkts/s": "4524.886877828054",
        "Pkt Len Min": "0.0",
        "Pkt Len Max": "31.0",
        "Pkt Len Mean": "7.75",
        "Pkt Len Std": "15.500000000000002",
        "Pkt Len Var": "240.25000000000003",
        "FIN Flag Cnt": "0",
        "SYN Flag Cnt": "0",
        "RST Flag Cnt": "0",
        "PSH Flag Cnt": "0",
        "ACK Flag Cnt": "1",
        "URG Flag Cnt": "0",
        "CWE Flag Count": "0",
        "ECE Flag Cnt": "0",
        "Down/Up Ratio": "0.0",
        "Pkt Size Avg": "10.333333333333334",
        "Fwd Seg Size Avg": "15.5",
        "Bwd Seg Size Avg": "0.0",
        "Fwd Byts/b Avg": "0",
        "Fwd Pkts/b Avg": "0",
        "Fwd Blk Rate Avg": "0",
        "Bwd Byts/b Avg": "0",
        "Bwd Pkts/b Avg": "0",
        "Bwd Blk Rate Avg": "0",
        "Subflow Fwd Pkts": "2",
        "Subflow Fwd Byts": "31",
        "Subflow Bwd Pkts": "1",
        "Subflow Bwd Byts": "0",
        "Init Fwd Win Byts": "-1",
        "Init Bwd Win Byts": "1979",
        "Fwd Act Data Pkts": "1",
        "Fwd Seg Size Min": "0",
        "Active Mean": "0",
        "Active Std": "0",
        "Active Max": "0",
        "Active Min": "0",
        "Idle Mean": "0",
        "Idle Std": "0",
        "Idle Max": "0",
        "Idle Min": "0",
        "Label": "No Label"
    },
    {
        "Flow ID": "192.168.3.22-34.120.115.102-41824-443-6",
        "Src IP": "192.168.3.22",
        "Src Port": "41824",
        "Dst IP": "34.120.115.102",
        "Dst Port": "443",
        "Protocol": "6",
        "Timestamp": "24/01/2023 09:42:18 AM",
        "Flow Duration": "876",
        "Tot Fwd Pkts": "1",
        "Tot Bwd Pkts": "1",
        "TotLen Fwd Pkts": "24.0",
        "TotLen Bwd Pkts": "39.0",
        "Fwd Pkt Len Max": "24.0",
        "Fwd Pkt Len Min": "24.0",
        "Fwd Pkt Len Mean": "24.0",
        "Fwd Pkt Len Std": "0.0",
        "Bwd Pkt Len Max": "39.0",
        "Bwd Pkt Len Min": "39.0",
        "Bwd Pkt Len Mean": "39.0",
        "Bwd Pkt Len Std": "0.0",
        "Flow Byts/s": "71917.80821917808",
        "Flow Pkts/s": "2283.10502283105",
        "Flow IAT Mean": "876.0",
        "Flow IAT Std": "0.0",
        "Flow IAT Max": "876.0",
        "Flow IAT Min": "876.0",
        "Fwd IAT Tot": "0",
        "Fwd IAT Mean": "0",
        "Fwd IAT Std": "0",
        "Fwd IAT Max": "0",
        "Fwd IAT Min": "0",
        "Bwd IAT Tot": "0",
        "Bwd IAT Mean": "0",
        "Bwd IAT Std": "0",
        "Bwd IAT Max": "0",
        "Bwd IAT Min": "0",
        "Fwd PSH Flags": "0",
        "Bwd PSH Flags": "1",
        "Fwd URG Flags": "0",
        "Bwd URG Flags": "0",
        "Fwd Header Len": "32",
        "Bwd Header Len": "32",
        "Fwd Pkts/s": "1141.552511415525",
        "Bwd Pkts/s": "1141.552511415525",
        "Pkt Len Min": "24.0",
        "Pkt Len Max": "39.0",
        "Pkt Len Mean": "34.0",
        "Pkt Len Std": "8.660254037844387",
        "Pkt Len Var": "75.0",
        "FIN Flag Cnt": "0",
        "SYN Flag Cnt": "0",
        "RST Flag Cnt": "0",
        "PSH Flag Cnt": "1",
        "ACK Flag Cnt": "1",
        "URG Flag Cnt": "0",
        "CWE Flag Count": "0",
        "ECE Flag Cnt": "0",
        "Down/Up Ratio": "1.0",
        "Pkt Size Avg": "51.0",
        "Fwd Seg Size Avg": "24.0",
        "Bwd Seg Size Avg": "39.0",
        "Fwd Byts/b Avg": "0",
        "Fwd Pkts/b Avg": "0",
        "Fwd Blk Rate Avg": "0",
        "Bwd Byts/b Avg": "0",
        "Bwd Pkts/b Avg": "0",
        "Bwd Blk Rate Avg": "0",
        "Subflow Fwd Pkts": "1",
        "Subflow Fwd Byts": "24",
        "Subflow Bwd Pkts": "1",
        "Subflow Bwd Byts": "39",
        "Init Fwd Win Byts": "-1",
        "Init Bwd Win Byts": "501",
        "Fwd Act Data Pkts": "1",
        "Fwd Seg Size Min": "0",
        "Active Mean": "0",
        "Active Std": "0",
        "Active Max": "0",
        "Active Min": "0",
        "Idle Mean": "0",
        "Idle Std": "0",
        "Idle Max": "0",
        "Idle Min": "0",
        "Label": "No Label"
    },
    {
        "Flow ID": "192.168.3.22-34.120.115.102-41824-443-6",
        "Src IP": "34.120.115.102",
        "Src Port": "443",
        "Dst IP": "192.168.3.22",
        "Dst Port": "41824",
        "Protocol": "6",
        "Timestamp": "24/01/2023 09:42:18 AM",
        "Flow Duration": "59",
        "Tot Fwd Pkts": "1",
        "Tot Bwd Pkts": "1",
        "TotLen Fwd Pkts": "0.0",
        "TotLen Bwd Pkts": "0.0",
        "Fwd Pkt Len Max": "0.0",
        "Fwd Pkt Len Min": "0.0",
        "Fwd Pkt Len Mean": "0.0",
        "Fwd Pkt Len Std": "0.0",
        "Bwd Pkt Len Max": "0.0",
        "Bwd Pkt Len Min": "0.0",
        "Bwd Pkt Len Mean": "0.0",
        "Bwd Pkt Len Std": "0.0",
        "Flow Byts/s": "0.0",
        "Flow Pkts/s": "33898.30508474576",
        "Flow IAT Mean": "59.0",
        "Flow IAT Std": "0.0",
        "Flow IAT Max": "59.0",
        "Flow IAT Min": "59.0",
        "Fwd IAT Tot": "0",
        "Fwd IAT Mean": "0",
        "Fwd IAT Std": "0",
        "Fwd IAT Max": "0",
        "Fwd IAT Min": "0",
        "Bwd IAT Tot": "0",
        "Bwd IAT Mean": "0",
        "Bwd IAT Std": "0",
        "Bwd IAT Max": "0",
        "Bwd IAT Min": "0",
        "Fwd PSH Flags": "0",
        "Bwd PSH Flags": "0",
        "Fwd URG Flags": "0",
        "Bwd URG Flags": "0",
        "Fwd Header Len": "32",
        "Bwd Header Len": "32",
        "Fwd Pkts/s": "16949.15254237288",
        "Bwd Pkts/s": "16949.15254237288",
        "Pkt Len Min": "0.0",
        "Pkt Len Max": "0.0",
        "Pkt Len Mean": "0.0",
        "Pkt Len Std": "0.0",
        "Pkt Len Var": "0.0",
        "FIN Flag Cnt": "0",
        "SYN Flag Cnt": "0",
        "RST Flag Cnt": "0",
        "PSH Flag Cnt": "0",
        "ACK Flag Cnt": "1",
        "URG Flag Cnt": "0",
        "CWE Flag Count": "0",
        "ECE Flag Cnt": "0",
        "Down/Up Ratio": "1.0",
        "Pkt Size Avg": "0.0",
        "Fwd Seg Size Avg": "0.0",
        "Bwd Seg Size Avg": "0.0",
        "Fwd Byts/b Avg": "0",
        "Fwd Pkts/b Avg": "0",
        "Fwd Blk Rate Avg": "0",
        "Bwd Byts/b Avg": "0",
        "Bwd Pkts/b Avg": "0",
        "Bwd Blk Rate Avg": "0",
        "Subflow Fwd Pkts": "1",
        "Subflow Fwd Byts": "0",
        "Subflow Bwd Pkts": "1",
        "Subflow Bwd Byts": "0",
        "Init Fwd Win Byts": "-1",
        "Init Bwd Win Byts": "277",
        "Fwd Act Data Pkts": "0",
        "Fwd Seg Size Min": "0",
        "Active Mean": "0",
        "Active Std": "0",
        "Active Max": "0",
        "Active Min": "0",
        "Idle Mean": "0",
        "Idle Std": "0",
        "Idle Max": "0",
        "Idle Min": "0",
        "Label": "No Label"
    },
    {
        "Flow ID": "192.168.3.22-200.147.253.13-49812-443-6",
        "Src IP": "200.147.253.13",
        "Src Port": "443",
        "Dst IP": "192.168.3.22",
        "Dst Port": "49812",
        "Protocol": "6",
        "Timestamp": "24/01/2023 09:42:14 AM",
        "Flow Duration": "189",
        "Tot Fwd Pkts": "1",
        "Tot Bwd Pkts": "1",
        "TotLen Fwd Pkts": "0.0",
        "TotLen Bwd Pkts": "0.0",
        "Fwd Pkt Len Max": "0.0",
        "Fwd Pkt Len Min": "0.0",
        "Fwd Pkt Len Mean": "0.0",
        "Fwd Pkt Len Std": "0.0",
        "Bwd Pkt Len Max": "0.0",
        "Bwd Pkt Len Min": "0.0",
        "Bwd Pkt Len Mean": "0.0",
        "Bwd Pkt Len Std": "0.0",
        "Flow Byts/s": "0.0",
        "Flow Pkts/s": "10582.010582010582",
        "Flow IAT Mean": "189.0",
        "Flow IAT Std": "0.0",
        "Flow IAT Max": "189.0",
        "Flow IAT Min": "189.0",
        "Fwd IAT Tot": "0",
        "Fwd IAT Mean": "0",
        "Fwd IAT Std": "0",
        "Fwd IAT Max": "0",
        "Fwd IAT Min": "0",
        "Bwd IAT Tot": "0",
        "Bwd IAT Mean": "0",
        "Bwd IAT Std": "0",
        "Bwd IAT Max": "0",
        "Bwd IAT Min": "0",
        "Fwd PSH Flags": "0",
        "Bwd PSH Flags": "0",
        "Fwd URG Flags": "0",
        "Bwd URG Flags": "0",
        "Fwd Header Len": "20",
        "Bwd Header Len": "20",
        "Fwd Pkts/s": "5291.005291005291",
        "Bwd Pkts/s": "5291.005291005291",
        "Pkt Len Min": "0.0",
        "Pkt Len Max": "0.0",
        "Pkt Len Mean": "0.0",
        "Pkt Len Std": "0.0",
        "Pkt Len Var": "0.0",
        "FIN Flag Cnt": "0",
        "SYN Flag Cnt": "0",
        "RST Flag Cnt": "1",
        "PSH Flag Cnt": "0",
        "ACK Flag Cnt": "0",
        "URG Flag Cnt": "0",
        "CWE Flag Count": "0",
        "ECE Flag Cnt": "0",
        "Down/Up Ratio": "1.0",
        "Pkt Size Avg": "0.0",
        "Fwd Seg Size Avg": "0.0",
        "Bwd Seg Size Avg": "0.0",
        "Fwd Byts/b Avg": "0",
        "Fwd Pkts/b Avg": "0",
        "Fwd Blk Rate Avg": "0",
        "Bwd Byts/b Avg": "0",
        "Bwd Pkts/b Avg": "0",
        "Bwd Blk Rate Avg": "0",
        "Subflow Fwd Pkts": "1",
        "Subflow Fwd Byts": "0",
        "Subflow Bwd Pkts": "1",
        "Subflow Bwd Byts": "0",
        "Init Fwd Win Byts": "-1",
        "Init Bwd Win Byts": "0",
        "Fwd Act Data Pkts": "0",
        "Fwd Seg Size Min": "0",
        "Active Mean": "0",
        "Active Std": "0",
        "Active Max": "0",
        "Active Min": "0",
        "Idle Mean": "0",
        "Idle Std": "0",
        "Idle Max": "0",
        "Idle Min": "0",
        "Label": "No Label"
    },
    {
        "Flow ID": "192.168.3.22-54.144.229.109-47390-443-6",
        "Src IP": "192.168.3.22",
        "Src Port": "47390",
        "Dst IP": "54.144.229.109",
        "Dst Port": "443",
        "Protocol": "6",
        "Timestamp": "24/01/2023 09:42:14 AM",
        "Flow Duration": "91606",
        "Tot Fwd Pkts": "1",
        "Tot Bwd Pkts": "2",
        "TotLen Fwd Pkts": "0.0",
        "TotLen Bwd Pkts": "92.0",
        "Fwd Pkt Len Max": "0.0",
        "Fwd Pkt Len Min": "0.0",
        "Fwd Pkt Len Mean": "0.0",
        "Fwd Pkt Len Std": "0.0",
        "Bwd Pkt Len Max": "46.0",
        "Bwd Pkt Len Min": "46.0",
        "Bwd Pkt Len Mean": "46.0",
        "Bwd Pkt Len Std": "0.0",
        "Flow Byts/s": "1004.3010283169224",
        "Flow Pkts/s": "32.74894657555182",
        "Flow IAT Mean": "45803.0",
        "Flow IAT Std": "64731.38317694131",
        "Flow IAT Max": "91575.0",
        "Flow IAT Min": "31.0",
        "Fwd IAT Tot": "0",
        "Fwd IAT Mean": "0",
        "Fwd IAT Std": "0",
        "Fwd IAT Max": "0",
        "Fwd IAT Min": "0",
        "Bwd IAT Tot": "91575.0",
        "Bwd IAT Mean": "91575.0",
        "Bwd IAT Std": "0.0",
        "Bwd IAT Max": "91575.0",
        "Bwd IAT Min": "91575.0",
        "Fwd PSH Flags": "0",
        "Bwd PSH Flags": "1",
        "Fwd URG Flags": "0",
        "Bwd URG Flags": "0",
        "Fwd Header Len": "32",
        "Bwd Header Len": "64",
        "Fwd Pkts/s": "10.91631552518394",
        "Bwd Pkts/s": "21.83263105036788",
        "Pkt Len Min": "0.0",
        "Pkt Len Max": "46.0",
        "Pkt Len Mean": "34.5",
        "Pkt Len Std": "23.0",
        "Pkt Len Var": "529.0",
        "FIN Flag Cnt": "0",
        "SYN Flag Cnt": "0",
        "RST Flag Cnt": "0",
        "PSH Flag Cnt": "1",
        "ACK Flag Cnt": "1",
        "URG Flag Cnt": "0",
        "CWE Flag Count": "0",
        "ECE Flag Cnt": "0",
        "Down/Up Ratio": "2.0",
        "Pkt Size Avg": "46.0",
        "Fwd Seg Size Avg": "0.0",
        "Bwd Seg Size Avg": "46.0",
        "Fwd Byts/b Avg": "0",
        "Fwd Pkts/b Avg": "0",
        "Fwd Blk Rate Avg": "0",
        "Bwd Byts/b Avg": "0",
        "Bwd Pkts/b Avg": "0",
        "Bwd Blk Rate Avg": "0",
        "Subflow Fwd Pkts": "1",
        "Subflow Fwd Byts": "0",
        "Subflow Bwd Pkts": "2",
        "Subflow Bwd Byts": "92",
        "Init Fwd Win Byts": "-1",
        "Init Bwd Win Byts": "278",
        "Fwd Act Data Pkts": "0",
        "Fwd Seg Size Min": "0",
        "Active Mean": "0",
        "Active Std": "0",
        "Active Max": "0",
        "Active Min": "0",
        "Idle Mean": "0",
        "Idle Std": "0",
        "Idle Max": "0",
        "Idle Min": "0",
        "Label": "No Label"
    },
    {
        "Flow ID": "142.250.219.234-192.168.3.22-443-60782-17",
        "Src IP": "142.250.219.234",
        "Src Port": "443",
        "Dst IP": "192.168.3.22",
        "Dst Port": "60782",
        "Protocol": "17",
        "Timestamp": "24/01/2023 09:42:17 AM",
        "Flow Duration": "57004",
        "Tot Fwd Pkts": "1",
        "Tot Bwd Pkts": "3",
        "TotLen Fwd Pkts": "116.0",
        "TotLen Bwd Pkts": "182.0",
        "Fwd Pkt Len Max": "116.0",
        "Fwd Pkt Len Min": "116.0",
        "Fwd Pkt Len Mean": "116.0",
        "Fwd Pkt Len Std": "0.0",
        "Bwd Pkt Len Max": "116.0",
        "Bwd Pkt Len Min": "33.0",
        "Bwd Pkt Len Mean": "60.666666666666664",
        "Bwd Pkt Len Std": "47.92007234273894",
        "Flow Byts/s": "5227.703319065329",
        "Flow Pkts/s": "70.17051434987019",
        "Flow IAT Mean": "19001.333333333336",
        "Flow IAT Std": "16767.260638915748",
        "Flow IAT Max": "32592.0",
        "Flow IAT Min": "264.0",
        "Fwd IAT Tot": "0",
        "Fwd IAT Mean": "0",
        "Fwd IAT Std": "0",
        "Fwd IAT Max": "0",
        "Fwd IAT Min": "0",
        "Bwd IAT Tot": "57004.0",
        "Bwd IAT Mean": "28502.0",
        "Bwd IAT Std": "5784.133470105959",
        "Bwd IAT Max": "32592.0",
        "Bwd IAT Min": "24412.0",
        "Fwd PSH Flags": "0",
        "Bwd PSH Flags": "0",
        "Fwd URG Flags": "0",
        "Bwd URG Flags": "0",
        "Fwd Header Len": "8",
        "Bwd Header Len": "24",
        "Fwd Pkts/s": "17.542628587467547",
        "Bwd Pkts/s": "52.62788576240264",
        "Pkt Len Min": "33.0",
        "Pkt Len Max": "116.0",
        "Pkt Len Mean": "82.8",
        "Pkt Len Std": "45.460972272928785",
        "Pkt Len Var": "2066.7",
        "FIN Flag Cnt": "0",
        "SYN Flag Cnt": "0",
        "RST Flag Cnt": "0",
        "PSH Flag Cnt": "0",
        "ACK Flag Cnt": "0",
        "URG Flag Cnt": "0",
        "CWE Flag Count": "0",
        "ECE Flag Cnt": "0",
        "Down/Up Ratio": "3.0",
        "Pkt Size Avg": "103.5",
        "Fwd Seg Size Avg": "116.0",
        "Bwd Seg Size Avg": "60.666666666666664",
        "Fwd Byts/b Avg": "0",
        "Fwd Pkts/b Avg": "0",
        "Fwd Blk Rate Avg": "0",
        "Bwd Byts/b Avg": "0",
        "Bwd Pkts/b Avg": "0",
        "Bwd Blk Rate Avg": "0",
        "Subflow Fwd Pkts": "1",
        "Subflow Fwd Byts": "116",
        "Subflow Bwd Pkts": "3",
        "Subflow Bwd Byts": "182",
        "Init Fwd Win Byts": "-1",
        "Init Bwd Win Byts": "-1",
        "Fwd Act Data Pkts": "1",
        "Fwd Seg Size Min": "0",
        "Active Mean": "0",
        "Active Std": "0",
        "Active Max": "0",
        "Active Min": "0",
        "Idle Mean": "0",
        "Idle Std": "0",
        "Idle Max": "0",
        "Idle Min": "0",
        "Label": "No Label"
    },
    {
        "Flow ID": "192.168.3.22-216.58.222.14-40334-443-17",
        "Src IP": "192.168.3.22",
        "Src Port": "40334",
        "Dst IP": "216.58.222.14",
        "Dst Port": "443",
        "Protocol": "17",
        "Timestamp": "24/01/2023 09:42:16 AM",
        "Flow Duration": "174236",
        "Tot Fwd Pkts": "3",
        "Tot Bwd Pkts": "6",
        "TotLen Fwd Pkts": "314.0",
        "TotLen Bwd Pkts": "1975.0",
        "Fwd Pkt Len Max": "246.0",
        "Fwd Pkt Len Min": "32.0",
        "Fwd Pkt Len Mean": "104.66666666666666",
        "Fwd Pkt Len Std": "122.41459607960701",
        "Bwd Pkt Len Max": "1357.0",
        "Bwd Pkt Len Min": "28.0",
        "Bwd Pkt Len Mean": "329.16666666666663",
        "Bwd Pkt Len Std": "518.4046360389408",
        "Flow Byts/s": "13137.353933745035",
        "Flow Pkts/s": "51.654078376454926",
        "Flow IAT Mean": "21779.5",
        "Flow IAT Std": "26746.47364740684",
        "Flow IAT Max": "69373.0",
        "Flow IAT Min": "16.0",
        "Fwd IAT Tot": "104825.0",
        "Fwd IAT Mean": "52412.5",
        "Fwd IAT Std": "26029.307722258",
        "Fwd IAT Max": "70818.0",
        "Fwd IAT Min": "34007.0",
        "Bwd IAT Tot": "174236.0",
        "Bwd IAT Mean": "34847.2",
        "Bwd IAT Std": "32711.76860397493",
        "Bwd IAT Max": "70292.0",
        "Bwd IAT Min": "16.0",
        "Fwd PSH Flags": "0",
        "Bwd PSH Flags": "0",
        "Fwd URG Flags": "0",
        "Bwd URG Flags": "0",
        "Fwd Header Len": "24",
        "Bwd Header Len": "48",
        "Fwd Pkts/s": "17.218026125484975",
        "Bwd Pkts/s": "34.43605225096995",
        "Pkt Len Min": "28.0",
        "Pkt Len Max": "1357.0",
        "Pkt Len Mean": "364.6",
        "Pkt Len Std": "534.2465514888962",
        "Pkt Len Var": "285419.3777777778",
        "FIN Flag Cnt": "0",
        "SYN Flag Cnt": "0",
        "RST Flag Cnt": "0",
        "PSH Flag Cnt": "0",
        "ACK Flag Cnt": "0",
        "URG Flag Cnt": "0",
        "CWE Flag Count": "0",
        "ECE Flag Cnt": "0",
        "Down/Up Ratio": "2.0",
        "Pkt Size Avg": "405.1111111111111",
        "Fwd Seg Size Avg": "104.66666666666667",
        "Bwd Seg Size Avg": "329.1666666666667",
        "Fwd Byts/b Avg": "0",
        "Fwd Pkts/b Avg": "0",
        "Fwd Blk Rate Avg": "0",
        "Bwd Byts/b Avg": "0",
        "Bwd Pkts/b Avg": "0",
        "Bwd Blk Rate Avg": "0",
        "Subflow Fwd Pkts": "3",
        "Subflow Fwd Byts": "314",
        "Subflow Bwd Pkts": "6",
        "Subflow Bwd Byts": "1975",
        "Init Fwd Win Byts": "-1",
        "Init Bwd Win Byts": "-1",
        "Fwd Act Data Pkts": "3",
        "Fwd Seg Size Min": "0",
        "Active Mean": "0",
        "Active Std": "0",
        "Active Max": "0",
        "Active Min": "0",
        "Idle Mean": "0",
        "Idle Std": "0",
        "Idle Max": "0",
        "Idle Min": "0",
        "Label": "No Label"
    },
    {
        "Flow ID": "142.250.219.174-192.168.3.22-443-54360-6",
        "Src IP": "192.168.3.22",
        "Src Port": "54360",
        "Dst IP": "142.250.219.174",
        "Dst Port": "443",
        "Protocol": "6",
        "Timestamp": "24/01/2023 09:42:17 AM",
        "Flow Duration": "45948",
        "Tot Fwd Pkts": "0",
        "Tot Bwd Pkts": "2",
        "TotLen Fwd Pkts": "0.0",
        "TotLen Bwd Pkts": "0.0",
        "Fwd Pkt Len Max": "0",
        "Fwd Pkt Len Min": "0",
        "Fwd Pkt Len Mean": "0",
        "Fwd Pkt Len Std": "0",
        "Bwd Pkt Len Max": "0.0",
        "Bwd Pkt Len Min": "0.0",
        "Bwd Pkt Len Mean": "0.0",
        "Bwd Pkt Len Std": "0.0",
        "Flow Byts/s": "0.0",
        "Flow Pkts/s": "43.52746583093932",
        "Flow IAT Mean": "45948.0",
        "Flow IAT Std": "0.0",
        "Flow IAT Max": "45948.0",
        "Flow IAT Min": "45948.0",
        "Fwd IAT Tot": "0",
        "Fwd IAT Mean": "0",
        "Fwd IAT Std": "0",
        "Fwd IAT Max": "0",
        "Fwd IAT Min": "0",
        "Bwd IAT Tot": "45948.0",
        "Bwd IAT Mean": "45948.0",
        "Bwd IAT Std": "0.0",
        "Bwd IAT Max": "45948.0",
        "Bwd IAT Min": "45948.0",
        "Fwd PSH Flags": "0",
        "Bwd PSH Flags": "0",
        "Fwd URG Flags": "0",
        "Bwd URG Flags": "0",
        "Fwd Header Len": "0",
        "Bwd Header Len": "64",
        "Fwd Pkts/s": "0.0",
        "Bwd Pkts/s": "43.52746583093932",
        "Pkt Len Min": "0.0",
        "Pkt Len Max": "0.0",
        "Pkt Len Mean": "0.0",
        "Pkt Len Std": "0.0",
        "Pkt Len Var": "0.0",
        "FIN Flag Cnt": "0",
        "SYN Flag Cnt": "0",
        "RST Flag Cnt": "0",
        "PSH Flag Cnt": "0",
        "ACK Flag Cnt": "1",
        "URG Flag Cnt": "0",
        "CWE Flag Count": "0",
        "ECE Flag Cnt": "0",
        "Down/Up Ratio": "0.0",
        "Pkt Size Avg": "0.0",
        "Fwd Seg Size Avg": "0.0",
        "Bwd Seg Size Avg": "0.0",
        "Fwd Byts/b Avg": "0",
        "Fwd Pkts/b Avg": "0",
        "Fwd Blk Rate Avg": "0",
        "Bwd Byts/b Avg": "0",
        "Bwd Pkts/b Avg": "0",
        "Bwd Blk Rate Avg": "0",
        "Subflow Fwd Pkts": "0",
        "Subflow Fwd Byts": "0",
        "Subflow Bwd Pkts": "2",
        "Subflow Bwd Byts": "0",
        "Init Fwd Win Byts": "-1",
        "Init Bwd Win Byts": "263",
        "Fwd Act Data Pkts": "0",
        "Fwd Seg Size Min": "0",
        "Active Mean": "0",
        "Active Std": "0",
        "Active Max": "0",
        "Active Min": "0",
        "Idle Mean": "0",
        "Idle Std": "0",
        "Idle Max": "0",
        "Idle Min": "0",
        "Label": "No Label"
    }
]