[
    {
        "Flow ID": "185.184.10.30-192.168.3.22-443-46350-6",
        "Src IP": "192.168.3.22",
        "Src Port": "46350",
        "Dst IP": "185.184.10.30",
        "Dst Port": "443",
        "Protocol": "6",
        "Timestamp": "24/01/2023 09:41:03 AM",
        "Flow Duration": "797",
        "Tot Fwd Pkts": "2",
        "Tot Bwd Pkts": "1",
        "TotLen Fwd Pkts": "24.0",
        "TotLen Bwd Pkts": "39.0",
        "Fwd Pkt Len Max": "24.0",
        "Fwd Pkt Len Min": "0.0",
        "Fwd Pkt Len Mean": "12.0",
        "Fwd Pkt Len Std": "16.97056274847714",
        "Bwd Pkt Len Max": "39.0",
        "Bwd Pkt Len Min": "39.0",
        "Bwd Pkt Len Mean": "39.0",
        "Bwd Pkt Len Std": "0.0",
        "Flow Byts/s": "79046.42409033877",
        "Flow Pkts/s": "3764.115432873275",
        "Flow IAT Mean": "398.5",
        "Flow IAT Std": "515.4808434849931",
        "Flow IAT Max": "763.0",
        "Flow IAT Min": "34.0",
        "Fwd IAT Tot": "34.0",
        "Fwd IAT Mean": "34.0",
        "Fwd IAT Std": "0.0",
        "Fwd IAT Max": "34.0",
        "Fwd IAT Min": "34.0",
        "Bwd IAT Tot": "0",
        "Bwd IAT Mean": "0",
        "Bwd IAT Std": "0",
        "Bwd IAT Max": "0",
        "Bwd IAT Min": "0",
        "Fwd PSH Flags": "0",
        "Bwd PSH Flags": "1",
        "Fwd URG Flags": "0",
        "Bwd URG Flags": "0",
        "Fwd Header Len": "64",
        "Bwd Header Len": "32",
        "Fwd Pkts/s": "2509.4102885821835",
        "Bwd Pkts/s": "1254.7051442910918",
        "Pkt Len Min": "0.0",
        "Pkt Len Max": "39.0",
        "Pkt Len Mean": "25.5",
        "Pkt Len Std": "18.411952639521967",
        "Pkt Len Var": "339.0",
        "FIN Flag Cnt": "0",
        "SYN Flag Cnt": "0",
        "RST Flag Cnt": "0",
        "PSH Flag Cnt": "1",
        "ACK Flag Cnt": "1",
        "URG Flag Cnt": "0",
        "CWE Flag Count": "0",
        "ECE Flag Cnt": "0",
        "Down/Up Ratio": "0.0",
        "Pkt Size Avg": "34.0",
        "Fwd Seg Size Avg": "12.0",
        "Bwd Seg Size Avg": "39.0",
        "Fwd Byts/b Avg": "0",
        "Fwd Pkts/b Avg": "0",
        "Fwd Blk Rate Avg": "0",
        "Bwd Byts/b Avg": "0",
        "Bwd Pkts/b Avg": "0",
        "Bwd Blk Rate Avg": "0",
        "Subflow Fwd Pkts": "2",
        "Subflow Fwd Byts": "24",
        "Subflow Bwd Pkts": "1",
        "Subflow Bwd Byts": "39",
        "Init Fwd Win Byts": "-1",
        "Init Bwd Win Byts": "501",
        "Fwd Act Data Pkts": "1",
        "Fwd Seg Size Min": "0",
        "Active Mean": "0",
        "Active Std": "0",
        "Active Max": "0",
        "Active Min": "0",
        "Idle Mean": "0",
        "Idle Std": "0",
        "Idle Max": "0",
        "Idle Min": "0",
        "Label": "No Label"
    },
    {
        "Flow ID": "167.249.160.22-192.168.3.22-443-40192-6",
        "Src IP": "192.168.3.22",
        "Src Port": "40192",
        "Dst IP": "167.249.160.22",
        "Dst Port": "443",
        "Protocol": "6",
        "Timestamp": "24/01/2023 09:41:03 AM",
        "Flow Duration": "1585",
        "Tot Fwd Pkts": "2",
        "Tot Bwd Pkts": "1",
        "TotLen Fwd Pkts": "24.0",
        "TotLen Bwd Pkts": "39.0",
        "Fwd Pkt Len Max": "24.0",
        "Fwd Pkt Len Min": "0.0",
        "Fwd Pkt Len Mean": "12.0",
        "Fwd Pkt Len Std": "16.97056274847714",
        "Bwd Pkt Len Max": "39.0",
        "Bwd Pkt Len Min": "39.0",
        "Bwd Pkt Len Mean": "39.0",
        "Bwd Pkt Len Std": "0.0",
        "Flow Byts/s": "39747.63406940063",
        "Flow Pkts/s": "1892.744479495268",
        "Flow IAT Mean": "792.5",
        "Flow IAT Std": "1076.9236277471118",
        "Flow IAT Max": "1554.0",
        "Flow IAT Min": "31.0",
        "Fwd IAT Tot": "31.0",
        "Fwd IAT Mean": "31.0",
        "Fwd IAT Std": "0.0",
        "Fwd IAT Max": "31.0",
        "Fwd IAT Min": "31.0",
        "Bwd IAT Tot": "0",
        "Bwd IAT Mean": "0",
        "Bwd IAT Std": "0",
        "Bwd IAT Max": "0",
        "Bwd IAT Min": "0",
        "Fwd PSH Flags": "0",
        "Bwd PSH Flags": "1",
        "Fwd URG Flags": "0",
        "Bwd URG Flags": "0",
        "Fwd Header Len": "40",
        "Bwd Header Len": "20",
        "Fwd Pkts/s": "1261.8296529968454",
        "Bwd Pkts/s": "630.9148264984227",
        "Pkt Len Min": "0.0",
        "Pkt Len Max": "39.0",
        "Pkt Len Mean": "25.5",
        "Pkt Len Std": "18.411952639521967",
        "Pkt Len Var": "339.0",
        "FIN Flag Cnt": "0",
        "SYN Flag Cnt": "0",
        "RST Flag Cnt": "0",
        "PSH Flag Cnt": "1",
        "ACK Flag Cnt": "1",
        "URG Flag Cnt": "0",
        "CWE Flag Count": "0",
        "ECE Flag Cnt": "0",
        "Down/Up Ratio": "0.0",
        "Pkt Size Avg": "34.0",
        "Fwd Seg Size Avg": "12.0",
        "Bwd Seg Size Avg": "39.0",
        "Fwd Byts/b Avg": "0",
        "Fwd Pkts/b Avg": "0",
        "Fwd Blk Rate Avg": "0",
        "Bwd Byts/b Avg": "0",
        "Bwd Pkts/b Avg": "0",
        "Bwd Blk Rate Avg": "0",
        "Subflow Fwd Pkts": "2",
        "Subflow Fwd Byts": "24",
        "Subflow Bwd Pkts": "1",
        "Subflow Bwd Byts": "39",
        "Init Fwd Win Byts": "-1",
        "Init Bwd Win Byts": "758",
        "Fwd Act Data Pkts": "1",
        "Fwd Seg Size Min": "0",
        "Active Mean": "0",
        "Active Std": "0",
        "Active Max": "0",
        "Active Min": "0",
        "Idle Mean": "0",
        "Idle Std": "0",
        "Idle Max": "0",
        "Idle Min": "0",
        "Label": "No Label"
    },
    {
        "Flow ID": "192.168.3.22-52.20.114.6-52800-443-6",
        "Src IP": "192.168.3.22",
        "Src Port": "52800",
        "Dst IP": "52.20.114.6",
        "Dst Port": "443",
        "Protocol": "6",
        "Timestamp": "24/01/2023 09:41:03 AM",
        "Flow Duration": "1776",
        "Tot Fwd Pkts": "2",
        "Tot Bwd Pkts": "1",
        "TotLen Fwd Pkts": "31.0",
        "TotLen Bwd Pkts": "46.0",
        "Fwd Pkt Len Max": "31.0",
        "Fwd Pkt Len Min": "0.0",
        "Fwd Pkt Len Mean": "15.5",
        "Fwd Pkt Len Std": "21.920310216782973",
        "Bwd Pkt Len Max": "46.0",
        "Bwd Pkt Len Min": "46.0",
        "Bwd Pkt Len Mean": "46.0",
        "Bwd Pkt Len Std": "0.0",
        "Flow Byts/s": "43355.85585585586",
        "Flow Pkts/s": "1689.1891891891892",
        "Flow IAT Mean": "888.0",
        "Flow IAT Std": "1214.8094500784887",
        "Flow IAT Max": "1747.0",
        "Flow IAT Min": "29.0",
        "Fwd IAT Tot": "29.0",
        "Fwd IAT Mean": "29.0",
        "Fwd IAT Std": "0.0",
        "Fwd IAT Max": "29.0",
        "Fwd IAT Min": "29.0",
        "Bwd IAT Tot": "0",
        "Bwd IAT Mean": "0",
        "Bwd IAT Std": "0",
        "Bwd IAT Max": "0",
        "Bwd IAT Min": "0",
        "Fwd PSH Flags": "0",
        "Bwd PSH Flags": "1",
        "Fwd URG Flags": "0",
        "Bwd URG Flags": "0",
        "Fwd Header Len": "64",
        "Bwd Header Len": "32",
        "Fwd Pkts/s": "1126.126126126126",
        "Bwd Pkts/s": "563.063063063063",
        "Pkt Len Min": "0.0",
        "Pkt Len Max": "46.0",
        "Pkt Len Mean": "30.75",
        "Pkt Len Std": "21.68524844220144",
        "Pkt Len Var": "470.25",
        "FIN Flag Cnt": "0",
        "SYN Flag Cnt": "0",
        "RST Flag Cnt": "0",
        "PSH Flag Cnt": "1",
        "ACK Flag Cnt": "1",
        "URG Flag Cnt": "0",
        "CWE Flag Count": "0",
        "ECE Flag Cnt": "0",
        "Down/Up Ratio": "0.0",
        "Pkt Size Avg": "41.0",
        "Fwd Seg Size Avg": "15.5",
        "Bwd Seg Size Avg": "46.0",
        "Fwd Byts/b Avg": "0",
        "Fwd Pkts/b Avg": "0",
        "Fwd Blk Rate Avg": "0",
        "Bwd Byts/b Avg": "0",
        "Bwd Pkts/b Avg": "0",
        "Bwd Blk Rate Avg": "0",
        "Subflow Fwd Pkts": "2",
        "Subflow Fwd Byts": "31",
        "Subflow Bwd Pkts": "1",
        "Subflow Bwd Byts": "46",
        "Init Fwd Win Byts": "-1",
        "Init Bwd Win Byts": "501",
        "Fwd Act Data Pkts": "1",
        "Fwd Seg Size Min": "0",
        "Active Mean": "0",
        "Active Std": "0",
        "Active Max": "0",
        "Active Min": "0",
        "Idle Mean": "0",
        "Idle Std": "0",
        "Idle Max": "0",
        "Idle Min": "0",
        "Label": "No Label"
    },
    {
        "Flow ID": "167.249.160.22-192.168.3.22-443-40192-6",
        "Src IP": "167.249.160.22",
        "Src Port": "443",
        "Dst IP": "192.168.3.22",
        "Dst Port": "40192",
        "Protocol": "6",
        "Timestamp": "24/01/2023 09:41:03 AM",
        "Flow Duration": "493",
        "Tot Fwd Pkts": "2",
        "Tot Bwd Pkts": "1",
        "TotLen Fwd Pkts": "0.0",
        "TotLen Bwd Pkts": "0.0",
        "Fwd Pkt Len Max": "0.0",
        "Fwd Pkt Len Min": "0.0",
        "Fwd Pkt Len Mean": "0.0",
        "Fwd Pkt Len Std": "0.0",
        "Bwd Pkt Len Max": "0.0",
        "Bwd Pkt Len Min": "0.0",
        "Bwd Pkt Len Mean": "0.0",
        "Bwd Pkt Len Std": "0.0",
        "Flow Byts/s": "0.0",
        "Flow Pkts/s": "6085.1926977687635",
        "Flow IAT Mean": "246.5",
        "Flow IAT Std": "84.14570696119915",
        "Flow IAT Max": "306.0",
        "Flow IAT Min": "187.0",
        "Fwd IAT Tot": "187.0",
        "Fwd IAT Mean": "187.0",
        "Fwd IAT Std": "0.0",
        "Fwd IAT Max": "187.0",
        "Fwd IAT Min": "187.0",
        "Bwd IAT Tot": "0",
        "Bwd IAT Mean": "0",
        "Bwd IAT Std": "0",
        "Bwd IAT Max": "0",
        "Bwd IAT Min": "0",
        "Fwd PSH Flags": "0",
        "Bwd PSH Flags": "0",
        "Fwd URG Flags": "0",
        "Bwd URG Flags": "0",
        "Fwd Header Len": "40",
        "Bwd Header Len": "20",
        "Fwd Pkts/s": "4056.795131845842",
        "Bwd Pkts/s": "2028.397565922921",
        "Pkt Len Min": "0.0",
        "Pkt Len Max": "0.0",
        "Pkt Len Mean": "0.0",
        "Pkt Len Std": "0.0",
        "Pkt Len Var": "0.0",
        "FIN Flag Cnt": "0",
        "SYN Flag Cnt": "0",
        "RST Flag Cnt": "0",
        "PSH Flag Cnt": "0",
        "ACK Flag Cnt": "1",
        "URG Flag Cnt": "0",
        "CWE Flag Count": "0",
        "ECE Flag Cnt": "0",
        "Down/Up Ratio": "0.0",
        "Pkt Size Avg": "0.0",
        "Fwd Seg Size Avg": "0.0",
        "Bwd Seg Size Avg": "0.0",
        "Fwd Byts/b Avg": "0",
        "Fwd Pkts/b Avg": "0",
        "Fwd Blk Rate Avg": "0",
        "Bwd Byts/b Avg": "0",
        "Bwd Pkts/b Avg": "0",
        "Bwd Blk Rate Avg": "0",
        "Subflow Fwd Pkts": "2",
        "Subflow Fwd Byts": "0",
        "Subflow Bwd Pkts": "1",
        "Subflow Bwd Byts": "0",
        "Init Fwd Win Byts": "-1",
        "Init Bwd Win Byts": "499",
        "Fwd Act Data Pkts": "0",
        "Fwd Seg Size Min": "0",
        "Active Mean": "0",
        "Active Std": "0",
        "Active Max": "0",
        "Active Min": "0",
        "Idle Mean": "0",
        "Idle Std": "0",
        "Idle Max": "0",
        "Idle Min": "0",
        "Label": "No Label"
    },
    {
        "Flow ID": "192.168.3.22-52.20.114.6-52800-443-6",
        "Src IP": "52.20.114.6",
        "Src Port": "443",
        "Dst IP": "192.168.3.22",
        "Dst Port": "52800",
        "Protocol": "6",
        "Timestamp": "24/01/2023 09:41:03 AM",
        "Flow Duration": "386",
        "Tot Fwd Pkts": "2",
        "Tot Bwd Pkts": "1",
        "TotLen Fwd Pkts": "0.0",
        "TotLen Bwd Pkts": "0.0",
        "Fwd Pkt Len Max": "0.0",
        "Fwd Pkt Len Min": "0.0",
        "Fwd Pkt Len Mean": "0.0",
        "Fwd Pkt Len Std": "0.0",
        "Bwd Pkt Len Max": "0.0",
        "Bwd Pkt Len Min": "0.0",
        "Bwd Pkt Len Mean": "0.0",
        "Bwd Pkt Len Std": "0.0",
        "Flow Byts/s": "0.0",
        "Flow Pkts/s": "7772.020725388601",
        "Flow IAT Mean": "193.0",
        "Flow IAT Std": "15.556349186104045",
        "Flow IAT Max": "204.0",
        "Flow IAT Min": "182.0",
        "Fwd IAT Tot": "182.0",
        "Fwd IAT Mean": "182.0",
        "Fwd IAT Std": "0.0",
        "Fwd IAT Max": "182.0",
        "Fwd IAT Min": "182.0",
        "Bwd IAT Tot": "0",
        "Bwd IAT Mean": "0",
        "Bwd IAT Std": "0",
        "Bwd IAT Max": "0",
        "Bwd IAT Min": "0",
        "Fwd PSH Flags": "0",
        "Bwd PSH Flags": "0",
        "Fwd URG Flags": "0",
        "Bwd URG Flags": "0",
        "Fwd Header Len": "64",
        "Bwd Header Len": "32",
        "Fwd Pkts/s": "5181.347150259067",
        "Bwd Pkts/s": "2590.6735751295337",
        "Pkt Len Min": "0.0",
        "Pkt Len Max": "0.0",
        "Pkt Len Mean": "0.0",
        "Pkt Len Std": "0.0",
        "Pkt Len Var": "0.0",
        "FIN Flag Cnt": "0",
        "SYN Flag Cnt": "0",
        "RST Flag Cnt": "0",
        "PSH Flag Cnt": "0",
        "ACK Flag Cnt": "1",
        "URG Flag Cnt": "0",
        "CWE Flag Count": "0",
        "ECE Flag Cnt": "0",
        "Down/Up Ratio": "0.0",
        "Pkt Size Avg": "0.0",
        "Fwd Seg Size Avg": "0.0",
        "Bwd Seg Size Avg": "0.0",
        "Fwd Byts/b Avg": "0",
        "Fwd Pkts/b Avg": "0",
        "Fwd Blk Rate Avg": "0",
        "Bwd Byts/b Avg": "0",
        "Bwd Pkts/b Avg": "0",
        "Bwd Blk Rate Avg": "0",
        "Subflow Fwd Pkts": "2",
        "Subflow Fwd Byts": "0",
        "Subflow Bwd Pkts": "1",
        "Subflow Bwd Byts": "0",
        "Init Fwd Win Byts": "-1",
        "Init Bwd Win Byts": "139",
        "Fwd Act Data Pkts": "0",
        "Fwd Seg Size Min": "0",
        "Active Mean": "0",
        "Active Std": "0",
        "Active Max": "0",
        "Active Min": "0",
        "Idle Mean": "0",
        "Idle Std": "0",
        "Idle Max": "0",
        "Idle Min": "0",
        "Label": "No Label"
    },
    {
        "Flow ID": "185.184.10.30-192.168.3.22-443-46350-6",
        "Src IP": "185.184.10.30",
        "Src Port": "443",
        "Dst IP": "192.168.3.22",
        "Dst Port": "46350",
        "Protocol": "6",
        "Timestamp": "24/01/2023 09:41:03 AM",
        "Flow Duration": "488",
        "Tot Fwd Pkts": "1",
        "Tot Bwd Pkts": "2",
        "TotLen Fwd Pkts": "0.0",
        "TotLen Bwd Pkts": "24.0",
        "Fwd Pkt Len Max": "0.0",
        "Fwd Pkt Len Min": "0.0",
        "Fwd Pkt Len Mean": "0.0",
        "Fwd Pkt Len Std": "0.0",
        "Bwd Pkt Len Max": "24.0",
        "Bwd Pkt Len Min": "0.0",
        "Bwd Pkt Len Mean": "12.0",
        "Bwd Pkt Len Std": "16.97056274847714",
        "Flow Byts/s": "49180.32786885246",
        "Flow Pkts/s": "6147.540983606557",
        "Flow IAT Mean": "244.0",
        "Flow IAT Std": "267.28636328851496",
        "Flow IAT Max": "433.0",
        "Flow IAT Min": "55.0",
        "Fwd IAT Tot": "0",
        "Fwd IAT Mean": "0",
        "Fwd IAT Std": "0",
        "Fwd IAT Max": "0",
        "Fwd IAT Min": "0",
        "Bwd IAT Tot": "55.0",
        "Bwd IAT Mean": "55.0",
        "Bwd IAT Std": "0.0",
        "Bwd IAT Max": "55.0",
        "Bwd IAT Min": "55.0",
        "Fwd PSH Flags": "0",
        "Bwd PSH Flags": "1",
        "Fwd URG Flags": "0",
        "Bwd URG Flags": "0",
        "Fwd Header Len": "32",
        "Bwd Header Len": "52",
        "Fwd Pkts/s": "2049.1803278688526",
        "Bwd Pkts/s": "4098.360655737705",
        "Pkt Len Min": "0.0",
        "Pkt Len Max": "24.0",
        "Pkt Len Mean": "12.0",
        "Pkt Len Std": "13.856406460551018",
        "Pkt Len Var": "192.0",
        "FIN Flag Cnt": "0",
        "SYN Flag Cnt": "0",
        "RST Flag Cnt": "0",
        "PSH Flag Cnt": "1",
        "ACK Flag Cnt": "1",
        "URG Flag Cnt": "0",
        "CWE Flag Count": "0",
        "ECE Flag Cnt": "0",
        "Down/Up Ratio": "2.0",
        "Pkt Size Avg": "16.0",
        "Fwd Seg Size Avg": "0.0",
        "Bwd Seg Size Avg": "12.0",
        "Fwd Byts/b Avg": "0",
        "Fwd Pkts/b Avg": "0",
        "Fwd Blk Rate Avg": "0",
        "Bwd Byts/b Avg": "0",
        "Bwd Pkts/b Avg": "0",
        "Bwd Blk Rate Avg": "0",
        "Subflow Fwd Pkts": "1",
        "Subflow Fwd Byts": "0",
        "Subflow Bwd Pkts": "2",
        "Subflow Bwd Byts": "24",
        "Init Fwd Win Byts": "-1",
        "Init Bwd Win Byts": "0",
        "Fwd Act Data Pkts": "0",
        "Fwd Seg Size Min": "0",
        "Active Mean": "0",
        "Active Std": "0",
        "Active Max": "0",
        "Active Min": "0",
        "Idle Mean": "0",
        "Idle Std": "0",
        "Idle Max": "0",
        "Idle Min": "0",
        "Label": "No Label"
    },
    {
        "Flow ID": "192.168.3.22-200.147.253.13-47018-443-6",
        "Src IP": "192.168.3.22",
        "Src Port": "47018",
        "Dst IP": "200.147.253.13",
        "Dst Port": "443",
        "Protocol": "6",
        "Timestamp": "24/01/2023 09:41:05 AM",
        "Flow Duration": "306337",
        "Tot Fwd Pkts": "20",
        "Tot Bwd Pkts": "20",
        "TotLen Fwd Pkts": "1132.0",
        "TotLen Bwd Pkts": "41675.0",
        "Fwd Pkt Len Max": "517.0",
        "Fwd Pkt Len Min": "0.0",
        "Fwd Pkt Len Mean": "56.59999999999999",
        "Fwd Pkt Len Std": "155.29510108516826",
        "Bwd Pkt Len Max": "7000.0",
        "Bwd Pkt Len Min": "0.0",
        "Bwd Pkt Len Mean": "2083.75",
        "Bwd Pkt Len Std": "1713.0260352278424",
        "Flow Byts/s": "139738.26211002914",
        "Flow Pkts/s": "130.57515089590873",
        "Flow IAT Mean": "7854.794871794871",
        "Flow IAT Std": "17665.805855826744",
        "Flow IAT Max": "58717.0",
        "Flow IAT Min": "3.0",
        "Fwd IAT Tot": "260156.0",
        "Fwd IAT Mean": "13692.421052631576",
        "Fwd IAT Std": "22003.877446980892",
        "Fwd IAT Max": "58739.0",
        "Fwd IAT Min": "11.0",
        "Bwd IAT Tot": "306337.0",
        "Bwd IAT Mean": "16123.0",
        "Bwd IAT Std": "23820.93377449526",
        "Bwd IAT Max": "60131.0",
        "Bwd IAT Min": "16.0",
        "Fwd PSH Flags": "0",
        "Bwd PSH Flags": "0",
        "Fwd URG Flags": "0",
        "Bwd URG Flags": "0",
        "Fwd Header Len": "640",
        "Bwd Header Len": "656",
        "Fwd Pkts/s": "65.28757544795437",
        "Bwd Pkts/s": "65.28757544795437",
        "Pkt Len Min": "0.0",
        "Pkt Len Max": "7000.0",
        "Pkt Len Mean": "1044.0731707317073",
        "Pkt Len Std": "1568.6270492096567",
        "Pkt Len Var": "2460590.819512195",
        "FIN Flag Cnt": "0",
        "SYN Flag Cnt": "1",
        "RST Flag Cnt": "0",
        "PSH Flag Cnt": "0",
        "ACK Flag Cnt": "0",
        "URG Flag Cnt": "0",
        "CWE Flag Count": "0",
        "ECE Flag Cnt": "0",
        "Down/Up Ratio": "1.0",
        "Pkt Size Avg": "1070.175",
        "Fwd Seg Size Avg": "56.6",
        "Bwd Seg Size Avg": "2083.75",
        "Fwd Byts/b Avg": "0",
        "Fwd Pkts/b Avg": "0",
        "Fwd Blk Rate Avg": "0",
        "Bwd Byts/b Avg": "0",
        "Bwd Pkts/b Avg": "0",
        "Bwd Blk Rate Avg": "0",
        "Subflow Fwd Pkts": "20",
        "Subflow Fwd Byts": "1132",
        "Subflow Bwd Pkts": "20",
        "Subflow Bwd Byts": "41675",
        "Init Fwd Win Byts": "-1",
        "Init Bwd Win Byts": "130",
        "Fwd Act Data Pkts": "3",
        "Fwd Seg Size Min": "0",
        "Active Mean": "0",
        "Active Std": "0",
        "Active Max": "0",
        "Active Min": "0",
        "Idle Mean": "0",
        "Idle Std": "0",
        "Idle Max": "0",
        "Idle Min": "0",
        "Label": "No Label"
    },
    {
        "Flow ID": "192.168.3.22-200.147.253.13-47018-443-6",
        "Src IP": "192.168.3.22",
        "Src Port": "47018",
        "Dst IP": "200.147.253.13",
        "Dst Port": "443",
        "Protocol": "6",
        "Timestamp": "24/01/2023 09:41:06 AM",
        "Flow Duration": "434",
        "Tot Fwd Pkts": "2",
        "Tot Bwd Pkts": "1",
        "TotLen Fwd Pkts": "31.0",
        "TotLen Bwd Pkts": "0.0",
        "Fwd Pkt Len Max": "31.0",
        "Fwd Pkt Len Min": "0.0",
        "Fwd Pkt Len Mean": "15.5",
        "Fwd Pkt Len Std": "21.920310216782973",
        "Bwd Pkt Len Max": "0.0",
        "Bwd Pkt Len Min": "0.0",
        "Bwd Pkt Len Mean": "0.0",
        "Bwd Pkt Len Std": "0.0",
        "Flow Byts/s": "71428.57142857143",
        "Flow Pkts/s": "6912.442396313364",
        "Flow IAT Mean": "217.0",
        "Flow IAT Std": "253.144227664784",
        "Flow IAT Max": "396.0",
        "Flow IAT Min": "38.0",
        "Fwd IAT Tot": "38.0",
        "Fwd IAT Mean": "38.0",
        "Fwd IAT Std": "0.0",
        "Fwd IAT Max": "38.0",
        "Fwd IAT Min": "38.0",
        "Bwd IAT Tot": "0",
        "Bwd IAT Mean": "0",
        "Bwd IAT Std": "0",
        "Bwd IAT Max": "0",
        "Bwd IAT Min": "0",
        "Fwd PSH Flags": "0",
        "Bwd PSH Flags": "0",
        "Fwd URG Flags": "0",
        "Bwd URG Flags": "0",
        "Fwd Header Len": "64",
        "Bwd Header Len": "32",
        "Fwd Pkts/s": "4608.294930875576",
        "Bwd Pkts/s": "2304.147465437788",
        "Pkt Len Min": "0.0",
        "Pkt Len Max": "31.0",
        "Pkt Len Mean": "7.75",
        "Pkt Len Std": "15.500000000000002",
        "Pkt Len Var": "240.25000000000003",
        "FIN Flag Cnt": "0",
        "SYN Flag Cnt": "0",
        "RST Flag Cnt": "0",
        "PSH Flag Cnt": "0",
        "ACK Flag Cnt": "1",
        "URG Flag Cnt": "0",
        "CWE Flag Count": "0",
        "ECE Flag Cnt": "0",
        "Down/Up Ratio": "0.0",
        "Pkt Size Avg": "10.333333333333334",
        "Fwd Seg Size Avg": "15.5",
        "Bwd Seg Size Avg": "0.0",
        "Fwd Byts/b Avg": "0",
        "Fwd Pkts/b Avg": "0",
        "Fwd Blk Rate Avg": "0",
        "Bwd Byts/b Avg": "0",
        "Bwd Pkts/b Avg": "0",
        "Bwd Blk Rate Avg": "0",
        "Subflow Fwd Pkts": "2",
        "Subflow Fwd Byts": "31",
        "Subflow Bwd Pkts": "1",
        "Subflow Bwd Byts": "0",
        "Init Fwd Win Byts": "-1",
        "Init Bwd Win Byts": "594",
        "Fwd Act Data Pkts": "1",
        "Fwd Seg Size Min": "0",
        "Active Mean": "0",
        "Active Std": "0",
        "Active Max": "0",
        "Active Min": "0",
        "Idle Mean": "0",
        "Idle Std": "0",
        "Idle Max": "0",
        "Idle Min": "0",
        "Label": "No Label"
    },
    {
        "Flow ID": "192.168.3.22-200.147.253.13-47028-443-6",
        "Src IP": "192.168.3.22",
        "Src Port": "47028",
        "Dst IP": "200.147.253.13",
        "Dst Port": "443",
        "Protocol": "6",
        "Timestamp": "24/01/2023 09:41:06 AM",
        "Flow Duration": "1614038",
        "Tot Fwd Pkts": "72",
        "Tot Bwd Pkts": "101",
        "TotLen Fwd Pkts": "1214.0",
        "TotLen Bwd Pkts": "172545.0",
        "Fwd Pkt Len Max": "517.0",
        "Fwd Pkt Len Min": "0.0",
        "Fwd Pkt Len Mean": "16.8611111111111",
        "Fwd Pkt Len Std": "81.93063117972792",
        "Bwd Pkt Len Max": "5600.0",
        "Bwd Pkt Len Min": "0.0",
        "Bwd Pkt Len Mean": "1708.3663366336639",
        "Bwd Pkt Len Std": "862.6274598315574",
        "Flow Byts/s": "107654.83836192208",
        "Flow Pkts/s": "107.18458921041511",
        "Flow IAT Mean": "9383.941860465122",
        "Flow IAT Std": "43223.33943961745",
        "Flow IAT Max": "489903.0",
        "Flow IAT Min": "5.0",
        "Fwd IAT Tot": "1568622.0",
        "Fwd IAT Mean": "22093.267605633788",
        "Fwd IAT Std": "70245.16795277153",
        "Fwd IAT Max": "538022.0",
        "Fwd IAT Min": "29.0",
        "Bwd IAT Tot": "1614038.0",
        "Bwd IAT Mean": "16140.380000000006",
        "Bwd IAT Std": "58153.68667743582",
        "Bwd IAT Max": "489903.0",
        "Bwd IAT Min": "11.0",
        "Fwd PSH Flags": "0",
        "Bwd PSH Flags": "0",
        "Fwd URG Flags": "0",
        "Bwd URG Flags": "0",
        "Fwd Header Len": "2304",
        "Bwd Header Len": "3260",
        "Fwd Pkts/s": "44.60861516271612",
        "Bwd Pkts/s": "62.575974047699",
        "Pkt Len Min": "0.0",
        "Pkt Len Max": "5600.0",
        "Pkt Len Mean": "998.6149425287359",
        "Pkt Len Std": "1064.8384913795178",
        "Pkt Len Var": "1133881.0127234072",
        "FIN Flag Cnt": "0",
        "SYN Flag Cnt": "1",
        "RST Flag Cnt": "0",
        "PSH Flag Cnt": "0",
        "ACK Flag Cnt": "0",
        "URG Flag Cnt": "0",
        "CWE Flag Count": "0",
        "ECE Flag Cnt": "0",
        "Down/Up Ratio": "1.0",
        "Pkt Size Avg": "1004.3872832369942",
        "Fwd Seg Size Avg": "16.86111111111111",
        "Bwd Seg Size Avg": "1708.3663366336634",
        "Fwd Byts/b Avg": "0",
        "Fwd Pkts/b Avg": "0",
        "Fwd Blk Rate Avg": "0",
        "Bwd Byts/b Avg": "0",
        "Bwd Pkts/b Avg": "0",
        "Bwd Blk Rate Avg": "0",
        "Subflow Fwd Pkts": "72",
        "Subflow Fwd Byts": "1214",
        "Subflow Bwd Pkts": "101",
        "Subflow Bwd Byts": "172545",
        "Init Fwd Win Byts": "-1",
        "Init Bwd Win Byts": "130",
        "Fwd Act Data Pkts": "4",
        "Fwd Seg Size Min": "0",
        "Active Mean": "0",
        "Active Std": "0",
        "Active Max": "0",
        "Active Min": "0",
        "Idle Mean": "0",
        "Idle Std": "0",
        "Idle Max": "0",
        "Idle Min": "0",
        "Label": "No Label"
    },
    {
        "Flow ID": "192.168.3.22-200.147.253.13-47028-443-6",
        "Src IP": "192.168.3.22",
        "Src Port": "47028",
        "Dst IP": "200.147.253.13",
        "Dst Port": "443",
        "Protocol": "6",
        "Timestamp": "24/01/2023 09:41:07 AM",
        "Flow Duration": "392",
        "Tot Fwd Pkts": "2",
        "Tot Bwd Pkts": "1",
        "TotLen Fwd Pkts": "31.0",
        "TotLen Bwd Pkts": "0.0",
        "Fwd Pkt Len Max": "31.0",
        "Fwd Pkt Len Min": "0.0",
        "Fwd Pkt Len Mean": "15.5",
        "Fwd Pkt Len Std": "21.920310216782973",
        "Bwd Pkt Len Max": "0.0",
        "Bwd Pkt Len Min": "0.0",
        "Bwd Pkt Len Mean": "0.0",
        "Bwd Pkt Len Std": "0.0",
        "Flow Byts/s": "79081.63265306123",
        "Flow Pkts/s": "7653.061224489797",
        "Flow IAT Mean": "196.0",
        "Flow IAT Std": "217.78888860545663",
        "Flow IAT Max": "350.0",
        "Flow IAT Min": "42.0",
        "Fwd IAT Tot": "42.0",
        "Fwd IAT Mean": "42.0",
        "Fwd IAT Std": "0.0",
        "Fwd IAT Max": "42.0",
        "Fwd IAT Min": "42.0",
        "Bwd IAT Tot": "0",
        "Bwd IAT Mean": "0",
        "Bwd IAT Std": "0",
        "Bwd IAT Max": "0",
        "Bwd IAT Min": "0",
        "Fwd PSH Flags": "0",
        "Bwd PSH Flags": "0",
        "Fwd URG Flags": "0",
        "Bwd URG Flags": "0",
        "Fwd Header Len": "64",
        "Bwd Header Len": "32",
        "Fwd Pkts/s": "5102.040816326531",
        "Bwd Pkts/s": "2551.0204081632655",
        "Pkt Len Min": "0.0",
        "Pkt Len Max": "31.0",
        "Pkt Len Mean": "7.75",
        "Pkt Len Std": "15.500000000000002",
        "Pkt Len Var": "240.25000000000003",
        "FIN Flag Cnt": "0",
        "SYN Flag Cnt": "0",
        "RST Flag Cnt": "0",
        "PSH Flag Cnt": "0",
        "ACK Flag Cnt": "1",
        "URG Flag Cnt": "0",
        "CWE Flag Count": "0",
        "ECE Flag Cnt": "0",
        "Down/Up Ratio": "0.0",
        "Pkt Size Avg": "10.333333333333334",
        "Fwd Seg Size Avg": "15.5",
        "Bwd Seg Size Avg": "0.0",
        "Fwd Byts/b Avg": "0",
        "Fwd Pkts/b Avg": "0",
        "Fwd Blk Rate Avg": "0",
        "Bwd Byts/b Avg": "0",
        "Bwd Pkts/b Avg": "0",
        "Bwd Blk Rate Avg": "0",
        "Subflow Fwd Pkts": "2",
        "Subflow Fwd Byts": "31",
        "Subflow Bwd Pkts": "1",
        "Subflow Bwd Byts": "0",
        "Init Fwd Win Byts": "-1",
        "Init Bwd Win Byts": "802",
        "Fwd Act Data Pkts": "1",
        "Fwd Seg Size Min": "0",
        "Active Mean": "0",
        "Active Std": "0",
        "Active Max": "0",
        "Active Min": "0",
        "Idle Mean": "0",
        "Idle Std": "0",
        "Idle Max": "0",
        "Idle Min": "0",
        "Label": "No Label"
    },
    {
        "Flow ID": "192.168.3.22-13.227.97.103-53196-443-6",
        "Src IP": "192.168.3.22",
        "Src Port": "53196",
        "Dst IP": "13.227.97.103",
        "Dst Port": "443",
        "Protocol": "6",
        "Timestamp": "24/01/2023 09:41:03 AM",
        "Flow Duration": "49908",
        "Tot Fwd Pkts": "1",
        "Tot Bwd Pkts": "3",
        "TotLen Fwd Pkts": "0.0",
        "TotLen Bwd Pkts": "78.0",
        "Fwd Pkt Len Max": "0.0",
        "Fwd Pkt Len Min": "0.0",
        "Fwd Pkt Len Mean": "0.0",
        "Fwd Pkt Len Std": "0.0",
        "Bwd Pkt Len Max": "39.0",
        "Bwd Pkt Len Min": "0.0",
        "Bwd Pkt Len Mean": "26.0",
        "Bwd Pkt Len Std": "22.516660498395403",
        "Flow Byts/s": "1562.8756912719402",
        "Flow Pkts/s": "80.147471347279",
        "Flow IAT Mean": "16636.0",
        "Flow IAT Std": "26986.500680895995",
        "Flow IAT Max": "47774.0",
        "Flow IAT Min": "23.0",
        "Fwd IAT Tot": "0",
        "Fwd IAT Mean": "0",
        "Fwd IAT Std": "0",
        "Fwd IAT Max": "0",
        "Fwd IAT Min": "0",
        "Bwd IAT Tot": "49885.0",
        "Bwd IAT Mean": "24942.5",
        "Bwd IAT Std": "32288.61694932132",
        "Bwd IAT Max": "47774.0",
        "Bwd IAT Min": "2111.0",
        "Fwd PSH Flags": "0",
        "Bwd PSH Flags": "1",
        "Fwd URG Flags": "0",
        "Bwd URG Flags": "0",
        "Fwd Header Len": "32",
        "Bwd Header Len": "96",
        "Fwd Pkts/s": "20.03686783681975",
        "Bwd Pkts/s": "60.11060351045924",
        "Pkt Len Min": "0.0",
        "Pkt Len Max": "39.0",
        "Pkt Len Mean": "23.4",
        "Pkt Len Std": "21.361179742701477",
        "Pkt Len Var": "456.29999999999995",
        "FIN Flag Cnt": "0",
        "SYN Flag Cnt": "0",
        "RST Flag Cnt": "0",
        "PSH Flag Cnt": "1",
        "ACK Flag Cnt": "1",
        "URG Flag Cnt": "0",
        "CWE Flag Count": "0",
        "ECE Flag Cnt": "0",
        "Down/Up Ratio": "3.0",
        "Pkt Size Avg": "29.25",
        "Fwd Seg Size Avg": "0.0",
        "Bwd Seg Size Avg": "26.0",
        "Fwd Byts/b Avg": "0",
        "Fwd Pkts/b Avg": "0",
        "Fwd Blk Rate Avg": "0",
        "Bwd Byts/b Avg": "0",
        "Bwd Pkts/b Avg": "0",
        "Bwd Blk Rate Avg": "0",
        "Subflow Fwd Pkts": "1",
        "Subflow Fwd Byts": "0",
        "Subflow Bwd Pkts": "3",
        "Subflow Bwd Byts": "78",
        "Init Fwd Win Byts": "-1",
        "Init Bwd Win Byts": "135",
        "Fwd Act Data Pkts": "0",
        "Fwd Seg Size Min": "0",
        "Active Mean": "0",
        "Active Std": "0",
        "Active Max": "0",
        "Active Min": "0",
        "Idle Mean": "0",
        "Idle Std": "0",
        "Idle Max": "0",
        "Idle Min": "0",
        "Label": "No Label"
    },
    {
        "Flow ID": "192.168.3.22-13.227.97.77-52558-443-6",
        "Src IP": "192.168.3.22",
        "Src Port": "52558",
        "Dst IP": "13.227.97.77",
        "Dst Port": "443",
        "Protocol": "6",
        "Timestamp": "24/01/2023 09:41:03 AM",
        "Flow Duration": "50626",
        "Tot Fwd Pkts": "1",
        "Tot Bwd Pkts": "3",
        "TotLen Fwd Pkts": "0.0",
        "TotLen Bwd Pkts": "78.0",
        "Fwd Pkt Len Max": "0.0",
        "Fwd Pkt Len Min": "0.0",
        "Fwd Pkt Len Mean": "0.0",
        "Fwd Pkt Len Std": "0.0",
        "Bwd Pkt Len Max": "39.0",
        "Bwd Pkt Len Min": "0.0",
        "Bwd Pkt Len Mean": "26.0",
        "Bwd Pkt Len Std": "22.516660498395403",
        "Flow Byts/s": "1540.7103069568998",
        "Flow Pkts/s": "79.0107849721487",
        "Flow IAT Mean": "16875.333333333336",
        "Flow IAT Std": "28682.262887250254",
        "Flow IAT Max": "49993.0",
        "Flow IAT Min": "21.0",
        "Fwd IAT Tot": "0",
        "Fwd IAT Mean": "0",
        "Fwd IAT Std": "0",
        "Fwd IAT Max": "0",
        "Fwd IAT Min": "0",
        "Bwd IAT Tot": "50605.0",
        "Bwd IAT Mean": "25302.5",
        "Bwd IAT Std": "34917.639961772904",
        "Bwd IAT Max": "49993.0",
        "Bwd IAT Min": "612.0",
        "Fwd PSH Flags": "0",
        "Bwd PSH Flags": "1",
        "Fwd URG Flags": "0",
        "Bwd URG Flags": "0",
        "Fwd Header Len": "32",
        "Bwd Header Len": "96",
        "Fwd Pkts/s": "19.752696243037175",
        "Bwd Pkts/s": "59.25808872911153",
        "Pkt Len Min": "0.0",
        "Pkt Len Max": "39.0",
        "Pkt Len Mean": "23.4",
        "Pkt Len Std": "21.361179742701477",
        "Pkt Len Var": "456.29999999999995",
        "FIN Flag Cnt": "0",
        "SYN Flag Cnt": "0",
        "RST Flag Cnt": "0",
        "PSH Flag Cnt": "1",
        "ACK Flag Cnt": "1",
        "URG Flag Cnt": "0",
        "CWE Flag Count": "0",
        "ECE Flag Cnt": "0",
        "Down/Up Ratio": "3.0",
        "Pkt Size Avg": "29.25",
        "Fwd Seg Size Avg": "0.0",
        "Bwd Seg Size Avg": "26.0",
        "Fwd Byts/b Avg": "0",
        "Fwd Pkts/b Avg": "0",
        "Fwd Blk Rate Avg": "0",
        "Bwd Byts/b Avg": "0",
        "Bwd Pkts/b Avg": "0",
        "Bwd Blk Rate Avg": "0",
        "Subflow Fwd Pkts": "1",
        "Subflow Fwd Byts": "0",
        "Subflow Bwd Pkts": "3",
        "Subflow Bwd Byts": "78",
        "Init Fwd Win Byts": "-1",
        "Init Bwd Win Byts": "152",
        "Fwd Act Data Pkts": "0",
        "Fwd Seg Size Min": "0",
        "Active Mean": "0",
        "Active Std": "0",
        "Active Max": "0",
        "Active Min": "0",
        "Idle Mean": "0",
        "Idle Std": "0",
        "Idle Max": "0",
        "Idle Min": "0",
        "Label": "No Label"
    },
    {
        "Flow ID": "192.168.3.22-23.37.228.57-55576-80-6",
        "Src IP": "192.168.3.22",
        "Src Port": "55576",
        "Dst IP": "23.37.228.57",
        "Dst Port": "80",
        "Protocol": "6",
        "Timestamp": "24/01/2023 09:41:04 AM",
        "Flow Duration": "2610",
        "Tot Fwd Pkts": "0",
        "Tot Bwd Pkts": "2",
        "TotLen Fwd Pkts": "0.0",
        "TotLen Bwd Pkts": "0.0",
        "Fwd Pkt Len Max": "0",
        "Fwd Pkt Len Min": "0",
        "Fwd Pkt Len Mean": "0",
        "Fwd Pkt Len Std": "0",
        "Bwd Pkt Len Max": "0.0",
        "Bwd Pkt Len Min": "0.0",
        "Bwd Pkt Len Mean": "0.0",
        "Bwd Pkt Len Std": "0.0",
        "Flow Byts/s": "0.0",
        "Flow Pkts/s": "766.2835249042146",
        "Flow IAT Mean": "2610.0",
        "Flow IAT Std": "0.0",
        "Flow IAT Max": "2610.0",
        "Flow IAT Min": "2610.0",
        "Fwd IAT Tot": "0",
        "Fwd IAT Mean": "0",
        "Fwd IAT Std": "0",
        "Fwd IAT Max": "0",
        "Fwd IAT Min": "0",
        "Bwd IAT Tot": "2610.0",
        "Bwd IAT Mean": "2610.0",
        "Bwd IAT Std": "0.0",
        "Bwd IAT Max": "2610.0",
        "Bwd IAT Min": "2610.0",
        "Fwd PSH Flags": "0",
        "Bwd PSH Flags": "0",
        "Fwd URG Flags": "0",
        "Bwd URG Flags": "0",
        "Fwd Header Len": "0",
        "Bwd Header Len": "64",
        "Fwd Pkts/s": "0.0",
        "Bwd Pkts/s": "766.2835249042146",
        "Pkt Len Min": "0.0",
        "Pkt Len Max": "0.0",
        "Pkt Len Mean": "0.0",
        "Pkt Len Std": "0.0",
        "Pkt Len Var": "0.0",
        "FIN Flag Cnt": "0",
        "SYN Flag Cnt": "0",
        "RST Flag Cnt": "0",
        "PSH Flag Cnt": "0",
        "ACK Flag Cnt": "1",
        "URG Flag Cnt": "0",
        "CWE Flag Count": "0",
        "ECE Flag Cnt": "0",
        "Down/Up Ratio": "0.0",
        "Pkt Size Avg": "0.0",
        "Fwd Seg Size Avg": "0.0",
        "Bwd Seg Size Avg": "0.0",
        "Fwd Byts/b Avg": "0",
        "Fwd Pkts/b Avg": "0",
        "Fwd Blk Rate Avg": "0",
        "Bwd Byts/b Avg": "0",
        "Bwd Pkts/b Avg": "0",
        "Bwd Blk Rate Avg": "0",
        "Subflow Fwd Pkts": "0",
        "Subflow Fwd Byts": "0",
        "Subflow Bwd Pkts": "2",
        "Subflow Bwd Byts": "0",
        "Init Fwd Win Byts": "-1",
        "Init Bwd Win Byts": "501",
        "Fwd Act Data Pkts": "0",
        "Fwd Seg Size Min": "0",
        "Active Mean": "0",
        "Active Std": "0",
        "Active Max": "0",
        "Active Min": "0",
        "Idle Mean": "0",
        "Idle Std": "0",
        "Idle Max": "0",
        "Idle Min": "0",
        "Label": "No Label"
    },
    {
        "Flow ID": "192.168.3.22-13.227.126.129-57948-443-6",
        "Src IP": "192.168.3.22",
        "Src Port": "57948",
        "Dst IP": "13.227.126.129",
        "Dst Port": "443",
        "Protocol": "6",
        "Timestamp": "24/01/2023 09:41:04 AM",
        "Flow Duration": "50446",
        "Tot Fwd Pkts": "1",
        "Tot Bwd Pkts": "3",
        "TotLen Fwd Pkts": "0.0",
        "TotLen Bwd Pkts": "78.0",
        "Fwd Pkt Len Max": "0.0",
        "Fwd Pkt Len Min": "0.0",
        "Fwd Pkt Len Mean": "0.0",
        "Fwd Pkt Len Std": "0.0",
        "Bwd Pkt Len Max": "39.0",
        "Bwd Pkt Len Min": "0.0",
        "Bwd Pkt Len Mean": "26.0",
        "Bwd Pkt Len Std": "22.516660498395403",
        "Flow Byts/s": "1546.2078261903819",
        "Flow Pkts/s": "79.2927090354042",
        "Flow IAT Mean": "16815.333333333336",
        "Flow IAT Std": "27294.811710897244",
        "Flow IAT Max": "48310.0",
        "Flow IAT Min": "33.0",
        "Fwd IAT Tot": "0",
        "Fwd IAT Mean": "0",
        "Fwd IAT Std": "0",
        "Fwd IAT Max": "0",
        "Fwd IAT Min": "0",
        "Bwd IAT Tot": "50413.0",
        "Bwd IAT Mean": "25206.5",
        "Bwd IAT Std": "32673.2830382868",
        "Bwd IAT Max": "48310.0",
        "Bwd IAT Min": "2103.0",
        "Fwd PSH Flags": "0",
        "Bwd PSH Flags": "1",
        "Fwd URG Flags": "0",
        "Bwd URG Flags": "0",
        "Fwd Header Len": "32",
        "Bwd Header Len": "96",
        "Fwd Pkts/s": "19.82317725885105",
        "Bwd Pkts/s": "59.46953177655315",
        "Pkt Len Min": "0.0",
        "Pkt Len Max": "39.0",
        "Pkt Len Mean": "23.4",
        "Pkt Len Std": "21.361179742701477",
        "Pkt Len Var": "456.29999999999995",
        "FIN Flag Cnt": "0",
        "SYN Flag Cnt": "0",
        "RST Flag Cnt": "0",
        "PSH Flag Cnt": "1",
        "ACK Flag Cnt": "1",
        "URG Flag Cnt": "0",
        "CWE Flag Count": "0",
        "ECE Flag Cnt": "0",
        "Down/Up Ratio": "3.0",
        "Pkt Size Avg": "29.25",
        "Fwd Seg Size Avg": "0.0",
        "Bwd Seg Size Avg": "26.0",
        "Fwd Byts/b Avg": "0",
        "Fwd Pkts/b Avg": "0",
        "Fwd Blk Rate Avg": "0",
        "Bwd Byts/b Avg": "0",
        "Bwd Pkts/b Avg": "0",
        "Bwd Blk Rate Avg": "0",
        "Subflow Fwd Pkts": "1",
        "Subflow Fwd Byts": "0",
        "Subflow Bwd Pkts": "3",
        "Subflow Bwd Byts": "78",
        "Init Fwd Win Byts": "-1",
        "Init Bwd Win Byts": "149",
        "Fwd Act Data Pkts": "0",
        "Fwd Seg Size Min": "0",
        "Active Mean": "0",
        "Active Std": "0",
        "Active Max": "0",
        "Active Min": "0",
        "Idle Mean": "0",
        "Idle Std": "0",
        "Idle Max": "0",
        "Idle Min": "0",
        "Label": "No Label"
    },
    {
        "Flow ID": "142.250.219.197-192.168.3.22-443-33436-6",
        "Src IP": "192.168.3.22",
        "Src Port": "33436",
        "Dst IP": "142.250.219.197",
        "Dst Port": "443",
        "Protocol": "6",
        "Timestamp": "24/01/2023 09:41:05 AM",
        "Flow Duration": "2378460",
        "Tot Fwd Pkts": "369",
        "Tot Bwd Pkts": "625",
        "TotLen Fwd Pkts": "43666.0",
        "TotLen Bwd Pkts": "1838999.0",
        "Fwd Pkt Len Max": "5214.0",
        "Fwd Pkt Len Min": "0.0",
        "Fwd Pkt Len Mean": "118.33604336043365",
        "Fwd Pkt Len Std": "550.1559520268839",
        "Bwd Pkt Len Max": "12600.0",
        "Bwd Pkt Len Min": "0.0",
        "Bwd Pkt Len Mean": "2942.398399999999",
        "Bwd Pkt Len Std": "2667.6006096298293",
        "Flow Byts/s": "791547.8923336949",
        "Flow Pkts/s": "417.91747601389136",
        "Flow IAT Mean": "2395.2265861027213",
        "Flow IAT Std": "11743.634170488287",
        "Flow IAT Max": "284328.0",
        "Flow IAT Min": "0.0",
        "Fwd IAT Tot": "2288073.0",
        "Fwd IAT Mean": "6217.58967391304",
        "Fwd IAT Std": "21038.586230036806",
        "Fwd IAT Max": "332249.0",
        "Fwd IAT Min": "2.0",
        "Bwd IAT Tot": "2378460.0",
        "Bwd IAT Mean": "3811.6346153846175",
        "Bwd IAT Std": "15468.300511490974",
        "Bwd IAT Max": "284328.0",
        "Bwd IAT Min": "0.0",
        "Fwd PSH Flags": "0",
        "Bwd PSH Flags": "1",
        "Fwd URG Flags": "0",
        "Bwd URG Flags": "0",
        "Fwd Header Len": "16488",
        "Bwd Header Len": "20000",
        "Fwd Pkts/s": "155.1424030675311",
        "Bwd Pkts/s": "262.77507294636024",
        "Pkt Len Min": "0.0",
        "Pkt Len Max": "12600.0",
        "Pkt Len Mean": "1894.4271356783913",
        "Pkt Len Std": "2537.920526149239",
        "Pkt Len Var": "6441040.59704963",
        "FIN Flag Cnt": "0",
        "SYN Flag Cnt": "0",
        "RST Flag Cnt": "0",
        "PSH Flag Cnt": "1",
        "ACK Flag Cnt": "1",
        "URG Flag Cnt": "0",
        "CWE Flag Count": "0",
        "ECE Flag Cnt": "0",
        "Down/Up Ratio": "1.0",
        "Pkt Size Avg": "1896.3329979879275",
        "Fwd Seg Size Avg": "118.3360433604336",
        "Bwd Seg Size Avg": "2942.3984",
        "Fwd Byts/b Avg": "0",
        "Fwd Pkts/b Avg": "0",
        "Fwd Blk Rate Avg": "0",
        "Bwd Byts/b Avg": "0",
        "Bwd Pkts/b Avg": "0",
        "Bwd Blk Rate Avg": "0",
        "Subflow Fwd Pkts": "369",
        "Subflow Fwd Byts": "43666",
        "Subflow Bwd Pkts": "625",
        "Subflow Bwd Byts": "1838999",
        "Init Fwd Win Byts": "-1",
        "Init Bwd Win Byts": "1045",
        "Fwd Act Data Pkts": "46",
        "Fwd Seg Size Min": "0",
        "Active Mean": "0",
        "Active Std": "0",
        "Active Max": "0",
        "Active Min": "0",
        "Idle Mean": "0",
        "Idle Std": "0",
        "Idle Max": "0",
        "Idle Min": "0",
        "Label": "No Label"
    },
    {
        "Flow ID": "192.168.3.22-13.227.97.128-48130-443-6",
        "Src IP": "192.168.3.22",
        "Src Port": "48130",
        "Dst IP": "13.227.97.128",
        "Dst Port": "443",
        "Protocol": "6",
        "Timestamp": "24/01/2023 09:41:03 AM",
        "Flow Duration": "47614",
        "Tot Fwd Pkts": "1",
        "Tot Bwd Pkts": "3",
        "TotLen Fwd Pkts": "0.0",
        "TotLen Bwd Pkts": "78.0",
        "Fwd Pkt Len Max": "0.0",
        "Fwd Pkt Len Min": "0.0",
        "Fwd Pkt Len Mean": "0.0",
        "Fwd Pkt Len Std": "0.0",
        "Bwd Pkt Len Max": "39.0",
        "Bwd Pkt Len Min": "0.0",
        "Bwd Pkt Len Mean": "26.0",
        "Bwd Pkt Len Std": "22.516660498395403",
        "Flow Byts/s": "1638.1736464065193",
        "Flow Pkts/s": "84.00890494392407",
        "Flow IAT Mean": "15871.333333333332",
        "Flow IAT Std": "27447.52069556253",
        "Flow IAT Max": "47565.0",
        "Flow IAT Min": "21.0",
        "Fwd IAT Tot": "0",
        "Fwd IAT Mean": "0",
        "Fwd IAT Std": "0",
        "Fwd IAT Max": "0",
        "Fwd IAT Min": "0",
        "Bwd IAT Tot": "47593.0",
        "Bwd IAT Mean": "23796.5",
        "Bwd IAT Std": "33613.73505726491",
        "Bwd IAT Max": "47565.0",
        "Bwd IAT Min": "28.0",
        "Fwd PSH Flags": "0",
        "Bwd PSH Flags": "1",
        "Fwd URG Flags": "0",
        "Bwd URG Flags": "0",
        "Fwd Header Len": "32",
        "Bwd Header Len": "96",
        "Fwd Pkts/s": "21.002226235981016",
        "Bwd Pkts/s": "63.006678707943045",
        "Pkt Len Min": "0.0",
        "Pkt Len Max": "39.0",
        "Pkt Len Mean": "23.4",
        "Pkt Len Std": "21.361179742701477",
        "Pkt Len Var": "456.29999999999995",
        "FIN Flag Cnt": "0",
        "SYN Flag Cnt": "0",
        "RST Flag Cnt": "0",
        "PSH Flag Cnt": "1",
        "ACK Flag Cnt": "1",
        "URG Flag Cnt": "0",
        "CWE Flag Count": "0",
        "ECE Flag Cnt": "0",
        "Down/Up Ratio": "3.0",
        "Pkt Size Avg": "29.25",
        "Fwd Seg Size Avg": "0.0",
        "Bwd Seg Size Avg": "26.0",
        "Fwd Byts/b Avg": "0",
        "Fwd Pkts/b Avg": "0",
        "Fwd Blk Rate Avg": "0",
        "Bwd Byts/b Avg": "0",
        "Bwd Pkts/b Avg": "0",
        "Bwd Blk Rate Avg": "0",
        "Subflow Fwd Pkts": "1",
        "Subflow Fwd Byts": "0",
        "Subflow Bwd Pkts": "3",
        "Subflow Bwd Byts": "78",
        "Init Fwd Win Byts": "-1",
        "Init Bwd Win Byts": "133",
        "Fwd Act Data Pkts": "0",
        "Fwd Seg Size Min": "0",
        "Active Mean": "0",
        "Active Std": "0",
        "Active Max": "0",
        "Active Min": "0",
        "Idle Mean": "0",
        "Idle Std": "0",
        "Idle Max": "0",
        "Idle Min": "0",
        "Label": "No Label"
    },
    {
        "Flow ID": "142.250.219.225-192.168.3.22-443-46898-17",
        "Src IP": "192.168.3.22",
        "Src Port": "46898",
        "Dst IP": "142.250.219.225",
        "Dst Port": "443",
        "Protocol": "17",
        "Timestamp": "24/01/2023 09:41:05 AM",
        "Flow Duration": "341561",
        "Tot Fwd Pkts": "74",
        "Tot Bwd Pkts": "220",
        "TotLen Fwd Pkts": "5088.0",
        "TotLen Bwd Pkts": "261057.0",
        "Fwd Pkt Len Max": "1250.0",
        "Fwd Pkt Len Min": "33.0",
        "Fwd Pkt Len Mean": "68.75675675675676",
        "Fwd Pkt Len Std": "157.7098784973175",
        "Bwd Pkt Len Max": "1250.0",
        "Bwd Pkt Len Min": "25.0",
        "Bwd Pkt Len Mean": "1186.6227272727272",
        "Bwd Pkt Len Std": "245.37133992844693",
        "Flow Byts/s": "779201.9580689833",
        "Flow Pkts/s": "860.7540088007705",
        "Flow IAT Mean": "1165.7372013651875",
        "Flow IAT Std": "4844.685820695527",
        "Flow IAT Max": "46787.0",
        "Flow IAT Min": "0.0",
        "Fwd IAT Tot": "271624.0",
        "Fwd IAT Mean": "3720.8767123287657",
        "Fwd IAT Std": "7540.802996485935",
        "Fwd IAT Max": "47002.0",
        "Fwd IAT Min": "20.0",
        "Bwd IAT Tot": "341561.0",
        "Bwd IAT Mean": "1559.639269406393",
        "Bwd IAT Std": "6191.133016647837",
        "Bwd IAT Max": "52260.0",
        "Bwd IAT Min": "0.0",
        "Fwd PSH Flags": "0",
        "Bwd PSH Flags": "0",
        "Fwd URG Flags": "0",
        "Bwd URG Flags": "0",
        "Fwd Header Len": "592",
        "Bwd Header Len": "1760",
        "Fwd Pkts/s": "216.65236956209873",
        "Bwd Pkts/s": "644.1016392386719",
        "Pkt Len Min": "25.0",
        "Pkt Len Max": "1250.0",
        "Pkt Len Mean": "906.423728813559",
        "Pkt Len Std": "535.5281264928672",
        "Pkt Len Var": "286790.37426496035",
        "FIN Flag Cnt": "0",
        "SYN Flag Cnt": "0",
        "RST Flag Cnt": "0",
        "PSH Flag Cnt": "0",
        "ACK Flag Cnt": "0",
        "URG Flag Cnt": "0",
        "CWE Flag Count": "0",
        "ECE Flag Cnt": "0",
        "Down/Up Ratio": "2.0",
        "Pkt Size Avg": "909.5068027210884",
        "Fwd Seg Size Avg": "68.75675675675676",
        "Bwd Seg Size Avg": "1186.6227272727272",
        "Fwd Byts/b Avg": "0",
        "Fwd Pkts/b Avg": "0",
        "Fwd Blk Rate Avg": "0",
        "Bwd Byts/b Avg": "0",
        "Bwd Pkts/b Avg": "0",
        "Bwd Blk Rate Avg": "0",
        "Subflow Fwd Pkts": "74",
        "Subflow Fwd Byts": "5088",
        "Subflow Bwd Pkts": "220",
        "Subflow Bwd Byts": "261057",
        "Init Fwd Win Byts": "-1",
        "Init Bwd Win Byts": "-1",
        "Fwd Act Data Pkts": "74",
        "Fwd Seg Size Min": "0",
        "Active Mean": "0",
        "Active Std": "0",
        "Active Max": "0",
        "Active Min": "0",
        "Idle Mean": "0",
        "Idle Std": "0",
        "Idle Max": "0",
        "Idle Min": "0",
        "Label": "No Label"
    },
    {
        "Flow ID": "192.168.3.22-13.227.126.37-56046-443-6",
        "Src IP": "192.168.3.22",
        "Src Port": "56046",
        "Dst IP": "13.227.126.37",
        "Dst Port": "443",
        "Protocol": "6",
        "Timestamp": "24/01/2023 09:41:06 AM",
        "Flow Duration": "86607",
        "Tot Fwd Pkts": "1",
        "Tot Bwd Pkts": "3",
        "TotLen Fwd Pkts": "0.0",
        "TotLen Bwd Pkts": "78.0",
        "Fwd Pkt Len Max": "0.0",
        "Fwd Pkt Len Min": "0.0",
        "Fwd Pkt Len Mean": "0.0",
        "Fwd Pkt Len Std": "0.0",
        "Bwd Pkt Len Max": "39.0",
        "Bwd Pkt Len Min": "0.0",
        "Bwd Pkt Len Mean": "26.0",
        "Bwd Pkt Len Std": "22.516660498395403",
        "Flow Byts/s": "900.6200422598635",
        "Flow Pkts/s": "46.185643192813515",
        "Flow IAT Mean": "28869.0",
        "Flow IAT Std": "24683.668831841023",
        "Flow IAT Max": "43491.0",
        "Flow IAT Min": "370.0",
        "Fwd IAT Tot": "0",
        "Fwd IAT Mean": "0",
        "Fwd IAT Std": "0",
        "Fwd IAT Max": "0",
        "Fwd IAT Min": "0",
        "Bwd IAT Tot": "43861.0",
        "Bwd IAT Mean": "21930.5",
        "Bwd IAT Std": "30491.151511545115",
        "Bwd IAT Max": "43491.0",
        "Bwd IAT Min": "370.0",
        "Fwd PSH Flags": "0",
        "Bwd PSH Flags": "1",
        "Fwd URG Flags": "0",
        "Bwd URG Flags": "0",
        "Fwd Header Len": "32",
        "Bwd Header Len": "96",
        "Fwd Pkts/s": "11.546410798203379",
        "Bwd Pkts/s": "34.63923239461013",
        "Pkt Len Min": "0.0",
        "Pkt Len Max": "39.0",
        "Pkt Len Mean": "23.4",
        "Pkt Len Std": "21.361179742701477",
        "Pkt Len Var": "456.29999999999995",
        "FIN Flag Cnt": "0",
        "SYN Flag Cnt": "0",
        "RST Flag Cnt": "0",
        "PSH Flag Cnt": "1",
        "ACK Flag Cnt": "1",
        "URG Flag Cnt": "0",
        "CWE Flag Count": "0",
        "ECE Flag Cnt": "0",
        "Down/Up Ratio": "3.0",
        "Pkt Size Avg": "29.25",
        "Fwd Seg Size Avg": "0.0",
        "Bwd Seg Size Avg": "26.0",
        "Fwd Byts/b Avg": "0",
        "Fwd Pkts/b Avg": "0",
        "Fwd Blk Rate Avg": "0",
        "Bwd Byts/b Avg": "0",
        "Bwd Pkts/b Avg": "0",
        "Bwd Blk Rate Avg": "0",
        "Subflow Fwd Pkts": "1",
        "Subflow Fwd Byts": "0",
        "Subflow Bwd Pkts": "3",
        "Subflow Bwd Byts": "78",
        "Init Fwd Win Byts": "-1",
        "Init Bwd Win Byts": "133",
        "Fwd Act Data Pkts": "0",
        "Fwd Seg Size Min": "0",
        "Active Mean": "0",
        "Active Std": "0",
        "Active Max": "0",
        "Active Min": "0",
        "Idle Mean": "0",
        "Idle Std": "0",
        "Idle Max": "0",
        "Idle Min": "0",
        "Label": "No Label"
    },
    {
        "Flow ID": "192.168.3.22-13.227.97.71-46528-443-6",
        "Src IP": "192.168.3.22",
        "Src Port": "46528",
        "Dst IP": "13.227.97.71",
        "Dst Port": "443",
        "Protocol": "6",
        "Timestamp": "24/01/2023 09:41:05 AM",
        "Flow Duration": "43664",
        "Tot Fwd Pkts": "1",
        "Tot Bwd Pkts": "2",
        "TotLen Fwd Pkts": "0.0",
        "TotLen Bwd Pkts": "78.0",
        "Fwd Pkt Len Max": "0.0",
        "Fwd Pkt Len Min": "0.0",
        "Fwd Pkt Len Mean": "0.0",
        "Fwd Pkt Len Std": "0.0",
        "Bwd Pkt Len Max": "39.0",
        "Bwd Pkt Len Min": "39.0",
        "Bwd Pkt Len Mean": "39.0",
        "Bwd Pkt Len Std": "0.0",
        "Flow Byts/s": "1786.3686331989738",
        "Flow Pkts/s": "68.70648589226823",
        "Flow IAT Mean": "21832.0",
        "Flow IAT Std": "30860.96835810568",
        "Flow IAT Max": "43654.0",
        "Flow IAT Min": "10.0",
        "Fwd IAT Tot": "0",
        "Fwd IAT Mean": "0",
        "Fwd IAT Std": "0",
        "Fwd IAT Max": "0",
        "Fwd IAT Min": "0",
        "Bwd IAT Tot": "43654.0",
        "Bwd IAT Mean": "43654.0",
        "Bwd IAT Std": "0.0",
        "Bwd IAT Max": "43654.0",
        "Bwd IAT Min": "43654.0",
        "Fwd PSH Flags": "0",
        "Bwd PSH Flags": "1",
        "Fwd URG Flags": "0",
        "Bwd URG Flags": "0",
        "Fwd Header Len": "32",
        "Bwd Header Len": "64",
        "Fwd Pkts/s": "22.90216196408941",
        "Bwd Pkts/s": "45.80432392817882",
        "Pkt Len Min": "0.0",
        "Pkt Len Max": "39.0",
        "Pkt Len Mean": "29.25",
        "Pkt Len Std": "19.5",
        "Pkt Len Var": "380.25",
        "FIN Flag Cnt": "0",
        "SYN Flag Cnt": "0",
        "RST Flag Cnt": "0",
        "PSH Flag Cnt": "1",
        "ACK Flag Cnt": "1",
        "URG Flag Cnt": "0",
        "CWE Flag Count": "0",
        "ECE Flag Cnt": "0",
        "Down/Up Ratio": "2.0",
        "Pkt Size Avg": "39.0",
        "Fwd Seg Size Avg": "0.0",
        "Bwd Seg Size Avg": "39.0",
        "Fwd Byts/b Avg": "0",
        "Fwd Pkts/b Avg": "0",
        "Fwd Blk Rate Avg": "0",
        "Bwd Byts/b Avg": "0",
        "Bwd Pkts/b Avg": "0",
        "Bwd Blk Rate Avg": "0",
        "Subflow Fwd Pkts": "1",
        "Subflow Fwd Byts": "0",
        "Subflow Bwd Pkts": "2",
        "Subflow Bwd Byts": "78",
        "Init Fwd Win Byts": "-1",
        "Init Bwd Win Byts": "247",
        "Fwd Act Data Pkts": "0",
        "Fwd Seg Size Min": "0",
        "Active Mean": "0",
        "Active Std": "0",
        "Active Max": "0",
        "Active Min": "0",
        "Idle Mean": "0",
        "Idle Std": "0",
        "Idle Max": "0",
        "Idle Min": "0",
        "Label": "No Label"
    },
    {
        "Flow ID": "192.168.3.22-13.227.97.87-39394-443-6",
        "Src IP": "192.168.3.22",
        "Src Port": "39394",
        "Dst IP": "13.227.97.87",
        "Dst Port": "443",
        "Protocol": "6",
        "Timestamp": "24/01/2023 09:41:03 AM",
        "Flow Duration": "51653",
        "Tot Fwd Pkts": "1",
        "Tot Bwd Pkts": "3",
        "TotLen Fwd Pkts": "0.0",
        "TotLen Bwd Pkts": "78.0",
        "Fwd Pkt Len Max": "0.0",
        "Fwd Pkt Len Min": "0.0",
        "Fwd Pkt Len Mean": "0.0",
        "Fwd Pkt Len Std": "0.0",
        "Bwd Pkt Len Max": "39.0",
        "Bwd Pkt Len Min": "0.0",
        "Bwd Pkt Len Mean": "26.0",
        "Bwd Pkt Len Std": "22.516660498395403",
        "Flow Byts/s": "1510.0768590401333",
        "Flow Pkts/s": "77.43983892513504",
        "Flow IAT Mean": "17217.666666666664",
        "Flow IAT Std": "29312.18049434967",
        "Flow IAT Max": "51063.0",
        "Flow IAT Min": "23.0",
        "Fwd IAT Tot": "0",
        "Fwd IAT Mean": "0",
        "Fwd IAT Std": "0",
        "Fwd IAT Max": "0",
        "Fwd IAT Min": "0",
        "Bwd IAT Tot": "51630.0",
        "Bwd IAT Mean": "25815.0",
        "Bwd IAT Std": "35706.0640227959",
        "Bwd IAT Max": "51063.0",
        "Bwd IAT Min": "567.0",
        "Fwd PSH Flags": "0",
        "Bwd PSH Flags": "1",
        "Fwd URG Flags": "0",
        "Bwd URG Flags": "0",
        "Fwd Header Len": "32",
        "Bwd Header Len": "96",
        "Fwd Pkts/s": "19.35995973128376",
        "Bwd Pkts/s": "58.079879193851276",
        "Pkt Len Min": "0.0",
        "Pkt Len Max": "39.0",
        "Pkt Len Mean": "23.4",
        "Pkt Len Std": "21.361179742701477",
        "Pkt Len Var": "456.29999999999995",
        "FIN Flag Cnt": "0",
        "SYN Flag Cnt": "0",
        "RST Flag Cnt": "0",
        "PSH Flag Cnt": "1",
        "ACK Flag Cnt": "1",
        "URG Flag Cnt": "0",
        "CWE Flag Count": "0",
        "ECE Flag Cnt": "0",
        "Down/Up Ratio": "3.0",
        "Pkt Size Avg": "29.25",
        "Fwd Seg Size Avg": "0.0",
        "Bwd Seg Size Avg": "26.0",
        "Fwd Byts/b Avg": "0",
        "Fwd Pkts/b Avg": "0",
        "Fwd Blk Rate Avg": "0",
        "Bwd Byts/b Avg": "0",
        "Bwd Pkts/b Avg": "0",
        "Bwd Blk Rate Avg": "0",
        "Subflow Fwd Pkts": "1",
        "Subflow Fwd Byts": "0",
        "Subflow Bwd Pkts": "3",
        "Subflow Bwd Byts": "78",
        "Init Fwd Win Byts": "-1",
        "Init Bwd Win Byts": "135",
        "Fwd Act Data Pkts": "0",
        "Fwd Seg Size Min": "0",
        "Active Mean": "0",
        "Active Std": "0",
        "Active Max": "0",
        "Active Min": "0",
        "Idle Mean": "0",
        "Idle Std": "0",
        "Idle Max": "0",
        "Idle Min": "0",
        "Label": "No Label"
    },
    {
        "Flow ID": "172.217.29.14-192.168.3.22-443-43474-17",
        "Src IP": "192.168.3.22",
        "Src Port": "43474",
        "Dst IP": "172.217.29.14",
        "Dst Port": "443",
        "Protocol": "17",
        "Timestamp": "24/01/2023 09:41:06 AM",
        "Flow Duration": "1187627",
        "Tot Fwd Pkts": "3",
        "Tot Bwd Pkts": "5",
        "TotLen Fwd Pkts": "101.0",
        "TotLen Bwd Pkts": "1961.0",
        "Fwd Pkt Len Max": "35.0",
        "Fwd Pkt Len Min": "33.0",
        "Fwd Pkt Len Mean": "33.666666666666664",
        "Fwd Pkt Len Std": "1.1547005383792515",
        "Bwd Pkt Len Max": "1131.0",
        "Bwd Pkt Len Min": "25.0",
        "Bwd Pkt Len Mean": "392.19999999999993",
        "Bwd Pkt Len Std": "461.40838744002036",
        "Flow Byts/s": "1736.235366828137",
        "Flow Pkts/s": "6.736121694774538",
        "Flow IAT Mean": "169661.0",
        "Flow IAT Std": "382327.07226012653",
        "Flow IAT Max": "1035567.0",
        "Flow IAT Min": "25.0",
        "Fwd IAT Tot": "1065014.0",
        "Fwd IAT Mean": "532507.0",
        "Fwd IAT Std": "712115.925624473",
        "Fwd IAT Max": "1036049.0",
        "Fwd IAT Min": "28965.0",
        "Bwd IAT Tot": "1187627.0",
        "Bwd IAT Mean": "296906.75",
        "Bwd IAT Std": "512807.8148886936",
        "Bwd IAT Max": "1064829.0",
        "Bwd IAT Min": "25.0",
        "Fwd PSH Flags": "0",
        "Bwd PSH Flags": "0",
        "Fwd URG Flags": "0",
        "Bwd URG Flags": "0",
        "Fwd Header Len": "24",
        "Bwd Header Len": "40",
        "Fwd Pkts/s": "2.5260456355404517",
        "Bwd Pkts/s": "4.210076059234086",
        "Pkt Len Min": "25.0",
        "Pkt Len Max": "1131.0",
        "Pkt Len Mean": "287.55555555555554",
        "Pkt Len Std": "380.2269424669664",
        "Pkt Len Var": "144572.52777777778",
        "FIN Flag Cnt": "0",
        "SYN Flag Cnt": "0",
        "RST Flag Cnt": "0",
        "PSH Flag Cnt": "0",
        "ACK Flag Cnt": "0",
        "URG Flag Cnt": "0",
        "CWE Flag Count": "0",
        "ECE Flag Cnt": "0",
        "Down/Up Ratio": "1.0",
        "Pkt Size Avg": "323.5",
        "Fwd Seg Size Avg": "33.666666666666664",
        "Bwd Seg Size Avg": "392.2",
        "Fwd Byts/b Avg": "0",
        "Fwd Pkts/b Avg": "0",
        "Fwd Blk Rate Avg": "0",
        "Bwd Byts/b Avg": "0",
        "Bwd Pkts/b Avg": "0",
        "Bwd Blk Rate Avg": "0",
        "Subflow Fwd Pkts": "3",
        "Subflow Fwd Byts": "101",
        "Subflow Bwd Pkts": "5",
        "Subflow Bwd Byts": "1961",
        "Init Fwd Win Byts": "-1",
        "Init Bwd Win Byts": "-1",
        "Fwd Act Data Pkts": "3",
        "Fwd Seg Size Min": "0",
        "Active Mean": "0",
        "Active Std": "0",
        "Active Max": "0",
        "Active Min": "0",
        "Idle Mean": "0",
        "Idle Std": "0",
        "Idle Max": "0",
        "Idle Min": "0",
        "Label": "No Label"
    },
    {
        "Flow ID": "192.168.3.22-13.227.126.29-44342-443-6",
        "Src IP": "192.168.3.22",
        "Src Port": "44342",
        "Dst IP": "13.227.126.29",
        "Dst Port": "443",
        "Protocol": "6",
        "Timestamp": "24/01/2023 09:41:04 AM",
        "Flow Duration": "45912",
        "Tot Fwd Pkts": "1",
        "Tot Bwd Pkts": "3",
        "TotLen Fwd Pkts": "0.0",
        "TotLen Bwd Pkts": "78.0",
        "Fwd Pkt Len Max": "0.0",
        "Fwd Pkt Len Min": "0.0",
        "Fwd Pkt Len Mean": "0.0",
        "Fwd Pkt Len Std": "0.0",
        "Bwd Pkt Len Max": "39.0",
        "Bwd Pkt Len Min": "0.0",
        "Bwd Pkt Len Mean": "26.0",
        "Bwd Pkt Len Std": "22.516660498395403",
        "Flow Byts/s": "1698.9022477783585",
        "Flow Pkts/s": "87.12319219376198",
        "Flow IAT Mean": "15304.0",
        "Flow IAT Std": "24469.322364953223",
        "Flow IAT Max": "43527.0",
        "Flow IAT Min": "33.0",
        "Fwd IAT Tot": "0",
        "Fwd IAT Mean": "0",
        "Fwd IAT Std": "0",
        "Fwd IAT Max": "0",
        "Fwd IAT Min": "0",
        "Bwd IAT Tot": "45879.0",
        "Bwd IAT Mean": "22939.5",
        "Bwd IAT Std": "29115.121715356094",
        "Bwd IAT Max": "43527.0",
        "Bwd IAT Min": "2352.0",
        "Fwd PSH Flags": "0",
        "Bwd PSH Flags": "1",
        "Fwd URG Flags": "0",
        "Bwd URG Flags": "0",
        "Fwd Header Len": "32",
        "Bwd Header Len": "96",
        "Fwd Pkts/s": "21.780798048440495",
        "Bwd Pkts/s": "65.34239414532148",
        "Pkt Len Min": "0.0",
        "Pkt Len Max": "39.0",
        "Pkt Len Mean": "23.4",
        "Pkt Len Std": "21.361179742701477",
        "Pkt Len Var": "456.29999999999995",
        "FIN Flag Cnt": "0",
        "SYN Flag Cnt": "0",
        "RST Flag Cnt": "0",
        "PSH Flag Cnt": "1",
        "ACK Flag Cnt": "1",
        "URG Flag Cnt": "0",
        "CWE Flag Count": "0",
        "ECE Flag Cnt": "0",
        "Down/Up Ratio": "3.0",
        "Pkt Size Avg": "29.25",
        "Fwd Seg Size Avg": "0.0",
        "Bwd Seg Size Avg": "26.0",
        "Fwd Byts/b Avg": "0",
        "Fwd Pkts/b Avg": "0",
        "Fwd Blk Rate Avg": "0",
        "Bwd Byts/b Avg": "0",
        "Bwd Pkts/b Avg": "0",
        "Bwd Blk Rate Avg": "0",
        "Subflow Fwd Pkts": "1",
        "Subflow Fwd Byts": "0",
        "Subflow Bwd Pkts": "3",
        "Subflow Bwd Byts": "78",
        "Init Fwd Win Byts": "-1",
        "Init Bwd Win Byts": "133",
        "Fwd Act Data Pkts": "0",
        "Fwd Seg Size Min": "0",
        "Active Mean": "0",
        "Active Std": "0",
        "Active Max": "0",
        "Active Min": "0",
        "Idle Mean": "0",
        "Idle Std": "0",
        "Idle Max": "0",
        "Idle Min": "0",
        "Label": "No Label"
    },
    {
        "Flow ID": "192.168.3.1-192.168.3.22-53-53356-17",
        "Src IP": "192.168.3.22",
        "Src Port": "53356",
        "Dst IP": "192.168.3.1",
        "Dst Port": "53",
        "Protocol": "17",
        "Timestamp": "24/01/2023 09:41:05 AM",
        "Flow Duration": "108906",
        "Tot Fwd Pkts": "0",
        "Tot Bwd Pkts": "2",
        "TotLen Fwd Pkts": "0.0",
        "TotLen Bwd Pkts": "126.0",
        "Fwd Pkt Len Max": "0",
        "Fwd Pkt Len Min": "0",
        "Fwd Pkt Len Mean": "0",
        "Fwd Pkt Len Std": "0",
        "Bwd Pkt Len Max": "90.0",
        "Bwd Pkt Len Min": "36.0",
        "Bwd Pkt Len Mean": "63.0",
        "Bwd Pkt Len Std": "38.18376618407357",
        "Flow Byts/s": "1156.9610489780177",
        "Flow Pkts/s": "18.36446109488917",
        "Flow IAT Mean": "108906.0",
        "Flow IAT Std": "0.0",
        "Flow IAT Max": "108906.0",
        "Flow IAT Min": "108906.0",
        "Fwd IAT Tot": "0",
        "Fwd IAT Mean": "0",
        "Fwd IAT Std": "0",
        "Fwd IAT Max": "0",
        "Fwd IAT Min": "0",
        "Bwd IAT Tot": "108906.0",
        "Bwd IAT Mean": "108906.0",
        "Bwd IAT Std": "0.0",
        "Bwd IAT Max": "108906.0",
        "Bwd IAT Min": "108906.0",
        "Fwd PSH Flags": "0",
        "Bwd PSH Flags": "0",
        "Fwd URG Flags": "0",
        "Bwd URG Flags": "0",
        "Fwd Header Len": "0",
        "Bwd Header Len": "16",
        "Fwd Pkts/s": "0.0",
        "Bwd Pkts/s": "18.36446109488917",
        "Pkt Len Min": "36.0",
        "Pkt Len Max": "90.0",
        "Pkt Len Mean": "54.0",
        "Pkt Len Std": "31.176914536239792",
        "Pkt Len Var": "972.0",
        "FIN Flag Cnt": "0",
        "SYN Flag Cnt": "0",
        "RST Flag Cnt": "0",
        "PSH Flag Cnt": "0",
        "ACK Flag Cnt": "0",
        "URG Flag Cnt": "0",
        "CWE Flag Count": "0",
        "ECE Flag Cnt": "0",
        "Down/Up Ratio": "0.0",
        "Pkt Size Avg": "81.0",
        "Fwd Seg Size Avg": "0.0",
        "Bwd Seg Size Avg": "63.0",
        "Fwd Byts/b Avg": "0",
        "Fwd Pkts/b Avg": "0",
        "Fwd Blk Rate Avg": "0",
        "Bwd Byts/b Avg": "0",
        "Bwd Pkts/b Avg": "0",
        "Bwd Blk Rate Avg": "0",
        "Subflow Fwd Pkts": "0",
        "Subflow Fwd Byts": "0",
        "Subflow Bwd Pkts": "2",
        "Subflow Bwd Byts": "126",
        "Init Fwd Win Byts": "-1",
        "Init Bwd Win Byts": "-1",
        "Fwd Act Data Pkts": "0",
        "Fwd Seg Size Min": "0",
        "Active Mean": "0",
        "Active Std": "0",
        "Active Max": "0",
        "Active Min": "0",
        "Idle Mean": "0",
        "Idle Std": "0",
        "Idle Max": "0",
        "Idle Min": "0",
        "Label": "No Label"
    },
    {
        "Flow ID": "192.168.3.22-200.147.253.13-42090-443-6",
        "Src IP": "192.168.3.22",
        "Src Port": "42090",
        "Dst IP": "200.147.253.13",
        "Dst Port": "443",
        "Protocol": "6",
        "Timestamp": "24/01/2023 09:41:07 AM",
        "Flow Duration": "635809",
        "Tot Fwd Pkts": "53",
        "Tot Bwd Pkts": "52",
        "TotLen Fwd Pkts": "1088.0",
        "TotLen Bwd Pkts": "141584.0",
        "Fwd Pkt Len Max": "517.0",
        "Fwd Pkt Len Min": "0.0",
        "Fwd Pkt Len Mean": "20.52830188679245",
        "Fwd Pkt Len Std": "93.9368862943431",
        "Bwd Pkt Len Max": "7000.0",
        "Bwd Pkt Len Min": "0.0",
        "Bwd Pkt Len Mean": "2722.769230769231",
        "Bwd Pkt Len Std": "1603.0360363811699",
        "Flow Byts/s": "224394.43291932013",
        "Flow Pkts/s": "165.143934735117",
        "Flow IAT Mean": "6113.548076923078",
        "Flow IAT Std": "14805.839993076343",
        "Flow IAT Max": "54008.0",
        "Flow IAT Min": "5.0",
        "Fwd IAT Tot": "590000.0",
        "Fwd IAT Mean": "11346.153846153844",
        "Fwd IAT Std": "20694.51661614417",
        "Fwd IAT Max": "90765.0",
        "Fwd IAT Min": "12.0",
        "Bwd IAT Tot": "635800.0",
        "Bwd IAT Mean": "12466.666666666666",
        "Bwd IAT Std": "20848.175518895332",
        "Bwd IAT Max": "61072.0",
        "Bwd IAT Min": "14.0",
        "Fwd PSH Flags": "0",
        "Bwd PSH Flags": "0",
        "Fwd URG Flags": "0",
        "Bwd URG Flags": "0",
        "Fwd Header Len": "1696",
        "Bwd Header Len": "1680",
        "Fwd Pkts/s": "83.35836705677335",
        "Bwd Pkts/s": "81.78556767834365",
        "Pkt Len Min": "0.0",
        "Pkt Len Max": "7000.0",
        "Pkt Len Mean": "1345.9622641509432",
        "Pkt Len Std": "1759.3466640422885",
        "Pkt Len Var": "3095300.6842767294",
        "FIN Flag Cnt": "0",
        "SYN Flag Cnt": "1",
        "RST Flag Cnt": "0",
        "PSH Flag Cnt": "0",
        "ACK Flag Cnt": "0",
        "URG Flag Cnt": "0",
        "CWE Flag Count": "0",
        "ECE Flag Cnt": "0",
        "Down/Up Ratio": "0.0",
        "Pkt Size Avg": "1358.7809523809524",
        "Fwd Seg Size Avg": "20.528301886792452",
        "Bwd Seg Size Avg": "2722.769230769231",
        "Fwd Byts/b Avg": "0",
        "Fwd Pkts/b Avg": "0",
        "Fwd Blk Rate Avg": "0",
        "Bwd Byts/b Avg": "0",
        "Bwd Pkts/b Avg": "0",
        "Bwd Blk Rate Avg": "0",
        "Subflow Fwd Pkts": "53",
        "Subflow Fwd Byts": "1088",
        "Subflow Bwd Pkts": "52",
        "Subflow Bwd Byts": "141584",
        "Init Fwd Win Byts": "-1",
        "Init Bwd Win Byts": "130",
        "Fwd Act Data Pkts": "3",
        "Fwd Seg Size Min": "0",
        "Active Mean": "0",
        "Active Std": "0",
        "Active Max": "0",
        "Active Min": "0",
        "Idle Mean": "0",
        "Idle Std": "0",
        "Idle Max": "0",
        "Idle Min": "0",
        "Label": "No Label"
    },
    {
        "Flow ID": "172.217.173.110-192.168.3.22-443-52895-17",
        "Src IP": "192.168.3.22",
        "Src Port": "52895",
        "Dst IP": "172.217.173.110",
        "Dst Port": "443",
        "Protocol": "17",
        "Timestamp": "24/01/2023 09:41:03 AM",
        "Flow Duration": "3359115",
        "Tot Fwd Pkts": "273",
        "Tot Bwd Pkts": "55",
        "TotLen Fwd Pkts": "307738.0",
        "TotLen Bwd Pkts": "6361.0",
        "Fwd Pkt Len Max": "1250.0",
        "Fwd Pkt Len Min": "34.0",
        "Fwd Pkt Len Mean": "1127.245421245422",
        "Fwd Pkt Len Std": "354.74460861455015",
        "Bwd Pkt Len Max": "681.0",
        "Bwd Pkt Len Min": "25.0",
        "Bwd Pkt Len Mean": "115.65454545454548",
        "Bwd Pkt Len Std": "207.72071868183247",
        "Flow Byts/s": "93506.47417548967",
        "Flow Pkts/s": "97.64476655309508",
        "Flow IAT Mean": "10272.522935779813",
        "Flow IAT Std": "72412.26640176662",
        "Flow IAT Max": "894357.0",
        "Flow IAT Min": "4.0",
        "Fwd IAT Tot": "3314604.0",
        "Fwd IAT Mean": "12186.044117647052",
        "Fwd IAT Std": "82148.68035412527",
        "Fwd IAT Max": "938100.0",
        "Fwd IAT Min": "9.0",
        "Bwd IAT Tot": "3341843.0",
        "Bwd IAT Mean": "61885.98148148149",
        "Bwd IAT Std": "188594.20856536363",
        "Bwd IAT Max": "1007450.0",
        "Bwd IAT Min": "4.0",
        "Fwd PSH Flags": "0",
        "Bwd PSH Flags": "0",
        "Fwd URG Flags": "0",
        "Bwd URG Flags": "0",
        "Fwd Header Len": "2184",
        "Bwd Header Len": "440",
        "Fwd Pkts/s": "81.27140630791146",
        "Bwd Pkts/s": "16.373360245183626",
        "Pkt Len Min": "25.0",
        "Pkt Len Max": "1250.0",
        "Pkt Len Mean": "954.8115501519759",
        "Pkt Len Std": "506.82762835720314",
        "Pkt Len Var": "256874.24486618725",
        "FIN Flag Cnt": "0",
        "SYN Flag Cnt": "0",
        "RST Flag Cnt": "0",
        "PSH Flag Cnt": "0",
        "ACK Flag Cnt": "0",
        "URG Flag Cnt": "0",
        "CWE Flag Count": "0",
        "ECE Flag Cnt": "0",
        "Down/Up Ratio": "0.0",
        "Pkt Size Avg": "957.7225609756098",
        "Fwd Seg Size Avg": "1127.2454212454213",
        "Bwd Seg Size Avg": "115.65454545454546",
        "Fwd Byts/b Avg": "0",
        "Fwd Pkts/b Avg": "0",
        "Fwd Blk Rate Avg": "0",
        "Bwd Byts/b Avg": "0",
        "Bwd Pkts/b Avg": "0",
        "Bwd Blk Rate Avg": "0",
        "Subflow Fwd Pkts": "273",
        "Subflow Fwd Byts": "307738",
        "Subflow Bwd Pkts": "55",
        "Subflow Bwd Byts": "6361",
        "Init Fwd Win Byts": "-1",
        "Init Bwd Win Byts": "-1",
        "Fwd Act Data Pkts": "273",
        "Fwd Seg Size Min": "0",
        "Active Mean": "0",
        "Active Std": "0",
        "Active Max": "0",
        "Active Min": "0",
        "Idle Mean": "0",
        "Idle Std": "0",
        "Idle Max": "0",
        "Idle Min": "0",
        "Label": "No Label"
    },
    {
        "Flow ID": "178.128.135.233-192.168.3.22-443-41882-6",
        "Src IP": "192.168.3.22",
        "Src Port": "41882",
        "Dst IP": "178.128.135.233",
        "Dst Port": "443",
        "Protocol": "6",
        "Timestamp": "24/01/2023 09:41:07 AM",
        "Flow Duration": "95927",
        "Tot Fwd Pkts": "0",
        "Tot Bwd Pkts": "2",
        "TotLen Fwd Pkts": "0.0",
        "TotLen Bwd Pkts": "0.0",
        "Fwd Pkt Len Max": "0",
        "Fwd Pkt Len Min": "0",
        "Fwd Pkt Len Mean": "0",
        "Fwd Pkt Len Std": "0",
        "Bwd Pkt Len Max": "0.0",
        "Bwd Pkt Len Min": "0.0",
        "Bwd Pkt Len Mean": "0.0",
        "Bwd Pkt Len Std": "0.0",
        "Flow Byts/s": "0.0",
        "Flow Pkts/s": "20.849187402920972",
        "Flow IAT Mean": "95927.0",
        "Flow IAT Std": "0.0",
        "Flow IAT Max": "95927.0",
        "Flow IAT Min": "95927.0",
        "Fwd IAT Tot": "0",
        "Fwd IAT Mean": "0",
        "Fwd IAT Std": "0",
        "Fwd IAT Max": "0",
        "Fwd IAT Min": "0",
        "Bwd IAT Tot": "95927.0",
        "Bwd IAT Mean": "95927.0",
        "Bwd IAT Std": "0.0",
        "Bwd IAT Max": "95927.0",
        "Bwd IAT Min": "95927.0",
        "Fwd PSH Flags": "0",
        "Bwd PSH Flags": "0",
        "Fwd URG Flags": "0",
        "Bwd URG Flags": "0",
        "Fwd Header Len": "0",
        "Bwd Header Len": "64",
        "Fwd Pkts/s": "0.0",
        "Bwd Pkts/s": "20.849187402920972",
        "Pkt Len Min": "0.0",
        "Pkt Len Max": "0.0",
        "Pkt Len Mean": "0.0",
        "Pkt Len Std": "0.0",
        "Pkt Len Var": "0.0",
        "FIN Flag Cnt": "0",
        "SYN Flag Cnt": "0",
        "RST Flag Cnt": "0",
        "PSH Flag Cnt": "0",
        "ACK Flag Cnt": "1",
        "URG Flag Cnt": "0",
        "CWE Flag Count": "0",
        "ECE Flag Cnt": "0",
        "Down/Up Ratio": "0.0",
        "Pkt Size Avg": "0.0",
        "Fwd Seg Size Avg": "0.0",
        "Bwd Seg Size Avg": "0.0",
        "Fwd Byts/b Avg": "0",
        "Fwd Pkts/b Avg": "0",
        "Fwd Blk Rate Avg": "0",
        "Bwd Byts/b Avg": "0",
        "Bwd Pkts/b Avg": "0",
        "Bwd Blk Rate Avg": "0",
        "Subflow Fwd Pkts": "0",
        "Subflow Fwd Byts": "0",
        "Subflow Bwd Pkts": "2",
        "Subflow Bwd Byts": "0",
        "Init Fwd Win Byts": "-1",
        "Init Bwd Win Byts": "501",
        "Fwd Act Data Pkts": "0",
        "Fwd Seg Size Min": "0",
        "Active Mean": "0",
        "Active Std": "0",
        "Active Max": "0",
        "Active Min": "0",
        "Idle Mean": "0",
        "Idle Std": "0",
        "Idle Max": "0",
        "Idle Min": "0",
        "Label": "No Label"
    },
    {
        "Flow ID": "192.168.3.22-200.147.160.22-59076-443-6",
        "Src IP": "192.168.3.22",
        "Src Port": "59076",
        "Dst IP": "200.147.160.22",
        "Dst Port": "443",
        "Protocol": "6",
        "Timestamp": "24/01/2023 09:41:04 AM",
        "Flow Duration": "91273",
        "Tot Fwd Pkts": "1",
        "Tot Bwd Pkts": "2",
        "TotLen Fwd Pkts": "0.0",
        "TotLen Bwd Pkts": "92.0",
        "Fwd Pkt Len Max": "0.0",
        "Fwd Pkt Len Min": "0.0",
        "Fwd Pkt Len Mean": "0.0",
        "Fwd Pkt Len Std": "0.0",
        "Bwd Pkt Len Max": "46.0",
        "Bwd Pkt Len Min": "46.0",
        "Bwd Pkt Len Mean": "46.0",
        "Bwd Pkt Len Std": "0.0",
        "Flow Byts/s": "1007.9651156420847",
        "Flow Pkts/s": "32.86842768398102",
        "Flow IAT Mean": "45636.5",
        "Flow IAT Std": "6940.2530573459635",
        "Flow IAT Max": "50544.0",
        "Flow IAT Min": "40729.0",
        "Fwd IAT Tot": "0",
        "Fwd IAT Mean": "0",
        "Fwd IAT Std": "0",
        "Fwd IAT Max": "0",
        "Fwd IAT Min": "0",
        "Bwd IAT Tot": "50544.0",
        "Bwd IAT Mean": "50544.0",
        "Bwd IAT Std": "0.0",
        "Bwd IAT Max": "50544.0",
        "Bwd IAT Min": "50544.0",
        "Fwd PSH Flags": "0",
        "Bwd PSH Flags": "1",
        "Fwd URG Flags": "0",
        "Bwd URG Flags": "0",
        "Fwd Header Len": "32",
        "Bwd Header Len": "64",
        "Fwd Pkts/s": "10.956142561327008",
        "Bwd Pkts/s": "21.912285122654016",
        "Pkt Len Min": "0.0",
        "Pkt Len Max": "46.0",
        "Pkt Len Mean": "34.5",
        "Pkt Len Std": "23.0",
        "Pkt Len Var": "529.0",
        "FIN Flag Cnt": "0",
        "SYN Flag Cnt": "0",
        "RST Flag Cnt": "0",
        "PSH Flag Cnt": "1",
        "ACK Flag Cnt": "1",
        "URG Flag Cnt": "0",
        "CWE Flag Count": "0",
        "ECE Flag Cnt": "0",
        "Down/Up Ratio": "2.0",
        "Pkt Size Avg": "46.0",
        "Fwd Seg Size Avg": "0.0",
        "Bwd Seg Size Avg": "46.0",
        "Fwd Byts/b Avg": "0",
        "Fwd Pkts/b Avg": "0",
        "Fwd Blk Rate Avg": "0",
        "Bwd Byts/b Avg": "0",
        "Bwd Pkts/b Avg": "0",
        "Bwd Blk Rate Avg": "0",
        "Subflow Fwd Pkts": "1",
        "Subflow Fwd Byts": "0",
        "Subflow Bwd Pkts": "2",
        "Subflow Bwd Byts": "92",
        "Init Fwd Win Byts": "-1",
        "Init Bwd Win Byts": "296",
        "Fwd Act Data Pkts": "0",
        "Fwd Seg Size Min": "0",
        "Active Mean": "0",
        "Active Std": "0",
        "Active Max": "0",
        "Active Min": "0",
        "Idle Mean": "0",
        "Idle Std": "0",
        "Idle Max": "0",
        "Idle Min": "0",
        "Label": "No Label"
    },
    {
        "Flow ID": "185.184.10.30-192.168.3.22-443-46350-6",
        "Src IP": "192.168.3.22",
        "Src Port": "46350",
        "Dst IP": "185.184.10.30",
        "Dst Port": "443",
        "Protocol": "6",
        "Timestamp": "24/01/2023 09:41:03 AM",
        "Flow Duration": "577",
        "Tot Fwd Pkts": "0",
        "Tot Bwd Pkts": "3",
        "TotLen Fwd Pkts": "0.0",
        "TotLen Bwd Pkts": "0.0",
        "Fwd Pkt Len Max": "0",
        "Fwd Pkt Len Min": "0",
        "Fwd Pkt Len Mean": "0",
        "Fwd Pkt Len Std": "0",
        "Bwd Pkt Len Max": "0.0",
        "Bwd Pkt Len Min": "0.0",
        "Bwd Pkt Len Mean": "0.0",
        "Bwd Pkt Len Std": "0.0",
        "Flow Byts/s": "0.0",
        "Flow Pkts/s": "5199.306759098787",
        "Flow IAT Mean": "288.5",
        "Flow IAT Std": "381.1305550595491",
        "Flow IAT Max": "558.0",
        "Flow IAT Min": "19.0",
        "Fwd IAT Tot": "0",
        "Fwd IAT Mean": "0",
        "Fwd IAT Std": "0",
        "Fwd IAT Max": "0",
        "Fwd IAT Min": "0",
        "Bwd IAT Tot": "577.0",
        "Bwd IAT Mean": "288.5",
        "Bwd IAT Std": "381.1305550595491",
        "Bwd IAT Max": "558.0",
        "Bwd IAT Min": "19.0",
        "Fwd PSH Flags": "0",
        "Bwd PSH Flags": "0",
        "Fwd URG Flags": "0",
        "Bwd URG Flags": "0",
        "Fwd Header Len": "0",
        "Bwd Header Len": "60",
        "Fwd Pkts/s": "0.0",
        "Bwd Pkts/s": "5199.306759098787",
        "Pkt Len Min": "0.0",
        "Pkt Len Max": "0.0",
        "Pkt Len Mean": "0.0",
        "Pkt Len Std": "0.0",
        "Pkt Len Var": "0.0",
        "FIN Flag Cnt": "0",
        "SYN Flag Cnt": "0",
        "RST Flag Cnt": "1",
        "PSH Flag Cnt": "0",
        "ACK Flag Cnt": "0",
        "URG Flag Cnt": "0",
        "CWE Flag Count": "0",
        "ECE Flag Cnt": "0",
        "Down/Up Ratio": "0.0",
        "Pkt Size Avg": "0.0",
        "Fwd Seg Size Avg": "0.0",
        "Bwd Seg Size Avg": "0.0",
        "Fwd Byts/b Avg": "0",
        "Fwd Pkts/b Avg": "0",
        "Fwd Blk Rate Avg": "0",
        "Bwd Byts/b Avg": "0",
        "Bwd Pkts/b Avg": "0",
        "Bwd Blk Rate Avg": "0",
        "Subflow Fwd Pkts": "0",
        "Subflow Fwd Byts": "0",
        "Subflow Bwd Pkts": "3",
        "Subflow Bwd Byts": "0",
        "Init Fwd Win Byts": "-1",
        "Init Bwd Win Byts": "0",
        "Fwd Act Data Pkts": "0",
        "Fwd Seg Size Min": "0",
        "Active Mean": "0",
        "Active Std": "0",
        "Active Max": "0",
        "Active Min": "0",
        "Idle Mean": "0",
        "Idle Std": "0",
        "Idle Max": "0",
        "Idle Min": "0",
        "Label": "No Label"
    },
    {
        "Flow ID": "192.168.3.22-200.147.253.13-47028-443-6",
        "Src IP": "200.147.253.13",
        "Src Port": "443",
        "Dst IP": "192.168.3.22",
        "Dst Port": "47028",
        "Protocol": "6",
        "Timestamp": "24/01/2023 09:41:07 AM",
        "Flow Duration": "331",
        "Tot Fwd Pkts": "1",
        "Tot Bwd Pkts": "1",
        "TotLen Fwd Pkts": "0.0",
        "TotLen Bwd Pkts": "0.0",
        "Fwd Pkt Len Max": "0.0",
        "Fwd Pkt Len Min": "0.0",
        "Fwd Pkt Len Mean": "0.0",
        "Fwd Pkt Len Std": "0.0",
        "Bwd Pkt Len Max": "0.0",
        "Bwd Pkt Len Min": "0.0",
        "Bwd Pkt Len Mean": "0.0",
        "Bwd Pkt Len Std": "0.0",
        "Flow Byts/s": "0.0",
        "Flow Pkts/s": "6042.296072507553",
        "Flow IAT Mean": "331.0",
        "Flow IAT Std": "0.0",
        "Flow IAT Max": "331.0",
        "Flow IAT Min": "331.0",
        "Fwd IAT Tot": "0",
        "Fwd IAT Mean": "0",
        "Fwd IAT Std": "0",
        "Fwd IAT Max": "0",
        "Fwd IAT Min": "0",
        "Bwd IAT Tot": "0",
        "Bwd IAT Mean": "0",
        "Bwd IAT Std": "0",
        "Bwd IAT Max": "0",
        "Bwd IAT Min": "0",
        "Fwd PSH Flags": "0",
        "Bwd PSH Flags": "0",
        "Fwd URG Flags": "0",
        "Bwd URG Flags": "0",
        "Fwd Header Len": "20",
        "Bwd Header Len": "20",
        "Fwd Pkts/s": "3021.1480362537764",
        "Bwd Pkts/s": "3021.1480362537764",
        "Pkt Len Min": "0.0",
        "Pkt Len Max": "0.0",
        "Pkt Len Mean": "0.0",
        "Pkt Len Std": "0.0",
        "Pkt Len Var": "0.0",
        "FIN Flag Cnt": "0",
        "SYN Flag Cnt": "0",
        "RST Flag Cnt": "1",
        "PSH Flag Cnt": "0",
        "ACK Flag Cnt": "0",
        "URG Flag Cnt": "0",
        "CWE Flag Count": "0",
        "ECE Flag Cnt": "0",
        "Down/Up Ratio": "1.0",
        "Pkt Size Avg": "0.0",
        "Fwd Seg Size Avg": "0.0",
        "Bwd Seg Size Avg": "0.0",
        "Fwd Byts/b Avg": "0",
        "Fwd Pkts/b Avg": "0",
        "Fwd Blk Rate Avg": "0",
        "Bwd Byts/b Avg": "0",
        "Bwd Pkts/b Avg": "0",
        "Bwd Blk Rate Avg": "0",
        "Subflow Fwd Pkts": "1",
        "Subflow Fwd Byts": "0",
        "Subflow Bwd Pkts": "1",
        "Subflow Bwd Byts": "0",
        "Init Fwd Win Byts": "-1",
        "Init Bwd Win Byts": "0",
        "Fwd Act Data Pkts": "0",
        "Fwd Seg Size Min": "0",
        "Active Mean": "0",
        "Active Std": "0",
        "Active Max": "0",
        "Active Min": "0",
        "Idle Mean": "0",
        "Idle Std": "0",
        "Idle Max": "0",
        "Idle Min": "0",
        "Label": "No Label"
    },
    {
        "Flow ID": "192.168.3.22-200.147.253.13-47018-443-6",
        "Src IP": "200.147.253.13",
        "Src Port": "443",
        "Dst IP": "192.168.3.22",
        "Dst Port": "47018",
        "Protocol": "6",
        "Timestamp": "24/01/2023 09:41:06 AM",
        "Flow Duration": "179",
        "Tot Fwd Pkts": "1",
        "Tot Bwd Pkts": "1",
        "TotLen Fwd Pkts": "0.0",
        "TotLen Bwd Pkts": "0.0",
        "Fwd Pkt Len Max": "0.0",
        "Fwd Pkt Len Min": "0.0",
        "Fwd Pkt Len Mean": "0.0",
        "Fwd Pkt Len Std": "0.0",
        "Bwd Pkt Len Max": "0.0",
        "Bwd Pkt Len Min": "0.0",
        "Bwd Pkt Len Mean": "0.0",
        "Bwd Pkt Len Std": "0.0",
        "Flow Byts/s": "0.0",
        "Flow Pkts/s": "11173.1843575419",
        "Flow IAT Mean": "179.0",
        "Flow IAT Std": "0.0",
        "Flow IAT Max": "179.0",
        "Flow IAT Min": "179.0",
        "Fwd IAT Tot": "0",
        "Fwd IAT Mean": "0",
        "Fwd IAT Std": "0",
        "Fwd IAT Max": "0",
        "Fwd IAT Min": "0",
        "Bwd IAT Tot": "0",
        "Bwd IAT Mean": "0",
        "Bwd IAT Std": "0",
        "Bwd IAT Max": "0",
        "Bwd IAT Min": "0",
        "Fwd PSH Flags": "0",
        "Bwd PSH Flags": "0",
        "Fwd URG Flags": "0",
        "Bwd URG Flags": "0",
        "Fwd Header Len": "20",
        "Bwd Header Len": "20",
        "Fwd Pkts/s": "5586.59217877095",
        "Bwd Pkts/s": "5586.59217877095",
        "Pkt Len Min": "0.0",
        "Pkt Len Max": "0.0",
        "Pkt Len Mean": "0.0",
        "Pkt Len Std": "0.0",
        "Pkt Len Var": "0.0",
        "FIN Flag Cnt": "0",
        "SYN Flag Cnt": "0",
        "RST Flag Cnt": "1",
        "PSH Flag Cnt": "0",
        "ACK Flag Cnt": "0",
        "URG Flag Cnt": "0",
        "CWE Flag Count": "0",
        "ECE Flag Cnt": "0",
        "Down/Up Ratio": "1.0",
        "Pkt Size Avg": "0.0",
        "Fwd Seg Size Avg": "0.0",
        "Bwd Seg Size Avg": "0.0",
        "Fwd Byts/b Avg": "0",
        "Fwd Pkts/b Avg": "0",
        "Fwd Blk Rate Avg": "0",
        "Bwd Byts/b Avg": "0",
        "Bwd Pkts/b Avg": "0",
        "Bwd Blk Rate Avg": "0",
        "Subflow Fwd Pkts": "1",
        "Subflow Fwd Byts": "0",
        "Subflow Bwd Pkts": "1",
        "Subflow Bwd Byts": "0",
        "Init Fwd Win Byts": "-1",
        "Init Bwd Win Byts": "0",
        "Fwd Act Data Pkts": "0",
        "Fwd Seg Size Min": "0",
        "Active Mean": "0",
        "Active Std": "0",
        "Active Max": "0",
        "Active Min": "0",
        "Idle Mean": "0",
        "Idle Std": "0",
        "Idle Max": "0",
        "Idle Min": "0",
        "Label": "No Label"
    },
    {
        "Flow ID": "192.168.3.22-200.147.3.186-39088-443-6",
        "Src IP": "192.168.3.22",
        "Src Port": "39088",
        "Dst IP": "200.147.3.186",
        "Dst Port": "443",
        "Protocol": "6",
        "Timestamp": "24/01/2023 09:41:04 AM",
        "Flow Duration": "95305",
        "Tot Fwd Pkts": "1",
        "Tot Bwd Pkts": "3",
        "TotLen Fwd Pkts": "0.0",
        "TotLen Bwd Pkts": "78.0",
        "Fwd Pkt Len Max": "0.0",
        "Fwd Pkt Len Min": "0.0",
        "Fwd Pkt Len Mean": "0.0",
        "Fwd Pkt Len Std": "0.0",
        "Bwd Pkt Len Max": "39.0",
        "Bwd Pkt Len Min": "0.0",
        "Bwd Pkt Len Mean": "26.0",
        "Bwd Pkt Len Std": "22.516660498395403",
        "Flow Byts/s": "818.4250563978804",
        "Flow Pkts/s": "41.97051571271182",
        "Flow IAT Mean": "31768.333333333332",
        "Flow IAT Std": "27476.015437711005",
        "Flow IAT Max": "51241.0",
        "Flow IAT Min": "340.0",
        "Fwd IAT Tot": "0",
        "Fwd IAT Mean": "0",
        "Fwd IAT Std": "0",
        "Fwd IAT Max": "0",
        "Fwd IAT Min": "0",
        "Bwd IAT Tot": "51581.0",
        "Bwd IAT Mean": "25790.5",
        "Bwd IAT Std": "35992.442269176456",
        "Bwd IAT Max": "51241.0",
        "Bwd IAT Min": "340.0",
        "Fwd PSH Flags": "0",
        "Bwd PSH Flags": "1",
        "Fwd URG Flags": "0",
        "Bwd URG Flags": "0",
        "Fwd Header Len": "32",
        "Bwd Header Len": "96",
        "Fwd Pkts/s": "10.492628928177956",
        "Bwd Pkts/s": "31.477886784533865",
        "Pkt Len Min": "0.0",
        "Pkt Len Max": "39.0",
        "Pkt Len Mean": "23.4",
        "Pkt Len Std": "21.361179742701477",
        "Pkt Len Var": "456.29999999999995",
        "FIN Flag Cnt": "0",
        "SYN Flag Cnt": "0",
        "RST Flag Cnt": "0",
        "PSH Flag Cnt": "1",
        "ACK Flag Cnt": "1",
        "URG Flag Cnt": "0",
        "CWE Flag Count": "0",
        "ECE Flag Cnt": "0",
        "Down/Up Ratio": "3.0",
        "Pkt Size Avg": "29.25",
        "Fwd Seg Size Avg": "0.0",
        "Bwd Seg Size Avg": "26.0",
        "Fwd Byts/b Avg": "0",
        "Fwd Pkts/b Avg": "0",
        "Fwd Blk Rate Avg": "0",
        "Bwd Byts/b Avg": "0",
        "Bwd Pkts/b Avg": "0",
        "Bwd Blk Rate Avg": "0",
        "Subflow Fwd Pkts": "1",
        "Subflow Fwd Byts": "0",
        "Subflow Bwd Pkts": "3",
        "Subflow Bwd Byts": "78",
        "Init Fwd Win Byts": "-1",
        "Init Bwd Win Byts": "62",
        "Fwd Act Data Pkts": "0",
        "Fwd Seg Size Min": "0",
        "Active Mean": "0",
        "Active Std": "0",
        "Active Max": "0",
        "Active Min": "0",
        "Idle Mean": "0",
        "Idle Std": "0",
        "Idle Max": "0",
        "Idle Min": "0",
        "Label": "No Label"
    },
    {
        "Flow ID": "192.168.3.22-13.227.126.29-44356-443-6",
        "Src IP": "192.168.3.22",
        "Src Port": "44356",
        "Dst IP": "13.227.126.29",
        "Dst Port": "443",
        "Protocol": "6",
        "Timestamp": "24/01/2023 09:41:04 AM",
        "Flow Duration": "48190",
        "Tot Fwd Pkts": "1",
        "Tot Bwd Pkts": "3",
        "TotLen Fwd Pkts": "0.0",
        "TotLen Bwd Pkts": "78.0",
        "Fwd Pkt Len Max": "0.0",
        "Fwd Pkt Len Min": "0.0",
        "Fwd Pkt Len Mean": "0.0",
        "Fwd Pkt Len Std": "0.0",
        "Bwd Pkt Len Max": "39.0",
        "Bwd Pkt Len Min": "0.0",
        "Bwd Pkt Len Mean": "26.0",
        "Bwd Pkt Len Std": "22.516660498395403",
        "Flow Byts/s": "1618.5930691014735",
        "Flow Pkts/s": "83.00477277443454",
        "Flow IAT Mean": "16063.333333333332",
        "Flow IAT Std": "26055.038712950194",
        "Flow IAT Max": "46127.0",
        "Flow IAT Min": "33.0",
        "Fwd IAT Tot": "0",
        "Fwd IAT Mean": "0",
        "Fwd IAT Std": "0",
        "Fwd IAT Max": "0",
        "Fwd IAT Min": "0",
        "Bwd IAT Tot": "48157.0",
        "Bwd IAT Mean": "24078.5",
        "Bwd IAT Std": "31181.287729983185",
        "Bwd IAT Max": "46127.0",
        "Bwd IAT Min": "2030.0",
        "Fwd PSH Flags": "0",
        "Bwd PSH Flags": "1",
        "Fwd URG Flags": "0",
        "Bwd URG Flags": "0",
        "Fwd Header Len": "32",
        "Bwd Header Len": "96",
        "Fwd Pkts/s": "20.751193193608636",
        "Bwd Pkts/s": "62.2535795808259",
        "Pkt Len Min": "0.0",
        "Pkt Len Max": "39.0",
        "Pkt Len Mean": "23.4",
        "Pkt Len Std": "21.361179742701477",
        "Pkt Len Var": "456.29999999999995",
        "FIN Flag Cnt": "0",
        "SYN Flag Cnt": "0",
        "RST Flag Cnt": "0",
        "PSH Flag Cnt": "1",
        "ACK Flag Cnt": "1",
        "URG Flag Cnt": "0",
        "CWE Flag Count": "0",
        "ECE Flag Cnt": "0",
        "Down/Up Ratio": "3.0",
        "Pkt Size Avg": "29.25",
        "Fwd Seg Size Avg": "0.0",
        "Bwd Seg Size Avg": "26.0",
        "Fwd Byts/b Avg": "0",
        "Fwd Pkts/b Avg": "0",
        "Fwd Blk Rate Avg": "0",
        "Bwd Byts/b Avg": "0",
        "Bwd Pkts/b Avg": "0",
        "Bwd Blk Rate Avg": "0",
        "Subflow Fwd Pkts": "1",
        "Subflow Fwd Byts": "0",
        "Subflow Bwd Pkts": "3",
        "Subflow Bwd Byts": "78",
        "Init Fwd Win Byts": "-1",
        "Init Bwd Win Byts": "133",
        "Fwd Act Data Pkts": "0",
        "Fwd Seg Size Min": "0",
        "Active Mean": "0",
        "Active Std": "0",
        "Active Max": "0",
        "Active Min": "0",
        "Idle Mean": "0",
        "Idle Std": "0",
        "Idle Max": "0",
        "Idle Min": "0",
        "Label": "No Label"
    },
    {
        "Flow ID": "192.168.3.1-192.168.3.22-53-59659-17",
        "Src IP": "192.168.3.22",
        "Src Port": "59659",
        "Dst IP": "192.168.3.1",
        "Dst Port": "53",
        "Protocol": "17",
        "Timestamp": "24/01/2023 09:41:05 AM",
        "Flow Duration": "111347",
        "Tot Fwd Pkts": "0",
        "Tot Bwd Pkts": "2",
        "TotLen Fwd Pkts": "0.0",
        "TotLen Bwd Pkts": "114.0",
        "Fwd Pkt Len Max": "0",
        "Fwd Pkt Len Min": "0",
        "Fwd Pkt Len Mean": "0",
        "Fwd Pkt Len Std": "0",
        "Bwd Pkt Len Max": "78.0",
        "Bwd Pkt Len Min": "36.0",
        "Bwd Pkt Len Mean": "57.0",
        "Bwd Pkt Len Std": "29.698484809834994",
        "Flow Byts/s": "1023.8264165177328",
        "Flow Pkts/s": "17.961866956451452",
        "Flow IAT Mean": "111347.0",
        "Flow IAT Std": "0.0",
        "Flow IAT Max": "111347.0",
        "Flow IAT Min": "111347.0",
        "Fwd IAT Tot": "0",
        "Fwd IAT Mean": "0",
        "Fwd IAT Std": "0",
        "Fwd IAT Max": "0",
        "Fwd IAT Min": "0",
        "Bwd IAT Tot": "111347.0",
        "Bwd IAT Mean": "111347.0",
        "Bwd IAT Std": "0.0",
        "Bwd IAT Max": "111347.0",
        "Bwd IAT Min": "111347.0",
        "Fwd PSH Flags": "0",
        "Bwd PSH Flags": "0",
        "Fwd URG Flags": "0",
        "Bwd URG Flags": "0",
        "Fwd Header Len": "0",
        "Bwd Header Len": "16",
        "Fwd Pkts/s": "0.0",
        "Bwd Pkts/s": "17.961866956451452",
        "Pkt Len Min": "36.0",
        "Pkt Len Max": "78.0",
        "Pkt Len Mean": "50.0",
        "Pkt Len Std": "24.24871130596428",
        "Pkt Len Var": "588.0",
        "FIN Flag Cnt": "0",
        "SYN Flag Cnt": "0",
        "RST Flag Cnt": "0",
        "PSH Flag Cnt": "0",
        "ACK Flag Cnt": "0",
        "URG Flag Cnt": "0",
        "CWE Flag Count": "0",
        "ECE Flag Cnt": "0",
        "Down/Up Ratio": "0.0",
        "Pkt Size Avg": "75.0",
        "Fwd Seg Size Avg": "0.0",
        "Bwd Seg Size Avg": "57.0",
        "Fwd Byts/b Avg": "0",
        "Fwd Pkts/b Avg": "0",
        "Fwd Blk Rate Avg": "0",
        "Bwd Byts/b Avg": "0",
        "Bwd Pkts/b Avg": "0",
        "Bwd Blk Rate Avg": "0",
        "Subflow Fwd Pkts": "0",
        "Subflow Fwd Byts": "0",
        "Subflow Bwd Pkts": "2",
        "Subflow Bwd Byts": "114",
        "Init Fwd Win Byts": "-1",
        "Init Bwd Win Byts": "-1",
        "Fwd Act Data Pkts": "0",
        "Fwd Seg Size Min": "0",
        "Active Mean": "0",
        "Active Std": "0",
        "Active Max": "0",
        "Active Min": "0",
        "Idle Mean": "0",
        "Idle Std": "0",
        "Idle Max": "0",
        "Idle Min": "0",
        "Label": "No Label"
    },
    {
        "Flow ID": "172.217.29.14-192.168.3.22-443-45653-17",
        "Src IP": "192.168.3.22",
        "Src Port": "45653",
        "Dst IP": "172.217.29.14",
        "Dst Port": "443",
        "Protocol": "17",
        "Timestamp": "24/01/2023 09:41:06 AM",
        "Flow Duration": "939596",
        "Tot Fwd Pkts": "8",
        "Tot Bwd Pkts": "11",
        "TotLen Fwd Pkts": "2579.0",
        "TotLen Bwd Pkts": "1102.0",
        "Fwd Pkt Len Max": "1246.0",
        "Fwd Pkt Len Min": "33.0",
        "Fwd Pkt Len Mean": "322.375",
        "Fwd Pkt Len Std": "535.467469333372",
        "Bwd Pkt Len Max": "393.0",
        "Bwd Pkt Len Min": "25.0",
        "Bwd Pkt Len Mean": "100.18181818181817",
        "Bwd Pkt Len Std": "126.99434489914752",
        "Flow Byts/s": "3917.6411989833928",
        "Flow Pkts/s": "20.221456881468207",
        "Flow IAT Mean": "52199.77777777776",
        "Flow IAT Std": "94624.37037139537",
        "Flow IAT Max": "393401.0",
        "Flow IAT Min": "29.0",
        "Fwd IAT Tot": "796790.0",
        "Fwd IAT Mean": "113827.14285714287",
        "Fwd IAT Std": "151502.58631392906",
        "Fwd IAT Max": "434221.0",
        "Fwd IAT Min": "29.0",
        "Bwd IAT Tot": "939596.0",
        "Bwd IAT Mean": "93959.59999999999",
        "Bwd IAT Std": "133076.95557015957",
        "Bwd IAT Max": "437877.0",
        "Bwd IAT Min": "244.0",
        "Fwd PSH Flags": "0",
        "Bwd PSH Flags": "0",
        "Fwd URG Flags": "0",
        "Bwd URG Flags": "0",
        "Fwd Header Len": "64",
        "Bwd Header Len": "88",
        "Fwd Pkts/s": "8.514297634302402",
        "Bwd Pkts/s": "11.707159247165803",
        "Pkt Len Min": "25.0",
        "Pkt Len Max": "1246.0",
        "Pkt Len Mean": "192.70000000000002",
        "Pkt Len Std": "355.21840575830765",
        "Pkt Len Var": "126180.1157894737",
        "FIN Flag Cnt": "0",
        "SYN Flag Cnt": "0",
        "RST Flag Cnt": "0",
        "PSH Flag Cnt": "0",
        "ACK Flag Cnt": "0",
        "URG Flag Cnt": "0",
        "CWE Flag Count": "0",
        "ECE Flag Cnt": "0",
        "Down/Up Ratio": "1.0",
        "Pkt Size Avg": "202.8421052631579",
        "Fwd Seg Size Avg": "322.375",
        "Bwd Seg Size Avg": "100.18181818181819",
        "Fwd Byts/b Avg": "0",
        "Fwd Pkts/b Avg": "0",
        "Fwd Blk Rate Avg": "0",
        "Bwd Byts/b Avg": "0",
        "Bwd Pkts/b Avg": "0",
        "Bwd Blk Rate Avg": "0",
        "Subflow Fwd Pkts": "8",
        "Subflow Fwd Byts": "2579",
        "Subflow Bwd Pkts": "11",
        "Subflow Bwd Byts": "1102",
        "Init Fwd Win Byts": "-1",
        "Init Bwd Win Byts": "-1",
        "Fwd Act Data Pkts": "8",
        "Fwd Seg Size Min": "0",
        "Active Mean": "0",
        "Active Std": "0",
        "Active Max": "0",
        "Active Min": "0",
        "Idle Mean": "0",
        "Idle Std": "0",
        "Idle Max": "0",
        "Idle Min": "0",
        "Label": "No Label"
    },
    {
        "Flow ID": "192.168.3.22-52.85.213.111-37568-443-6",
        "Src IP": "192.168.3.22",
        "Src Port": "37568",
        "Dst IP": "52.85.213.111",
        "Dst Port": "443",
        "Protocol": "6",
        "Timestamp": "24/01/2023 09:41:04 AM",
        "Flow Duration": "46030",
        "Tot Fwd Pkts": "1",
        "Tot Bwd Pkts": "3",
        "TotLen Fwd Pkts": "0.0",
        "TotLen Bwd Pkts": "78.0",
        "Fwd Pkt Len Max": "0.0",
        "Fwd Pkt Len Min": "0.0",
        "Fwd Pkt Len Mean": "0.0",
        "Fwd Pkt Len Std": "0.0",
        "Bwd Pkt Len Max": "39.0",
        "Bwd Pkt Len Min": "0.0",
        "Bwd Pkt Len Mean": "26.0",
        "Bwd Pkt Len Std": "22.516660498395403",
        "Flow Byts/s": "1694.5470345426895",
        "Flow Pkts/s": "86.89984792526613",
        "Flow IAT Mean": "15343.333333333332",
        "Flow IAT Std": "24323.826432807266",
        "Flow IAT Max": "43392.0",
        "Flow IAT Min": "53.0",
        "Fwd IAT Tot": "0",
        "Fwd IAT Mean": "0",
        "Fwd IAT Std": "0",
        "Fwd IAT Max": "0",
        "Fwd IAT Min": "0",
        "Bwd IAT Tot": "45977.0",
        "Bwd IAT Mean": "22988.5",
        "Bwd IAT Std": "28854.906419879444",
        "Bwd IAT Max": "43392.0",
        "Bwd IAT Min": "2585.0",
        "Fwd PSH Flags": "0",
        "Bwd PSH Flags": "1",
        "Fwd URG Flags": "0",
        "Bwd URG Flags": "0",
        "Fwd Header Len": "32",
        "Bwd Header Len": "96",
        "Fwd Pkts/s": "21.724961981316532",
        "Bwd Pkts/s": "65.17488594394959",
        "Pkt Len Min": "0.0",
        "Pkt Len Max": "39.0",
        "Pkt Len Mean": "23.4",
        "Pkt Len Std": "21.361179742701477",
        "Pkt Len Var": "456.29999999999995",
        "FIN Flag Cnt": "0",
        "SYN Flag Cnt": "0",
        "RST Flag Cnt": "0",
        "PSH Flag Cnt": "1",
        "ACK Flag Cnt": "1",
        "URG Flag Cnt": "0",
        "CWE Flag Count": "0",
        "ECE Flag Cnt": "0",
        "Down/Up Ratio": "3.0",
        "Pkt Size Avg": "29.25",
        "Fwd Seg Size Avg": "0.0",
        "Bwd Seg Size Avg": "26.0",
        "Fwd Byts/b Avg": "0",
        "Fwd Pkts/b Avg": "0",
        "Fwd Blk Rate Avg": "0",
        "Bwd Byts/b Avg": "0",
        "Bwd Pkts/b Avg": "0",
        "Bwd Blk Rate Avg": "0",
        "Subflow Fwd Pkts": "1",
        "Subflow Fwd Byts": "0",
        "Subflow Bwd Pkts": "3",
        "Subflow Bwd Byts": "78",
        "Init Fwd Win Byts": "-1",
        "Init Bwd Win Byts": "141",
        "Fwd Act Data Pkts": "0",
        "Fwd Seg Size Min": "0",
        "Active Mean": "0",
        "Active Std": "0",
        "Active Max": "0",
        "Active Min": "0",
        "Idle Mean": "0",
        "Idle Std": "0",
        "Idle Max": "0",
        "Idle Min": "0",
        "Label": "No Label"
    }
]