[
    {
        "Flow ID": "151.101.194.133-192.168.3.22-80-38080-6",
        "Src IP": "192.168.3.22",
        "Src Port": "38080",
        "Dst IP": "151.101.194.133",
        "Dst Port": "80",
        "Protocol": "6",
        "Timestamp": "24/01/2023 09:42:06 AM",
        "Flow Duration": "3016",
        "Tot Fwd Pkts": "0",
        "Tot Bwd Pkts": "3",
        "TotLen Fwd Pkts": "0.0",
        "TotLen Bwd Pkts": "0.0",
        "Fwd Pkt Len Max": "0",
        "Fwd Pkt Len Min": "0",
        "Fwd Pkt Len Mean": "0",
        "Fwd Pkt Len Std": "0",
        "Bwd Pkt Len Max": "0.0",
        "Bwd Pkt Len Min": "0.0",
        "Bwd Pkt Len Mean": "0.0",
        "Bwd Pkt Len Std": "0.0",
        "Flow Byts/s": "0.0",
        "Flow Pkts/s": "994.6949602122016",
        "Flow IAT Mean": "1508.0",
        "Flow IAT Std": "1940.3010075758864",
        "Flow IAT Max": "2880.0",
        "Flow IAT Min": "136.0",
        "Fwd IAT Tot": "0",
        "Fwd IAT Mean": "0",
        "Fwd IAT Std": "0",
        "Fwd IAT Max": "0",
        "Fwd IAT Min": "0",
        "Bwd IAT Tot": "3016.0",
        "Bwd IAT Mean": "1508.0",
        "Bwd IAT Std": "1940.3010075758864",
        "Bwd IAT Max": "2880.0",
        "Bwd IAT Min": "136.0",
        "Fwd PSH Flags": "0",
        "Bwd PSH Flags": "0",
        "Fwd URG Flags": "0",
        "Bwd URG Flags": "0",
        "Fwd Header Len": "0",
        "Bwd Header Len": "96",
        "Fwd Pkts/s": "0.0",
        "Bwd Pkts/s": "994.6949602122016",
        "Pkt Len Min": "0.0",
        "Pkt Len Max": "0.0",
        "Pkt Len Mean": "0.0",
        "Pkt Len Std": "0.0",
        "Pkt Len Var": "0.0",
        "FIN Flag Cnt": "1",
        "SYN Flag Cnt": "0",
        "RST Flag Cnt": "0",
        "PSH Flag Cnt": "0",
        "ACK Flag Cnt": "1",
        "URG Flag Cnt": "0",
        "CWE Flag Count": "0",
        "ECE Flag Cnt": "0",
        "Down/Up Ratio": "0.0",
        "Pkt Size Avg": "0.0",
        "Fwd Seg Size Avg": "0.0",
        "Bwd Seg Size Avg": "0.0",
        "Fwd Byts/b Avg": "0",
        "Fwd Pkts/b Avg": "0",
        "Fwd Blk Rate Avg": "0",
        "Bwd Byts/b Avg": "0",
        "Bwd Pkts/b Avg": "0",
        "Bwd Blk Rate Avg": "0",
        "Subflow Fwd Pkts": "0",
        "Subflow Fwd Byts": "0",
        "Subflow Bwd Pkts": "3",
        "Subflow Bwd Byts": "0",
        "Init Fwd Win Byts": "-1",
        "Init Bwd Win Byts": "285",
        "Fwd Act Data Pkts": "0",
        "Fwd Seg Size Min": "0",
        "Active Mean": "0",
        "Active Std": "0",
        "Active Max": "0",
        "Active Min": "0",
        "Idle Mean": "0",
        "Idle Std": "0",
        "Idle Max": "0",
        "Idle Min": "0",
        "Label": "No Label"
    },
    {
        "Flow ID": "192.168.3.22-54.230.7.212-42870-80-6",
        "Src IP": "192.168.3.22",
        "Src Port": "42870",
        "Dst IP": "54.230.7.212",
        "Dst Port": "80",
        "Protocol": "6",
        "Timestamp": "24/01/2023 09:42:06 AM",
        "Flow Duration": "44169",
        "Tot Fwd Pkts": "0",
        "Tot Bwd Pkts": "2",
        "TotLen Fwd Pkts": "0.0",
        "TotLen Bwd Pkts": "0.0",
        "Fwd Pkt Len Max": "0",
        "Fwd Pkt Len Min": "0",
        "Fwd Pkt Len Mean": "0",
        "Fwd Pkt Len Std": "0",
        "Bwd Pkt Len Max": "0.0",
        "Bwd Pkt Len Min": "0.0",
        "Bwd Pkt Len Mean": "0.0",
        "Bwd Pkt Len Std": "0.0",
        "Flow Byts/s": "0.0",
        "Flow Pkts/s": "45.28062668387331",
        "Flow IAT Mean": "44169.0",
        "Flow IAT Std": "0.0",
        "Flow IAT Max": "44169.0",
        "Flow IAT Min": "44169.0",
        "Fwd IAT Tot": "0",
        "Fwd IAT Mean": "0",
        "Fwd IAT Std": "0",
        "Fwd IAT Max": "0",
        "Fwd IAT Min": "0",
        "Bwd IAT Tot": "44169.0",
        "Bwd IAT Mean": "44169.0",
        "Bwd IAT Std": "0.0",
        "Bwd IAT Max": "44169.0",
        "Bwd IAT Min": "44169.0",
        "Fwd PSH Flags": "0",
        "Bwd PSH Flags": "0",
        "Fwd URG Flags": "0",
        "Bwd URG Flags": "0",
        "Fwd Header Len": "0",
        "Bwd Header Len": "64",
        "Fwd Pkts/s": "0.0",
        "Bwd Pkts/s": "45.28062668387331",
        "Pkt Len Min": "0.0",
        "Pkt Len Max": "0.0",
        "Pkt Len Mean": "0.0",
        "Pkt Len Std": "0.0",
        "Pkt Len Var": "0.0",
        "FIN Flag Cnt": "1",
        "SYN Flag Cnt": "0",
        "RST Flag Cnt": "0",
        "PSH Flag Cnt": "0",
        "ACK Flag Cnt": "1",
        "URG Flag Cnt": "0",
        "CWE Flag Count": "0",
        "ECE Flag Cnt": "0",
        "Down/Up Ratio": "0.0",
        "Pkt Size Avg": "0.0",
        "Fwd Seg Size Avg": "0.0",
        "Bwd Seg Size Avg": "0.0",
        "Fwd Byts/b Avg": "0",
        "Fwd Pkts/b Avg": "0",
        "Fwd Blk Rate Avg": "0",
        "Bwd Byts/b Avg": "0",
        "Bwd Pkts/b Avg": "0",
        "Bwd Blk Rate Avg": "0",
        "Subflow Fwd Pkts": "0",
        "Subflow Fwd Byts": "0",
        "Subflow Bwd Pkts": "2",
        "Subflow Bwd Byts": "0",
        "Init Fwd Win Byts": "-1",
        "Init Bwd Win Byts": "131",
        "Fwd Act Data Pkts": "0",
        "Fwd Seg Size Min": "0",
        "Active Mean": "0",
        "Active Std": "0",
        "Active Max": "0",
        "Active Min": "0",
        "Idle Mean": "0",
        "Idle Std": "0",
        "Idle Max": "0",
        "Idle Min": "0",
        "Label": "No Label"
    },
    {
        "Flow ID": "192.168.3.22-54.230.7.212-42872-80-6",
        "Src IP": "192.168.3.22",
        "Src Port": "42872",
        "Dst IP": "54.230.7.212",
        "Dst Port": "80",
        "Protocol": "6",
        "Timestamp": "24/01/2023 09:42:06 AM",
        "Flow Duration": "44276",
        "Tot Fwd Pkts": "0",
        "Tot Bwd Pkts": "2",
        "TotLen Fwd Pkts": "0.0",
        "TotLen Bwd Pkts": "0.0",
        "Fwd Pkt Len Max": "0",
        "Fwd Pkt Len Min": "0",
        "Fwd Pkt Len Mean": "0",
        "Fwd Pkt Len Std": "0",
        "Bwd Pkt Len Max": "0.0",
        "Bwd Pkt Len Min": "0.0",
        "Bwd Pkt Len Mean": "0.0",
        "Bwd Pkt Len Std": "0.0",
        "Flow Byts/s": "0.0",
        "Flow Pkts/s": "45.171198843617304",
        "Flow IAT Mean": "44276.0",
        "Flow IAT Std": "0.0",
        "Flow IAT Max": "44276.0",
        "Flow IAT Min": "44276.0",
        "Fwd IAT Tot": "0",
        "Fwd IAT Mean": "0",
        "Fwd IAT Std": "0",
        "Fwd IAT Max": "0",
        "Fwd IAT Min": "0",
        "Bwd IAT Tot": "44276.0",
        "Bwd IAT Mean": "44276.0",
        "Bwd IAT Std": "0.0",
        "Bwd IAT Max": "44276.0",
        "Bwd IAT Min": "44276.0",
        "Fwd PSH Flags": "0",
        "Bwd PSH Flags": "0",
        "Fwd URG Flags": "0",
        "Bwd URG Flags": "0",
        "Fwd Header Len": "0",
        "Bwd Header Len": "64",
        "Fwd Pkts/s": "0.0",
        "Bwd Pkts/s": "45.171198843617304",
        "Pkt Len Min": "0.0",
        "Pkt Len Max": "0.0",
        "Pkt Len Mean": "0.0",
        "Pkt Len Std": "0.0",
        "Pkt Len Var": "0.0",
        "FIN Flag Cnt": "1",
        "SYN Flag Cnt": "0",
        "RST Flag Cnt": "0",
        "PSH Flag Cnt": "0",
        "ACK Flag Cnt": "1",
        "URG Flag Cnt": "0",
        "CWE Flag Count": "0",
        "ECE Flag Cnt": "0",
        "Down/Up Ratio": "0.0",
        "Pkt Size Avg": "0.0",
        "Fwd Seg Size Avg": "0.0",
        "Bwd Seg Size Avg": "0.0",
        "Fwd Byts/b Avg": "0",
        "Fwd Pkts/b Avg": "0",
        "Fwd Blk Rate Avg": "0",
        "Bwd Byts/b Avg": "0",
        "Bwd Pkts/b Avg": "0",
        "Bwd Blk Rate Avg": "0",
        "Subflow Fwd Pkts": "0",
        "Subflow Fwd Byts": "0",
        "Subflow Bwd Pkts": "2",
        "Subflow Bwd Byts": "0",
        "Init Fwd Win Byts": "-1",
        "Init Bwd Win Byts": "131",
        "Fwd Act Data Pkts": "0",
        "Fwd Seg Size Min": "0",
        "Active Mean": "0",
        "Active Std": "0",
        "Active Max": "0",
        "Active Min": "0",
        "Idle Mean": "0",
        "Idle Std": "0",
        "Idle Max": "0",
        "Idle Min": "0",
        "Label": "No Label"
    },
    {
        "Flow ID": "192.168.3.22-200.147.253.13-57446-443-6",
        "Src IP": "192.168.3.22",
        "Src Port": "57446",
        "Dst IP": "200.147.253.13",
        "Dst Port": "443",
        "Protocol": "6",
        "Timestamp": "24/01/2023 09:42:06 AM",
        "Flow Duration": "320258",
        "Tot Fwd Pkts": "17",
        "Tot Bwd Pkts": "19",
        "TotLen Fwd Pkts": "1132.0",
        "TotLen Bwd Pkts": "42470.0",
        "Fwd Pkt Len Max": "517.0",
        "Fwd Pkt Len Min": "0.0",
        "Fwd Pkt Len Mean": "66.58823529411764",
        "Fwd Pkt Len Std": "167.12796699816934",
        "Bwd Pkt Len Max": "5600.0",
        "Bwd Pkt Len Min": "0.0",
        "Bwd Pkt Len Mean": "2235.263157894737",
        "Bwd Pkt Len Std": "1550.4138459028452",
        "Flow Byts/s": "136146.48189896895",
        "Flow Pkts/s": "112.40936994548146",
        "Flow IAT Mean": "9150.22857142857",
        "Flow IAT Std": "18965.54481481323",
        "Flow IAT Max": "63143.0",
        "Flow IAT Min": "19.0",
        "Fwd IAT Tot": "272652.0",
        "Fwd IAT Mean": "17040.75",
        "Fwd IAT Std": "23668.423739939535",
        "Fwd IAT Max": "63172.0",
        "Fwd IAT Min": "162.0",
        "Bwd IAT Tot": "320258.0",
        "Bwd IAT Mean": "17792.111111111113",
        "Bwd IAT Std": "25830.788498563423",
        "Bwd IAT Max": "69665.0",
        "Bwd IAT Min": "44.0",
        "Fwd PSH Flags": "0",
        "Bwd PSH Flags": "0",
        "Fwd URG Flags": "0",
        "Bwd URG Flags": "0",
        "Fwd Header Len": "544",
        "Bwd Header Len": "624",
        "Fwd Pkts/s": "53.08220247425513",
        "Bwd Pkts/s": "59.327167471226325",
        "Pkt Len Min": "0.0",
        "Pkt Len Max": "5600.0",
        "Pkt Len Mean": "1178.4324324324325",
        "Pkt Len Std": "1557.5978396332061",
        "Pkt Len Var": "2426111.0300300308",
        "FIN Flag Cnt": "0",
        "SYN Flag Cnt": "1",
        "RST Flag Cnt": "0",
        "PSH Flag Cnt": "0",
        "ACK Flag Cnt": "0",
        "URG Flag Cnt": "0",
        "CWE Flag Count": "0",
        "ECE Flag Cnt": "0",
        "Down/Up Ratio": "1.0",
        "Pkt Size Avg": "1211.1666666666667",
        "Fwd Seg Size Avg": "66.58823529411765",
        "Bwd Seg Size Avg": "2235.2631578947367",
        "Fwd Byts/b Avg": "0",
        "Fwd Pkts/b Avg": "0",
        "Fwd Blk Rate Avg": "0",
        "Bwd Byts/b Avg": "0",
        "Bwd Pkts/b Avg": "0",
        "Bwd Blk Rate Avg": "0",
        "Subflow Fwd Pkts": "17",
        "Subflow Fwd Byts": "1132",
        "Subflow Bwd Pkts": "19",
        "Subflow Bwd Byts": "42470",
        "Init Fwd Win Byts": "-1",
        "Init Bwd Win Byts": "130",
        "Fwd Act Data Pkts": "3",
        "Fwd Seg Size Min": "0",
        "Active Mean": "0",
        "Active Std": "0",
        "Active Max": "0",
        "Active Min": "0",
        "Idle Mean": "0",
        "Idle Std": "0",
        "Idle Max": "0",
        "Idle Min": "0",
        "Label": "No Label"
    },
    {
        "Flow ID": "192.168.3.22-200.147.253.13-57446-443-6",
        "Src IP": "192.168.3.22",
        "Src Port": "57446",
        "Dst IP": "200.147.253.13",
        "Dst Port": "443",
        "Protocol": "6",
        "Timestamp": "24/01/2023 09:42:06 AM",
        "Flow Duration": "555",
        "Tot Fwd Pkts": "2",
        "Tot Bwd Pkts": "1",
        "TotLen Fwd Pkts": "31.0",
        "TotLen Bwd Pkts": "0.0",
        "Fwd Pkt Len Max": "31.0",
        "Fwd Pkt Len Min": "0.0",
        "Fwd Pkt Len Mean": "15.5",
        "Fwd Pkt Len Std": "21.920310216782973",
        "Bwd Pkt Len Max": "0.0",
        "Bwd Pkt Len Min": "0.0",
        "Bwd Pkt Len Mean": "0.0",
        "Bwd Pkt Len Std": "0.0",
        "Flow Byts/s": "55855.85585585585",
        "Flow Pkts/s": "5405.405405405405",
        "Flow IAT Mean": "277.5",
        "Flow IAT Std": "309.00566337852126",
        "Flow IAT Max": "496.0",
        "Flow IAT Min": "59.0",
        "Fwd IAT Tot": "59.0",
        "Fwd IAT Mean": "59.0",
        "Fwd IAT Std": "0.0",
        "Fwd IAT Max": "59.0",
        "Fwd IAT Min": "59.0",
        "Bwd IAT Tot": "0",
        "Bwd IAT Mean": "0",
        "Bwd IAT Std": "0",
        "Bwd IAT Max": "0",
        "Bwd IAT Min": "0",
        "Fwd PSH Flags": "0",
        "Bwd PSH Flags": "0",
        "Fwd URG Flags": "0",
        "Bwd URG Flags": "0",
        "Fwd Header Len": "64",
        "Bwd Header Len": "32",
        "Fwd Pkts/s": "3603.6036036036035",
        "Bwd Pkts/s": "1801.8018018018017",
        "Pkt Len Min": "0.0",
        "Pkt Len Max": "31.0",
        "Pkt Len Mean": "7.75",
        "Pkt Len Std": "15.500000000000002",
        "Pkt Len Var": "240.25000000000003",
        "FIN Flag Cnt": "0",
        "SYN Flag Cnt": "0",
        "RST Flag Cnt": "0",
        "PSH Flag Cnt": "0",
        "ACK Flag Cnt": "1",
        "URG Flag Cnt": "0",
        "CWE Flag Count": "0",
        "ECE Flag Cnt": "0",
        "Down/Up Ratio": "0.0",
        "Pkt Size Avg": "10.333333333333334",
        "Fwd Seg Size Avg": "15.5",
        "Bwd Seg Size Avg": "0.0",
        "Fwd Byts/b Avg": "0",
        "Fwd Pkts/b Avg": "0",
        "Fwd Blk Rate Avg": "0",
        "Bwd Byts/b Avg": "0",
        "Bwd Pkts/b Avg": "0",
        "Bwd Blk Rate Avg": "0",
        "Subflow Fwd Pkts": "2",
        "Subflow Fwd Byts": "31",
        "Subflow Bwd Pkts": "1",
        "Subflow Bwd Byts": "0",
        "Init Fwd Win Byts": "-1",
        "Init Bwd Win Byts": "629",
        "Fwd Act Data Pkts": "1",
        "Fwd Seg Size Min": "0",
        "Active Mean": "0",
        "Active Std": "0",
        "Active Max": "0",
        "Active Min": "0",
        "Idle Mean": "0",
        "Idle Std": "0",
        "Idle Max": "0",
        "Idle Min": "0",
        "Label": "No Label"
    },
    {
        "Flow ID": "192.168.3.22-200.147.253.13-57448-443-6",
        "Src IP": "192.168.3.22",
        "Src Port": "57448",
        "Dst IP": "200.147.253.13",
        "Dst Port": "443",
        "Protocol": "6",
        "Timestamp": "24/01/2023 09:42:06 AM",
        "Flow Duration": "741952",
        "Tot Fwd Pkts": "100",
        "Tot Bwd Pkts": "129",
        "TotLen Fwd Pkts": "1088.0",
        "TotLen Bwd Pkts": "230355.0",
        "Fwd Pkt Len Max": "517.0",
        "Fwd Pkt Len Min": "0.0",
        "Fwd Pkt Len Mean": "10.879999999999999",
        "Fwd Pkt Len Std": "68.85444756509887",
        "Bwd Pkt Len Max": "5600.0",
        "Bwd Pkt Len Min": "0.0",
        "Bwd Pkt Len Mean": "1785.6976744186045",
        "Bwd Pkt Len Std": "963.8642247861852",
        "Flow Byts/s": "311937.9690330372",
        "Flow Pkts/s": "308.645303200207",
        "Flow IAT Mean": "3254.175438596491",
        "Flow IAT Std": "9947.257362024688",
        "Flow IAT Max": "53199.0",
        "Flow IAT Min": "1.0",
        "Fwd IAT Tot": "695093.0",
        "Fwd IAT Mean": "7021.141414141417",
        "Fwd IAT Std": "13603.806196834119",
        "Fwd IAT Max": "53224.0",
        "Fwd IAT Min": "21.0",
        "Bwd IAT Tot": "741952.0",
        "Bwd IAT Mean": "5796.499999999996",
        "Bwd IAT Std": "13104.276712488956",
        "Bwd IAT Max": "59555.0",
        "Bwd IAT Min": "3.0",
        "Fwd PSH Flags": "0",
        "Bwd PSH Flags": "0",
        "Fwd URG Flags": "0",
        "Bwd URG Flags": "0",
        "Fwd Header Len": "3200",
        "Bwd Header Len": "4144",
        "Fwd Pkts/s": "134.77960838436988",
        "Bwd Pkts/s": "173.86569481583714",
        "Pkt Len Min": "0.0",
        "Pkt Len Max": "5600.0",
        "Pkt Len Mean": "1006.2739130434784",
        "Pkt Len Std": "1140.4567148868357",
        "Pkt Len Var": "1300641.518530473",
        "FIN Flag Cnt": "0",
        "SYN Flag Cnt": "1",
        "RST Flag Cnt": "0",
        "PSH Flag Cnt": "0",
        "ACK Flag Cnt": "0",
        "URG Flag Cnt": "0",
        "CWE Flag Count": "0",
        "ECE Flag Cnt": "0",
        "Down/Up Ratio": "1.0",
        "Pkt Size Avg": "1010.6681222707424",
        "Fwd Seg Size Avg": "10.88",
        "Bwd Seg Size Avg": "1785.6976744186047",
        "Fwd Byts/b Avg": "0",
        "Fwd Pkts/b Avg": "0",
        "Fwd Blk Rate Avg": "0",
        "Bwd Byts/b Avg": "0",
        "Bwd Pkts/b Avg": "0",
        "Bwd Blk Rate Avg": "0",
        "Subflow Fwd Pkts": "100",
        "Subflow Fwd Byts": "1088",
        "Subflow Bwd Pkts": "129",
        "Subflow Bwd Byts": "230355",
        "Init Fwd Win Byts": "-1",
        "Init Bwd Win Byts": "130",
        "Fwd Act Data Pkts": "3",
        "Fwd Seg Size Min": "0",
        "Active Mean": "0",
        "Active Std": "0",
        "Active Max": "0",
        "Active Min": "0",
        "Idle Mean": "0",
        "Idle Std": "0",
        "Idle Max": "0",
        "Idle Min": "0",
        "Label": "No Label"
    },
    {
        "Flow ID": "192.168.3.22-200.147.253.13-57448-443-6",
        "Src IP": "192.168.3.22",
        "Src Port": "57448",
        "Dst IP": "200.147.253.13",
        "Dst Port": "443",
        "Protocol": "6",
        "Timestamp": "24/01/2023 09:42:07 AM",
        "Flow Duration": "411",
        "Tot Fwd Pkts": "2",
        "Tot Bwd Pkts": "1",
        "TotLen Fwd Pkts": "31.0",
        "TotLen Bwd Pkts": "0.0",
        "Fwd Pkt Len Max": "31.0",
        "Fwd Pkt Len Min": "0.0",
        "Fwd Pkt Len Mean": "15.5",
        "Fwd Pkt Len Std": "21.920310216782973",
        "Bwd Pkt Len Max": "0.0",
        "Bwd Pkt Len Min": "0.0",
        "Bwd Pkt Len Mean": "0.0",
        "Bwd Pkt Len Std": "0.0",
        "Flow Byts/s": "75425.7907542579",
        "Flow Pkts/s": "7299.2700729927",
        "Flow IAT Mean": "205.5",
        "Flow IAT Std": "242.5376259469858",
        "Flow IAT Max": "377.0",
        "Flow IAT Min": "34.0",
        "Fwd IAT Tot": "34.0",
        "Fwd IAT Mean": "34.0",
        "Fwd IAT Std": "0.0",
        "Fwd IAT Max": "34.0",
        "Fwd IAT Min": "34.0",
        "Bwd IAT Tot": "0",
        "Bwd IAT Mean": "0",
        "Bwd IAT Std": "0",
        "Bwd IAT Max": "0",
        "Bwd IAT Min": "0",
        "Fwd PSH Flags": "0",
        "Bwd PSH Flags": "0",
        "Fwd URG Flags": "0",
        "Bwd URG Flags": "0",
        "Fwd Header Len": "64",
        "Bwd Header Len": "32",
        "Fwd Pkts/s": "4866.1800486618",
        "Bwd Pkts/s": "2433.0900243309",
        "Pkt Len Min": "0.0",
        "Pkt Len Max": "31.0",
        "Pkt Len Mean": "7.75",
        "Pkt Len Std": "15.500000000000002",
        "Pkt Len Var": "240.25000000000003",
        "FIN Flag Cnt": "0",
        "SYN Flag Cnt": "0",
        "RST Flag Cnt": "0",
        "PSH Flag Cnt": "0",
        "ACK Flag Cnt": "1",
        "URG Flag Cnt": "0",
        "CWE Flag Count": "0",
        "ECE Flag Cnt": "0",
        "Down/Up Ratio": "0.0",
        "Pkt Size Avg": "10.333333333333334",
        "Fwd Seg Size Avg": "15.5",
        "Bwd Seg Size Avg": "0.0",
        "Fwd Byts/b Avg": "0",
        "Fwd Pkts/b Avg": "0",
        "Fwd Blk Rate Avg": "0",
        "Bwd Byts/b Avg": "0",
        "Bwd Pkts/b Avg": "0",
        "Bwd Blk Rate Avg": "0",
        "Subflow Fwd Pkts": "2",
        "Subflow Fwd Byts": "31",
        "Subflow Bwd Pkts": "1",
        "Subflow Bwd Byts": "0",
        "Init Fwd Win Byts": "-1",
        "Init Bwd Win Byts": "1870",
        "Fwd Act Data Pkts": "1",
        "Fwd Seg Size Min": "0",
        "Active Mean": "0",
        "Active Std": "0",
        "Active Max": "0",
        "Active Min": "0",
        "Idle Mean": "0",
        "Idle Std": "0",
        "Idle Max": "0",
        "Idle Min": "0",
        "Label": "No Label"
    },
    {
        "Flow ID": "192.168.3.22-200.147.253.13-57454-443-6",
        "Src IP": "192.168.3.22",
        "Src Port": "57454",
        "Dst IP": "200.147.253.13",
        "Dst Port": "443",
        "Protocol": "6",
        "Timestamp": "24/01/2023 09:42:07 AM",
        "Flow Duration": "779232",
        "Tot Fwd Pkts": "92",
        "Tot Bwd Pkts": "115",
        "TotLen Fwd Pkts": "1088.0",
        "TotLen Bwd Pkts": "215288.0",
        "Fwd Pkt Len Max": "517.0",
        "Fwd Pkt Len Min": "0.0",
        "Fwd Pkt Len Mean": "11.826086956521738",
        "Fwd Pkt Len Std": "71.73847630332016",
        "Bwd Pkt Len Max": "5600.0",
        "Bwd Pkt Len Min": "0.0",
        "Bwd Pkt Len Mean": "1872.0695652173908",
        "Bwd Pkt Len Std": "1062.2337166567636",
        "Flow Byts/s": "277678.53476243274",
        "Flow Pkts/s": "265.64617469508437",
        "Flow IAT Mean": "3782.679611650488",
        "Flow IAT Std": "11558.31105242697",
        "Flow IAT Max": "61877.0",
        "Flow IAT Min": "5.0",
        "Fwd IAT Tot": "733988.0",
        "Fwd IAT Mean": "8065.802197802205",
        "Fwd IAT Std": "17772.943005353693",
        "Fwd IAT Max": "109605.0",
        "Fwd IAT Min": "29.0",
        "Bwd IAT Tot": "779232.0",
        "Bwd IAT Mean": "6835.368421052633",
        "Bwd IAT Std": "15517.94630734293",
        "Bwd IAT Max": "62082.0",
        "Bwd IAT Min": "40.0",
        "Fwd PSH Flags": "0",
        "Bwd PSH Flags": "0",
        "Fwd URG Flags": "0",
        "Bwd URG Flags": "0",
        "Fwd Header Len": "2944",
        "Bwd Header Len": "3696",
        "Fwd Pkts/s": "118.06496653114861",
        "Bwd Pkts/s": "147.58120816393577",
        "Pkt Len Min": "0.0",
        "Pkt Len Max": "5600.0",
        "Pkt Len Mean": "1040.2692307692314",
        "Pkt Len Std": "1217.935254704677",
        "Pkt Len Var": "1483366.284652546",
        "FIN Flag Cnt": "0",
        "SYN Flag Cnt": "1",
        "RST Flag Cnt": "0",
        "PSH Flag Cnt": "0",
        "ACK Flag Cnt": "0",
        "URG Flag Cnt": "0",
        "CWE Flag Count": "0",
        "ECE Flag Cnt": "0",
        "Down/Up Ratio": "1.0",
        "Pkt Size Avg": "1045.2946859903382",
        "Fwd Seg Size Avg": "11.826086956521738",
        "Bwd Seg Size Avg": "1872.0695652173913",
        "Fwd Byts/b Avg": "0",
        "Fwd Pkts/b Avg": "0",
        "Fwd Blk Rate Avg": "0",
        "Bwd Byts/b Avg": "0",
        "Bwd Pkts/b Avg": "0",
        "Bwd Blk Rate Avg": "0",
        "Subflow Fwd Pkts": "92",
        "Subflow Fwd Byts": "1088",
        "Subflow Bwd Pkts": "115",
        "Subflow Bwd Byts": "215288",
        "Init Fwd Win Byts": "-1",
        "Init Bwd Win Byts": "130",
        "Fwd Act Data Pkts": "3",
        "Fwd Seg Size Min": "0",
        "Active Mean": "0",
        "Active Std": "0",
        "Active Max": "0",
        "Active Min": "0",
        "Idle Mean": "0",
        "Idle Std": "0",
        "Idle Max": "0",
        "Idle Min": "0",
        "Label": "No Label"
    },
    {
        "Flow ID": "192.168.3.22-200.147.253.13-57454-443-6",
        "Src IP": "192.168.3.22",
        "Src Port": "57454",
        "Dst IP": "200.147.253.13",
        "Dst Port": "443",
        "Protocol": "6",
        "Timestamp": "24/01/2023 09:42:08 AM",
        "Flow Duration": "381",
        "Tot Fwd Pkts": "2",
        "Tot Bwd Pkts": "1",
        "TotLen Fwd Pkts": "31.0",
        "TotLen Bwd Pkts": "0.0",
        "Fwd Pkt Len Max": "31.0",
        "Fwd Pkt Len Min": "0.0",
        "Fwd Pkt Len Mean": "15.5",
        "Fwd Pkt Len Std": "21.920310216782973",
        "Bwd Pkt Len Max": "0.0",
        "Bwd Pkt Len Min": "0.0",
        "Bwd Pkt Len Mean": "0.0",
        "Bwd Pkt Len Std": "0.0",
        "Flow Byts/s": "81364.82939632545",
        "Flow Pkts/s": "7874.0157480314965",
        "Flow IAT Mean": "190.5",
        "Flow IAT Std": "214.2533546995239",
        "Flow IAT Max": "342.0",
        "Flow IAT Min": "39.0",
        "Fwd IAT Tot": "39.0",
        "Fwd IAT Mean": "39.0",
        "Fwd IAT Std": "0.0",
        "Fwd IAT Max": "39.0",
        "Fwd IAT Min": "39.0",
        "Bwd IAT Tot": "0",
        "Bwd IAT Mean": "0",
        "Bwd IAT Std": "0",
        "Bwd IAT Max": "0",
        "Bwd IAT Min": "0",
        "Fwd PSH Flags": "0",
        "Bwd PSH Flags": "0",
        "Fwd URG Flags": "0",
        "Bwd URG Flags": "0",
        "Fwd Header Len": "64",
        "Bwd Header Len": "32",
        "Fwd Pkts/s": "5249.343832020997",
        "Bwd Pkts/s": "2624.6719160104985",
        "Pkt Len Min": "0.0",
        "Pkt Len Max": "31.0",
        "Pkt Len Mean": "7.75",
        "Pkt Len Std": "15.500000000000002",
        "Pkt Len Var": "240.25000000000003",
        "FIN Flag Cnt": "0",
        "SYN Flag Cnt": "0",
        "RST Flag Cnt": "0",
        "PSH Flag Cnt": "0",
        "ACK Flag Cnt": "1",
        "URG Flag Cnt": "0",
        "CWE Flag Count": "0",
        "ECE Flag Cnt": "0",
        "Down/Up Ratio": "0.0",
        "Pkt Size Avg": "10.333333333333334",
        "Fwd Seg Size Avg": "15.5",
        "Bwd Seg Size Avg": "0.0",
        "Fwd Byts/b Avg": "0",
        "Fwd Pkts/b Avg": "0",
        "Fwd Blk Rate Avg": "0",
        "Bwd Byts/b Avg": "0",
        "Bwd Pkts/b Avg": "0",
        "Bwd Blk Rate Avg": "0",
        "Subflow Fwd Pkts": "2",
        "Subflow Fwd Byts": "31",
        "Subflow Bwd Pkts": "1",
        "Subflow Bwd Byts": "0",
        "Init Fwd Win Byts": "-1",
        "Init Bwd Win Byts": "1784",
        "Fwd Act Data Pkts": "1",
        "Fwd Seg Size Min": "0",
        "Active Mean": "0",
        "Active Std": "0",
        "Active Max": "0",
        "Active Min": "0",
        "Idle Mean": "0",
        "Idle Std": "0",
        "Idle Max": "0",
        "Idle Min": "0",
        "Label": "No Label"
    },
    {
        "Flow ID": "192.168.3.22-31.13.85.51-59566-443-6",
        "Src IP": "192.168.3.22",
        "Src Port": "59566",
        "Dst IP": "31.13.85.51",
        "Dst Port": "443",
        "Protocol": "6",
        "Timestamp": "24/01/2023 09:42:07 AM",
        "Flow Duration": "255451",
        "Tot Fwd Pkts": "28",
        "Tot Bwd Pkts": "31",
        "TotLen Fwd Pkts": "2710.0",
        "TotLen Bwd Pkts": "5682.0",
        "Fwd Pkt Len Max": "873.0",
        "Fwd Pkt Len Min": "0.0",
        "Fwd Pkt Len Mean": "96.7857142857143",
        "Fwd Pkt Len Std": "208.50923367827272",
        "Bwd Pkt Len Max": "852.0",
        "Bwd Pkt Len Min": "0.0",
        "Bwd Pkt Len Mean": "183.29032258064515",
        "Bwd Pkt Len Std": "210.44210503103338",
        "Flow Byts/s": "32851.70150048346",
        "Flow Pkts/s": "230.96405964353244",
        "Flow IAT Mean": "4404.327586206896",
        "Flow IAT Std": "11911.604715184458",
        "Flow IAT Max": "65799.0",
        "Flow IAT Min": "1.0",
        "Fwd IAT Tot": "255322.0",
        "Fwd IAT Mean": "9456.370370370372",
        "Fwd IAT Std": "23364.222028807126",
        "Fwd IAT Max": "109157.0",
        "Fwd IAT Min": "96.0",
        "Bwd IAT Tot": "255386.0",
        "Bwd IAT Mean": "8512.866666666667",
        "Bwd IAT Std": "17323.77509773149",
        "Bwd IAT Max": "65799.0",
        "Bwd IAT Min": "1.0",
        "Fwd PSH Flags": "0",
        "Bwd PSH Flags": "1",
        "Fwd URG Flags": "0",
        "Bwd URG Flags": "0",
        "Fwd Header Len": "896",
        "Bwd Header Len": "992",
        "Fwd Pkts/s": "109.61006220371031",
        "Bwd Pkts/s": "121.35399743982212",
        "Pkt Len Min": "0.0",
        "Pkt Len Max": "873.0",
        "Pkt Len Mean": "141.48333333333335",
        "Pkt Len Std": "210.50918830678611",
        "Pkt Len Var": "44314.11836158194",
        "FIN Flag Cnt": "0",
        "SYN Flag Cnt": "0",
        "RST Flag Cnt": "0",
        "PSH Flag Cnt": "1",
        "ACK Flag Cnt": "1",
        "URG Flag Cnt": "0",
        "CWE Flag Count": "0",
        "ECE Flag Cnt": "0",
        "Down/Up Ratio": "1.0",
        "Pkt Size Avg": "143.88135593220338",
        "Fwd Seg Size Avg": "96.78571428571429",
        "Bwd Seg Size Avg": "183.29032258064515",
        "Fwd Byts/b Avg": "0",
        "Fwd Pkts/b Avg": "0",
        "Fwd Blk Rate Avg": "0",
        "Bwd Byts/b Avg": "0",
        "Bwd Pkts/b Avg": "0",
        "Bwd Blk Rate Avg": "0",
        "Subflow Fwd Pkts": "28",
        "Subflow Fwd Byts": "2710",
        "Subflow Bwd Pkts": "31",
        "Subflow Bwd Byts": "5682",
        "Init Fwd Win Byts": "-1",
        "Init Bwd Win Byts": "2043",
        "Fwd Act Data Pkts": "8",
        "Fwd Seg Size Min": "0",
        "Active Mean": "0",
        "Active Std": "0",
        "Active Max": "0",
        "Active Min": "0",
        "Idle Mean": "0",
        "Idle Std": "0",
        "Idle Max": "0",
        "Idle Min": "0",
        "Label": "No Label"
    },
    {
        "Flow ID": "192.168.3.22-200.147.253.13-57446-443-6",
        "Src IP": "200.147.253.13",
        "Src Port": "443",
        "Dst IP": "192.168.3.22",
        "Dst Port": "57446",
        "Protocol": "6",
        "Timestamp": "24/01/2023 09:42:06 AM",
        "Flow Duration": "351",
        "Tot Fwd Pkts": "1",
        "Tot Bwd Pkts": "1",
        "TotLen Fwd Pkts": "0.0",
        "TotLen Bwd Pkts": "0.0",
        "Fwd Pkt Len Max": "0.0",
        "Fwd Pkt Len Min": "0.0",
        "Fwd Pkt Len Mean": "0.0",
        "Fwd Pkt Len Std": "0.0",
        "Bwd Pkt Len Max": "0.0",
        "Bwd Pkt Len Min": "0.0",
        "Bwd Pkt Len Mean": "0.0",
        "Bwd Pkt Len Std": "0.0",
        "Flow Byts/s": "0.0",
        "Flow Pkts/s": "5698.005698005698",
        "Flow IAT Mean": "351.0",
        "Flow IAT Std": "0.0",
        "Flow IAT Max": "351.0",
        "Flow IAT Min": "351.0",
        "Fwd IAT Tot": "0",
        "Fwd IAT Mean": "0",
        "Fwd IAT Std": "0",
        "Fwd IAT Max": "0",
        "Fwd IAT Min": "0",
        "Bwd IAT Tot": "0",
        "Bwd IAT Mean": "0",
        "Bwd IAT Std": "0",
        "Bwd IAT Max": "0",
        "Bwd IAT Min": "0",
        "Fwd PSH Flags": "0",
        "Bwd PSH Flags": "0",
        "Fwd URG Flags": "0",
        "Bwd URG Flags": "0",
        "Fwd Header Len": "20",
        "Bwd Header Len": "20",
        "Fwd Pkts/s": "2849.002849002849",
        "Bwd Pkts/s": "2849.002849002849",
        "Pkt Len Min": "0.0",
        "Pkt Len Max": "0.0",
        "Pkt Len Mean": "0.0",
        "Pkt Len Std": "0.0",
        "Pkt Len Var": "0.0",
        "FIN Flag Cnt": "0",
        "SYN Flag Cnt": "0",
        "RST Flag Cnt": "1",
        "PSH Flag Cnt": "0",
        "ACK Flag Cnt": "0",
        "URG Flag Cnt": "0",
        "CWE Flag Count": "0",
        "ECE Flag Cnt": "0",
        "Down/Up Ratio": "1.0",
        "Pkt Size Avg": "0.0",
        "Fwd Seg Size Avg": "0.0",
        "Bwd Seg Size Avg": "0.0",
        "Fwd Byts/b Avg": "0",
        "Fwd Pkts/b Avg": "0",
        "Fwd Blk Rate Avg": "0",
        "Bwd Byts/b Avg": "0",
        "Bwd Pkts/b Avg": "0",
        "Bwd Blk Rate Avg": "0",
        "Subflow Fwd Pkts": "1",
        "Subflow Fwd Byts": "0",
        "Subflow Bwd Pkts": "1",
        "Subflow Bwd Byts": "0",
        "Init Fwd Win Byts": "-1",
        "Init Bwd Win Byts": "0",
        "Fwd Act Data Pkts": "0",
        "Fwd Seg Size Min": "0",
        "Active Mean": "0",
        "Active Std": "0",
        "Active Max": "0",
        "Active Min": "0",
        "Idle Mean": "0",
        "Idle Std": "0",
        "Idle Max": "0",
        "Idle Min": "0",
        "Label": "No Label"
    },
    {
        "Flow ID": "192.168.3.22-200.147.253.13-57448-443-6",
        "Src IP": "200.147.253.13",
        "Src Port": "443",
        "Dst IP": "192.168.3.22",
        "Dst Port": "57448",
        "Protocol": "6",
        "Timestamp": "24/01/2023 09:42:07 AM",
        "Flow Duration": "205",
        "Tot Fwd Pkts": "1",
        "Tot Bwd Pkts": "1",
        "TotLen Fwd Pkts": "0.0",
        "TotLen Bwd Pkts": "0.0",
        "Fwd Pkt Len Max": "0.0",
        "Fwd Pkt Len Min": "0.0",
        "Fwd Pkt Len Mean": "0.0",
        "Fwd Pkt Len Std": "0.0",
        "Bwd Pkt Len Max": "0.0",
        "Bwd Pkt Len Min": "0.0",
        "Bwd Pkt Len Mean": "0.0",
        "Bwd Pkt Len Std": "0.0",
        "Flow Byts/s": "0.0",
        "Flow Pkts/s": "9756.09756097561",
        "Flow IAT Mean": "205.0",
        "Flow IAT Std": "0.0",
        "Flow IAT Max": "205.0",
        "Flow IAT Min": "205.0",
        "Fwd IAT Tot": "0",
        "Fwd IAT Mean": "0",
        "Fwd IAT Std": "0",
        "Fwd IAT Max": "0",
        "Fwd IAT Min": "0",
        "Bwd IAT Tot": "0",
        "Bwd IAT Mean": "0",
        "Bwd IAT Std": "0",
        "Bwd IAT Max": "0",
        "Bwd IAT Min": "0",
        "Fwd PSH Flags": "0",
        "Bwd PSH Flags": "0",
        "Fwd URG Flags": "0",
        "Bwd URG Flags": "0",
        "Fwd Header Len": "20",
        "Bwd Header Len": "20",
        "Fwd Pkts/s": "4878.048780487805",
        "Bwd Pkts/s": "4878.048780487805",
        "Pkt Len Min": "0.0",
        "Pkt Len Max": "0.0",
        "Pkt Len Mean": "0.0",
        "Pkt Len Std": "0.0",
        "Pkt Len Var": "0.0",
        "FIN Flag Cnt": "0",
        "SYN Flag Cnt": "0",
        "RST Flag Cnt": "1",
        "PSH Flag Cnt": "0",
        "ACK Flag Cnt": "0",
        "URG Flag Cnt": "0",
        "CWE Flag Count": "0",
        "ECE Flag Cnt": "0",
        "Down/Up Ratio": "1.0",
        "Pkt Size Avg": "0.0",
        "Fwd Seg Size Avg": "0.0",
        "Bwd Seg Size Avg": "0.0",
        "Fwd Byts/b Avg": "0",
        "Fwd Pkts/b Avg": "0",
        "Fwd Blk Rate Avg": "0",
        "Bwd Byts/b Avg": "0",
        "Bwd Pkts/b Avg": "0",
        "Bwd Blk Rate Avg": "0",
        "Subflow Fwd Pkts": "1",
        "Subflow Fwd Byts": "0",
        "Subflow Bwd Pkts": "1",
        "Subflow Bwd Byts": "0",
        "Init Fwd Win Byts": "-1",
        "Init Bwd Win Byts": "0",
        "Fwd Act Data Pkts": "0",
        "Fwd Seg Size Min": "0",
        "Active Mean": "0",
        "Active Std": "0",
        "Active Max": "0",
        "Active Min": "0",
        "Idle Mean": "0",
        "Idle Std": "0",
        "Idle Max": "0",
        "Idle Min": "0",
        "Label": "No Label"
    },
    {
        "Flow ID": "172.217.192.188-192.168.3.22-5228-58266-6",
        "Src IP": "192.168.3.22",
        "Src Port": "58266",
        "Dst IP": "172.217.192.188",
        "Dst Port": "5228",
        "Protocol": "6",
        "Timestamp": "24/01/2023 09:42:04 AM",
        "Flow Duration": "97557",
        "Tot Fwd Pkts": "0",
        "Tot Bwd Pkts": "2",
        "TotLen Fwd Pkts": "0.0",
        "TotLen Bwd Pkts": "0.0",
        "Fwd Pkt Len Max": "0",
        "Fwd Pkt Len Min": "0",
        "Fwd Pkt Len Mean": "0",
        "Fwd Pkt Len Std": "0",
        "Bwd Pkt Len Max": "0.0",
        "Bwd Pkt Len Min": "0.0",
        "Bwd Pkt Len Mean": "0.0",
        "Bwd Pkt Len Std": "0.0",
        "Flow Byts/s": "0.0",
        "Flow Pkts/s": "20.500835409042917",
        "Flow IAT Mean": "97557.0",
        "Flow IAT Std": "0.0",
        "Flow IAT Max": "97557.0",
        "Flow IAT Min": "97557.0",
        "Fwd IAT Tot": "0",
        "Fwd IAT Mean": "0",
        "Fwd IAT Std": "0",
        "Fwd IAT Max": "0",
        "Fwd IAT Min": "0",
        "Bwd IAT Tot": "97557.0",
        "Bwd IAT Mean": "97557.0",
        "Bwd IAT Std": "0.0",
        "Bwd IAT Max": "97557.0",
        "Bwd IAT Min": "97557.0",
        "Fwd PSH Flags": "0",
        "Bwd PSH Flags": "0",
        "Fwd URG Flags": "0",
        "Bwd URG Flags": "0",
        "Fwd Header Len": "0",
        "Bwd Header Len": "64",
        "Fwd Pkts/s": "0.0",
        "Bwd Pkts/s": "20.500835409042917",
        "Pkt Len Min": "0.0",
        "Pkt Len Max": "0.0",
        "Pkt Len Mean": "0.0",
        "Pkt Len Std": "0.0",
        "Pkt Len Var": "0.0",
        "FIN Flag Cnt": "0",
        "SYN Flag Cnt": "0",
        "RST Flag Cnt": "0",
        "PSH Flag Cnt": "0",
        "ACK Flag Cnt": "1",
        "URG Flag Cnt": "0",
        "CWE Flag Count": "0",
        "ECE Flag Cnt": "0",
        "Down/Up Ratio": "0.0",
        "Pkt Size Avg": "0.0",
        "Fwd Seg Size Avg": "0.0",
        "Bwd Seg Size Avg": "0.0",
        "Fwd Byts/b Avg": "0",
        "Fwd Pkts/b Avg": "0",
        "Fwd Blk Rate Avg": "0",
        "Bwd Byts/b Avg": "0",
        "Bwd Pkts/b Avg": "0",
        "Bwd Blk Rate Avg": "0",
        "Subflow Fwd Pkts": "0",
        "Subflow Fwd Byts": "0",
        "Subflow Bwd Pkts": "2",
        "Subflow Bwd Byts": "0",
        "Init Fwd Win Byts": "-1",
        "Init Bwd Win Byts": "265",
        "Fwd Act Data Pkts": "0",
        "Fwd Seg Size Min": "0",
        "Active Mean": "0",
        "Active Std": "0",
        "Active Max": "0",
        "Active Min": "0",
        "Idle Mean": "0",
        "Idle Std": "0",
        "Idle Max": "0",
        "Idle Min": "0",
        "Label": "No Label"
    },
    {
        "Flow ID": "142.251.134.131-192.168.3.22-443-45564-6",
        "Src IP": "192.168.3.22",
        "Src Port": "45564",
        "Dst IP": "142.251.134.131",
        "Dst Port": "443",
        "Protocol": "6",
        "Timestamp": "24/01/2023 09:42:04 AM",
        "Flow Duration": "51743",
        "Tot Fwd Pkts": "0",
        "Tot Bwd Pkts": "2",
        "TotLen Fwd Pkts": "0.0",
        "TotLen Bwd Pkts": "0.0",
        "Fwd Pkt Len Max": "0",
        "Fwd Pkt Len Min": "0",
        "Fwd Pkt Len Mean": "0",
        "Fwd Pkt Len Std": "0",
        "Bwd Pkt Len Max": "0.0",
        "Bwd Pkt Len Min": "0.0",
        "Bwd Pkt Len Mean": "0.0",
        "Bwd Pkt Len Std": "0.0",
        "Flow Byts/s": "0.0",
        "Flow Pkts/s": "38.65257136230988",
        "Flow IAT Mean": "51743.0",
        "Flow IAT Std": "0.0",
        "Flow IAT Max": "51743.0",
        "Flow IAT Min": "51743.0",
        "Fwd IAT Tot": "0",
        "Fwd IAT Mean": "0",
        "Fwd IAT Std": "0",
        "Fwd IAT Max": "0",
        "Fwd IAT Min": "0",
        "Bwd IAT Tot": "51743.0",
        "Bwd IAT Mean": "51743.0",
        "Bwd IAT Std": "0.0",
        "Bwd IAT Max": "51743.0",
        "Bwd IAT Min": "51743.0",
        "Fwd PSH Flags": "0",
        "Bwd PSH Flags": "0",
        "Fwd URG Flags": "0",
        "Bwd URG Flags": "0",
        "Fwd Header Len": "0",
        "Bwd Header Len": "64",
        "Fwd Pkts/s": "0.0",
        "Bwd Pkts/s": "38.65257136230988",
        "Pkt Len Min": "0.0",
        "Pkt Len Max": "0.0",
        "Pkt Len Mean": "0.0",
        "Pkt Len Std": "0.0",
        "Pkt Len Var": "0.0",
        "FIN Flag Cnt": "0",
        "SYN Flag Cnt": "0",
        "RST Flag Cnt": "0",
        "PSH Flag Cnt": "0",
        "ACK Flag Cnt": "1",
        "URG Flag Cnt": "0",
        "CWE Flag Count": "0",
        "ECE Flag Cnt": "0",
        "Down/Up Ratio": "0.0",
        "Pkt Size Avg": "0.0",
        "Fwd Seg Size Avg": "0.0",
        "Bwd Seg Size Avg": "0.0",
        "Fwd Byts/b Avg": "0",
        "Fwd Pkts/b Avg": "0",
        "Fwd Blk Rate Avg": "0",
        "Bwd Byts/b Avg": "0",
        "Bwd Pkts/b Avg": "0",
        "Bwd Blk Rate Avg": "0",
        "Subflow Fwd Pkts": "0",
        "Subflow Fwd Byts": "0",
        "Subflow Bwd Pkts": "2",
        "Subflow Bwd Byts": "0",
        "Init Fwd Win Byts": "-1",
        "Init Bwd Win Byts": "261",
        "Fwd Act Data Pkts": "0",
        "Fwd Seg Size Min": "0",
        "Active Mean": "0",
        "Active Std": "0",
        "Active Max": "0",
        "Active Min": "0",
        "Idle Mean": "0",
        "Idle Std": "0",
        "Idle Max": "0",
        "Idle Min": "0",
        "Label": "No Label"
    },
    {
        "Flow ID": "192.168.3.22-200.147.253.13-57454-443-6",
        "Src IP": "200.147.253.13",
        "Src Port": "443",
        "Dst IP": "192.168.3.22",
        "Dst Port": "57454",
        "Protocol": "6",
        "Timestamp": "24/01/2023 09:42:08 AM",
        "Flow Duration": "36",
        "Tot Fwd Pkts": "1",
        "Tot Bwd Pkts": "1",
        "TotLen Fwd Pkts": "0.0",
        "TotLen Bwd Pkts": "0.0",
        "Fwd Pkt Len Max": "0.0",
        "Fwd Pkt Len Min": "0.0",
        "Fwd Pkt Len Mean": "0.0",
        "Fwd Pkt Len Std": "0.0",
        "Bwd Pkt Len Max": "0.0",
        "Bwd Pkt Len Min": "0.0",
        "Bwd Pkt Len Mean": "0.0",
        "Bwd Pkt Len Std": "0.0",
        "Flow Byts/s": "0.0",
        "Flow Pkts/s": "55555.555555555555",
        "Flow IAT Mean": "36.0",
        "Flow IAT Std": "0.0",
        "Flow IAT Max": "36.0",
        "Flow IAT Min": "36.0",
        "Fwd IAT Tot": "0",
        "Fwd IAT Mean": "0",
        "Fwd IAT Std": "0",
        "Fwd IAT Max": "0",
        "Fwd IAT Min": "0",
        "Bwd IAT Tot": "0",
        "Bwd IAT Mean": "0",
        "Bwd IAT Std": "0",
        "Bwd IAT Max": "0",
        "Bwd IAT Min": "0",
        "Fwd PSH Flags": "0",
        "Bwd PSH Flags": "0",
        "Fwd URG Flags": "0",
        "Bwd URG Flags": "0",
        "Fwd Header Len": "20",
        "Bwd Header Len": "20",
        "Fwd Pkts/s": "27777.777777777777",
        "Bwd Pkts/s": "27777.777777777777",
        "Pkt Len Min": "0.0",
        "Pkt Len Max": "0.0",
        "Pkt Len Mean": "0.0",
        "Pkt Len Std": "0.0",
        "Pkt Len Var": "0.0",
        "FIN Flag Cnt": "0",
        "SYN Flag Cnt": "0",
        "RST Flag Cnt": "1",
        "PSH Flag Cnt": "0",
        "ACK Flag Cnt": "0",
        "URG Flag Cnt": "0",
        "CWE Flag Count": "0",
        "ECE Flag Cnt": "0",
        "Down/Up Ratio": "1.0",
        "Pkt Size Avg": "0.0",
        "Fwd Seg Size Avg": "0.0",
        "Bwd Seg Size Avg": "0.0",
        "Fwd Byts/b Avg": "0",
        "Fwd Pkts/b Avg": "0",
        "Fwd Blk Rate Avg": "0",
        "Bwd Byts/b Avg": "0",
        "Bwd Pkts/b Avg": "0",
        "Bwd Blk Rate Avg": "0",
        "Subflow Fwd Pkts": "1",
        "Subflow Fwd Byts": "0",
        "Subflow Bwd Pkts": "1",
        "Subflow Bwd Byts": "0",
        "Init Fwd Win Byts": "-1",
        "Init Bwd Win Byts": "0",
        "Fwd Act Data Pkts": "0",
        "Fwd Seg Size Min": "0",
        "Active Mean": "0",
        "Active Std": "0",
        "Active Max": "0",
        "Active Min": "0",
        "Idle Mean": "0",
        "Idle Std": "0",
        "Idle Max": "0",
        "Idle Min": "0",
        "Label": "No Label"
    },
    {
        "Flow ID": "192.168.3.22-34.120.208.123-58702-443-6",
        "Src IP": "192.168.3.22",
        "Src Port": "58702",
        "Dst IP": "34.120.208.123",
        "Dst Port": "443",
        "Protocol": "6",
        "Timestamp": "24/01/2023 09:42:08 AM",
        "Flow Duration": "87021",
        "Tot Fwd Pkts": "1",
        "Tot Bwd Pkts": "3",
        "TotLen Fwd Pkts": "0.0",
        "TotLen Bwd Pkts": "92.0",
        "Fwd Pkt Len Max": "0.0",
        "Fwd Pkt Len Min": "0.0",
        "Fwd Pkt Len Mean": "0.0",
        "Fwd Pkt Len Std": "0.0",
        "Bwd Pkt Len Max": "46.0",
        "Bwd Pkt Len Min": "0.0",
        "Bwd Pkt Len Mean": "30.666666666666668",
        "Bwd Pkt Len Std": "26.558112382722786",
        "Flow Byts/s": "1057.2160742809208",
        "Flow Pkts/s": "45.96591627308351",
        "Flow IAT Mean": "29007.0",
        "Flow IAT Std": "24990.48212820233",
        "Flow IAT Max": "43824.0",
        "Flow IAT Min": "154.0",
        "Fwd IAT Tot": "0",
        "Fwd IAT Mean": "0",
        "Fwd IAT Std": "0",
        "Fwd IAT Max": "0",
        "Fwd IAT Min": "0",
        "Bwd IAT Tot": "43978.0",
        "Bwd IAT Mean": "21989.0",
        "Bwd IAT Std": "30879.35313441653",
        "Bwd IAT Max": "43824.0",
        "Bwd IAT Min": "154.0",
        "Fwd PSH Flags": "0",
        "Bwd PSH Flags": "1",
        "Fwd URG Flags": "0",
        "Bwd URG Flags": "0",
        "Fwd Header Len": "32",
        "Bwd Header Len": "96",
        "Fwd Pkts/s": "11.491479068270877",
        "Bwd Pkts/s": "34.47443720481263",
        "Pkt Len Min": "0.0",
        "Pkt Len Max": "46.0",
        "Pkt Len Mean": "27.6",
        "Pkt Len Std": "25.195237645237643",
        "Pkt Len Var": "634.8000000000001",
        "FIN Flag Cnt": "0",
        "SYN Flag Cnt": "0",
        "RST Flag Cnt": "0",
        "PSH Flag Cnt": "1",
        "ACK Flag Cnt": "1",
        "URG Flag Cnt": "0",
        "CWE Flag Count": "0",
        "ECE Flag Cnt": "0",
        "Down/Up Ratio": "3.0",
        "Pkt Size Avg": "34.5",
        "Fwd Seg Size Avg": "0.0",
        "Bwd Seg Size Avg": "30.666666666666668",
        "Fwd Byts/b Avg": "0",
        "Fwd Pkts/b Avg": "0",
        "Fwd Blk Rate Avg": "0",
        "Bwd Byts/b Avg": "0",
        "Bwd Pkts/b Avg": "0",
        "Bwd Blk Rate Avg": "0",
        "Subflow Fwd Pkts": "1",
        "Subflow Fwd Byts": "0",
        "Subflow Bwd Pkts": "3",
        "Subflow Bwd Byts": "92",
        "Init Fwd Win Byts": "-1",
        "Init Bwd Win Byts": "626",
        "Fwd Act Data Pkts": "0",
        "Fwd Seg Size Min": "0",
        "Active Mean": "0",
        "Active Std": "0",
        "Active Max": "0",
        "Active Min": "0",
        "Idle Mean": "0",
        "Idle Std": "0",
        "Idle Max": "0",
        "Idle Min": "0",
        "Label": "No Label"
    },
    {
        "Flow ID": "192.168.3.22-34.160.144.191-53876-443-6",
        "Src IP": "192.168.3.22",
        "Src Port": "53876",
        "Dst IP": "34.160.144.191",
        "Dst Port": "443",
        "Protocol": "6",
        "Timestamp": "24/01/2023 09:42:08 AM",
        "Flow Duration": "86899",
        "Tot Fwd Pkts": "1",
        "Tot Bwd Pkts": "3",
        "TotLen Fwd Pkts": "0.0",
        "TotLen Bwd Pkts": "92.0",
        "Fwd Pkt Len Max": "0.0",
        "Fwd Pkt Len Min": "0.0",
        "Fwd Pkt Len Mean": "0.0",
        "Fwd Pkt Len Std": "0.0",
        "Bwd Pkt Len Max": "46.0",
        "Bwd Pkt Len Min": "0.0",
        "Bwd Pkt Len Mean": "30.666666666666668",
        "Bwd Pkt Len Std": "26.558112382722786",
        "Flow Byts/s": "1058.7003302684725",
        "Flow Pkts/s": "46.0304491421075",
        "Flow IAT Mean": "28966.333333333332",
        "Flow IAT Std": "24897.324401094455",
        "Flow IAT Max": "44690.0",
        "Flow IAT Min": "261.0",
        "Fwd IAT Tot": "0",
        "Fwd IAT Mean": "0",
        "Fwd IAT Std": "0",
        "Fwd IAT Max": "0",
        "Fwd IAT Min": "0",
        "Bwd IAT Tot": "44951.0",
        "Bwd IAT Mean": "22475.5",
        "Bwd IAT Std": "31416.04718133712",
        "Bwd IAT Max": "44690.0",
        "Bwd IAT Min": "261.0",
        "Fwd PSH Flags": "0",
        "Bwd PSH Flags": "1",
        "Fwd URG Flags": "0",
        "Bwd URG Flags": "0",
        "Fwd Header Len": "32",
        "Bwd Header Len": "96",
        "Fwd Pkts/s": "11.507612285526875",
        "Bwd Pkts/s": "34.522836856580625",
        "Pkt Len Min": "0.0",
        "Pkt Len Max": "46.0",
        "Pkt Len Mean": "27.6",
        "Pkt Len Std": "25.195237645237643",
        "Pkt Len Var": "634.8000000000001",
        "FIN Flag Cnt": "0",
        "SYN Flag Cnt": "0",
        "RST Flag Cnt": "0",
        "PSH Flag Cnt": "1",
        "ACK Flag Cnt": "1",
        "URG Flag Cnt": "0",
        "CWE Flag Count": "0",
        "ECE Flag Cnt": "0",
        "Down/Up Ratio": "3.0",
        "Pkt Size Avg": "34.5",
        "Fwd Seg Size Avg": "0.0",
        "Bwd Seg Size Avg": "30.666666666666668",
        "Fwd Byts/b Avg": "0",
        "Fwd Pkts/b Avg": "0",
        "Fwd Blk Rate Avg": "0",
        "Bwd Byts/b Avg": "0",
        "Bwd Pkts/b Avg": "0",
        "Bwd Blk Rate Avg": "0",
        "Subflow Fwd Pkts": "1",
        "Subflow Fwd Byts": "0",
        "Subflow Bwd Pkts": "3",
        "Subflow Bwd Byts": "92",
        "Init Fwd Win Byts": "-1",
        "Init Bwd Win Byts": "269",
        "Fwd Act Data Pkts": "0",
        "Fwd Seg Size Min": "0",
        "Active Mean": "0",
        "Active Std": "0",
        "Active Max": "0",
        "Active Min": "0",
        "Idle Mean": "0",
        "Idle Std": "0",
        "Idle Max": "0",
        "Idle Min": "0",
        "Label": "No Label"
    },
    {
        "Flow ID": "192.168.3.22-31.13.85.51-37006-443-17",
        "Src IP": "192.168.3.22",
        "Src Port": "37006",
        "Dst IP": "31.13.85.51",
        "Dst Port": "443",
        "Protocol": "17",
        "Timestamp": "24/01/2023 09:42:04 AM",
        "Flow Duration": "2895772",
        "Tot Fwd Pkts": "20",
        "Tot Bwd Pkts": "31",
        "TotLen Fwd Pkts": "2178.0",
        "TotLen Bwd Pkts": "21090.0",
        "Fwd Pkt Len Max": "378.0",
        "Fwd Pkt Len Min": "31.0",
        "Fwd Pkt Len Mean": "108.89999999999998",
        "Fwd Pkt Len Std": "121.07844347233825",
        "Bwd Pkt Len Max": "1357.0",
        "Bwd Pkt Len Min": "42.0",
        "Bwd Pkt Len Mean": "680.3225806451612",
        "Bwd Pkt Len Std": "549.1900331152399",
        "Flow Byts/s": "8035.162989351372",
        "Flow Pkts/s": "17.611883808531886",
        "Flow IAT Mean": "57915.44000000002",
        "Flow IAT Std": "372999.7238730805",
        "Flow IAT Max": "2641228.0",
        "Flow IAT Min": "1.0",
        "Fwd IAT Tot": "2797775.0",
        "Fwd IAT Mean": "147251.31578947368",
        "Fwd IAT Std": "604112.3179741636",
        "Fwd IAT Max": "2641228.0",
        "Fwd IAT Min": "25.0",
        "Bwd IAT Tot": "2895772.0",
        "Bwd IAT Mean": "96525.73333333334",
        "Bwd IAT Std": "489445.22594393115",
        "Bwd IAT Max": "2686695.0",
        "Bwd IAT Min": "1.0",
        "Fwd PSH Flags": "0",
        "Bwd PSH Flags": "0",
        "Fwd URG Flags": "0",
        "Bwd URG Flags": "0",
        "Fwd Header Len": "160",
        "Bwd Header Len": "248",
        "Fwd Pkts/s": "6.906621101385054",
        "Bwd Pkts/s": "10.705262707146833",
        "Pkt Len Min": "31.0",
        "Pkt Len Max": "1357.0",
        "Pkt Len Mean": "473.55769230769226",
        "Pkt Len Std": "525.6575495048396",
        "Pkt Len Var": "276315.8593514329",
        "FIN Flag Cnt": "0",
        "SYN Flag Cnt": "0",
        "RST Flag Cnt": "0",
        "PSH Flag Cnt": "0",
        "ACK Flag Cnt": "0",
        "URG Flag Cnt": "0",
        "CWE Flag Count": "0",
        "ECE Flag Cnt": "0",
        "Down/Up Ratio": "1.0",
        "Pkt Size Avg": "482.84313725490193",
        "Fwd Seg Size Avg": "108.9",
        "Bwd Seg Size Avg": "680.3225806451613",
        "Fwd Byts/b Avg": "0",
        "Fwd Pkts/b Avg": "0",
        "Fwd Blk Rate Avg": "0",
        "Bwd Byts/b Avg": "0",
        "Bwd Pkts/b Avg": "0",
        "Bwd Blk Rate Avg": "0",
        "Subflow Fwd Pkts": "20",
        "Subflow Fwd Byts": "2178",
        "Subflow Bwd Pkts": "31",
        "Subflow Bwd Byts": "21090",
        "Init Fwd Win Byts": "-1",
        "Init Bwd Win Byts": "-1",
        "Fwd Act Data Pkts": "20",
        "Fwd Seg Size Min": "0",
        "Active Mean": "0",
        "Active Std": "0",
        "Active Max": "0",
        "Active Min": "0",
        "Idle Mean": "0",
        "Idle Std": "0",
        "Idle Max": "0",
        "Idle Min": "0",
        "Label": "No Label"
    },
    {
        "Flow ID": "192.168.3.1-192.168.3.22-53-51975-17",
        "Src IP": "192.168.3.22",
        "Src Port": "51975",
        "Dst IP": "192.168.3.1",
        "Dst Port": "53",
        "Protocol": "17",
        "Timestamp": "24/01/2023 09:42:07 AM",
        "Flow Duration": "3141",
        "Tot Fwd Pkts": "0",
        "Tot Bwd Pkts": "2",
        "TotLen Fwd Pkts": "0.0",
        "TotLen Bwd Pkts": "121.0",
        "Fwd Pkt Len Max": "0",
        "Fwd Pkt Len Min": "0",
        "Fwd Pkt Len Mean": "0",
        "Fwd Pkt Len Std": "0",
        "Bwd Pkt Len Max": "87.0",
        "Bwd Pkt Len Min": "34.0",
        "Bwd Pkt Len Mean": "60.5",
        "Bwd Pkt Len Std": "37.476659402887016",
        "Flow Byts/s": "38522.76345113021",
        "Flow Pkts/s": "636.7398917542183",
        "Flow IAT Mean": "3141.0",
        "Flow IAT Std": "0.0",
        "Flow IAT Max": "3141.0",
        "Flow IAT Min": "3141.0",
        "Fwd IAT Tot": "0",
        "Fwd IAT Mean": "0",
        "Fwd IAT Std": "0",
        "Fwd IAT Max": "0",
        "Fwd IAT Min": "0",
        "Bwd IAT Tot": "3141.0",
        "Bwd IAT Mean": "3141.0",
        "Bwd IAT Std": "0.0",
        "Bwd IAT Max": "3141.0",
        "Bwd IAT Min": "3141.0",
        "Fwd PSH Flags": "0",
        "Bwd PSH Flags": "0",
        "Fwd URG Flags": "0",
        "Bwd URG Flags": "0",
        "Fwd Header Len": "0",
        "Bwd Header Len": "16",
        "Fwd Pkts/s": "0.0",
        "Bwd Pkts/s": "636.7398917542183",
        "Pkt Len Min": "34.0",
        "Pkt Len Max": "87.0",
        "Pkt Len Mean": "51.66666666666667",
        "Pkt Len Std": "30.599564267050166",
        "Pkt Len Var": "936.3333333333334",
        "FIN Flag Cnt": "0",
        "SYN Flag Cnt": "0",
        "RST Flag Cnt": "0",
        "PSH Flag Cnt": "0",
        "ACK Flag Cnt": "0",
        "URG Flag Cnt": "0",
        "CWE Flag Count": "0",
        "ECE Flag Cnt": "0",
        "Down/Up Ratio": "0.0",
        "Pkt Size Avg": "77.5",
        "Fwd Seg Size Avg": "0.0",
        "Bwd Seg Size Avg": "60.5",
        "Fwd Byts/b Avg": "0",
        "Fwd Pkts/b Avg": "0",
        "Fwd Blk Rate Avg": "0",
        "Bwd Byts/b Avg": "0",
        "Bwd Pkts/b Avg": "0",
        "Bwd Blk Rate Avg": "0",
        "Subflow Fwd Pkts": "0",
        "Subflow Fwd Byts": "0",
        "Subflow Bwd Pkts": "2",
        "Subflow Bwd Byts": "121",
        "Init Fwd Win Byts": "-1",
        "Init Bwd Win Byts": "-1",
        "Fwd Act Data Pkts": "0",
        "Fwd Seg Size Min": "0",
        "Active Mean": "0",
        "Active Std": "0",
        "Active Max": "0",
        "Active Min": "0",
        "Idle Mean": "0",
        "Idle Std": "0",
        "Idle Max": "0",
        "Idle Min": "0",
        "Label": "No Label"
    },
    {
        "Flow ID": "192.168.3.1-192.168.3.22-53-36850-17",
        "Src IP": "192.168.3.22",
        "Src Port": "36850",
        "Dst IP": "192.168.3.1",
        "Dst Port": "53",
        "Protocol": "17",
        "Timestamp": "24/01/2023 09:42:04 AM",
        "Flow Duration": "5141",
        "Tot Fwd Pkts": "0",
        "Tot Bwd Pkts": "2",
        "TotLen Fwd Pkts": "0.0",
        "TotLen Bwd Pkts": "109.0",
        "Fwd Pkt Len Max": "0",
        "Fwd Pkt Len Min": "0",
        "Fwd Pkt Len Mean": "0",
        "Fwd Pkt Len Std": "0",
        "Bwd Pkt Len Max": "75.0",
        "Bwd Pkt Len Min": "34.0",
        "Bwd Pkt Len Mean": "54.5",
        "Bwd Pkt Len Std": "28.991378028648448",
        "Flow Byts/s": "21202.100758607277",
        "Flow Pkts/s": "389.0293717175647",
        "Flow IAT Mean": "5141.0",
        "Flow IAT Std": "0.0",
        "Flow IAT Max": "5141.0",
        "Flow IAT Min": "5141.0",
        "Fwd IAT Tot": "0",
        "Fwd IAT Mean": "0",
        "Fwd IAT Std": "0",
        "Fwd IAT Max": "0",
        "Fwd IAT Min": "0",
        "Bwd IAT Tot": "5141.0",
        "Bwd IAT Mean": "5141.0",
        "Bwd IAT Std": "0.0",
        "Bwd IAT Max": "5141.0",
        "Bwd IAT Min": "5141.0",
        "Fwd PSH Flags": "0",
        "Bwd PSH Flags": "0",
        "Fwd URG Flags": "0",
        "Bwd URG Flags": "0",
        "Fwd Header Len": "0",
        "Bwd Header Len": "16",
        "Fwd Pkts/s": "0.0",
        "Bwd Pkts/s": "389.0293717175647",
        "Pkt Len Min": "34.0",
        "Pkt Len Max": "75.0",
        "Pkt Len Mean": "47.666666666666664",
        "Pkt Len Std": "23.671361036774655",
        "Pkt Len Var": "560.3333333333333",
        "FIN Flag Cnt": "0",
        "SYN Flag Cnt": "0",
        "RST Flag Cnt": "0",
        "PSH Flag Cnt": "0",
        "ACK Flag Cnt": "0",
        "URG Flag Cnt": "0",
        "CWE Flag Count": "0",
        "ECE Flag Cnt": "0",
        "Down/Up Ratio": "0.0",
        "Pkt Size Avg": "71.5",
        "Fwd Seg Size Avg": "0.0",
        "Bwd Seg Size Avg": "54.5",
        "Fwd Byts/b Avg": "0",
        "Fwd Pkts/b Avg": "0",
        "Fwd Blk Rate Avg": "0",
        "Bwd Byts/b Avg": "0",
        "Bwd Pkts/b Avg": "0",
        "Bwd Blk Rate Avg": "0",
        "Subflow Fwd Pkts": "0",
        "Subflow Fwd Byts": "0",
        "Subflow Bwd Pkts": "2",
        "Subflow Bwd Byts": "109",
        "Init Fwd Win Byts": "-1",
        "Init Bwd Win Byts": "-1",
        "Fwd Act Data Pkts": "0",
        "Fwd Seg Size Min": "0",
        "Active Mean": "0",
        "Active Std": "0",
        "Active Max": "0",
        "Active Min": "0",
        "Idle Mean": "0",
        "Idle Std": "0",
        "Idle Max": "0",
        "Idle Min": "0",
        "Label": "No Label"
    },
    {
        "Flow ID": "192.168.3.22-35.244.181.201-48792-443-6",
        "Src IP": "192.168.3.22",
        "Src Port": "48792",
        "Dst IP": "35.244.181.201",
        "Dst Port": "443",
        "Protocol": "6",
        "Timestamp": "24/01/2023 09:42:08 AM",
        "Flow Duration": "87064",
        "Tot Fwd Pkts": "1",
        "Tot Bwd Pkts": "3",
        "TotLen Fwd Pkts": "0.0",
        "TotLen Bwd Pkts": "92.0",
        "Fwd Pkt Len Max": "0.0",
        "Fwd Pkt Len Min": "0.0",
        "Fwd Pkt Len Mean": "0.0",
        "Fwd Pkt Len Std": "0.0",
        "Bwd Pkt Len Max": "46.0",
        "Bwd Pkt Len Min": "0.0",
        "Bwd Pkt Len Mean": "30.666666666666668",
        "Bwd Pkt Len Std": "26.558112382722786",
        "Flow Byts/s": "1056.6939263070844",
        "Flow Pkts/s": "45.94321418726454",
        "Flow IAT Mean": "29021.333333333332",
        "Flow IAT Std": "24422.710994755133",
        "Flow IAT Max": "43605.0",
        "Flow IAT Min": "826.0",
        "Fwd IAT Tot": "0",
        "Fwd IAT Mean": "0",
        "Fwd IAT Std": "0",
        "Fwd IAT Max": "0",
        "Fwd IAT Min": "0",
        "Bwd IAT Tot": "44431.0",
        "Bwd IAT Mean": "22215.5",
        "Bwd IAT Std": "30249.32099237932",
        "Bwd IAT Max": "43605.0",
        "Bwd IAT Min": "826.0",
        "Fwd PSH Flags": "0",
        "Bwd PSH Flags": "1",
        "Fwd URG Flags": "0",
        "Bwd URG Flags": "0",
        "Fwd Header Len": "32",
        "Bwd Header Len": "96",
        "Fwd Pkts/s": "11.485803546816134",
        "Bwd Pkts/s": "34.4574106404484",
        "Pkt Len Min": "0.0",
        "Pkt Len Max": "46.0",
        "Pkt Len Mean": "27.6",
        "Pkt Len Std": "25.195237645237643",
        "Pkt Len Var": "634.8000000000001",
        "FIN Flag Cnt": "0",
        "SYN Flag Cnt": "0",
        "RST Flag Cnt": "0",
        "PSH Flag Cnt": "1",
        "ACK Flag Cnt": "1",
        "URG Flag Cnt": "0",
        "CWE Flag Count": "0",
        "ECE Flag Cnt": "0",
        "Down/Up Ratio": "3.0",
        "Pkt Size Avg": "34.5",
        "Fwd Seg Size Avg": "0.0",
        "Bwd Seg Size Avg": "30.666666666666668",
        "Fwd Byts/b Avg": "0",
        "Fwd Pkts/b Avg": "0",
        "Fwd Blk Rate Avg": "0",
        "Bwd Byts/b Avg": "0",
        "Bwd Pkts/b Avg": "0",
        "Bwd Blk Rate Avg": "0",
        "Subflow Fwd Pkts": "1",
        "Subflow Fwd Byts": "0",
        "Subflow Bwd Pkts": "3",
        "Subflow Bwd Byts": "92",
        "Init Fwd Win Byts": "-1",
        "Init Bwd Win Byts": "269",
        "Fwd Act Data Pkts": "0",
        "Fwd Seg Size Min": "0",
        "Active Mean": "0",
        "Active Std": "0",
        "Active Max": "0",
        "Active Min": "0",
        "Idle Mean": "0",
        "Idle Std": "0",
        "Idle Max": "0",
        "Idle Min": "0",
        "Label": "No Label"
    },
    {
        "Flow ID": "142.251.128.40-192.168.3.22-443-60106-6",
        "Src IP": "192.168.3.22",
        "Src Port": "60106",
        "Dst IP": "142.251.128.40",
        "Dst Port": "443",
        "Protocol": "6",
        "Timestamp": "24/01/2023 09:42:06 AM",
        "Flow Duration": "43957",
        "Tot Fwd Pkts": "0",
        "Tot Bwd Pkts": "2",
        "TotLen Fwd Pkts": "0.0",
        "TotLen Bwd Pkts": "0.0",
        "Fwd Pkt Len Max": "0",
        "Fwd Pkt Len Min": "0",
        "Fwd Pkt Len Mean": "0",
        "Fwd Pkt Len Std": "0",
        "Bwd Pkt Len Max": "0.0",
        "Bwd Pkt Len Min": "0.0",
        "Bwd Pkt Len Mean": "0.0",
        "Bwd Pkt Len Std": "0.0",
        "Flow Byts/s": "0.0",
        "Flow Pkts/s": "45.49901039652387",
        "Flow IAT Mean": "43957.0",
        "Flow IAT Std": "0.0",
        "Flow IAT Max": "43957.0",
        "Flow IAT Min": "43957.0",
        "Fwd IAT Tot": "0",
        "Fwd IAT Mean": "0",
        "Fwd IAT Std": "0",
        "Fwd IAT Max": "0",
        "Fwd IAT Min": "0",
        "Bwd IAT Tot": "43957.0",
        "Bwd IAT Mean": "43957.0",
        "Bwd IAT Std": "0.0",
        "Bwd IAT Max": "43957.0",
        "Bwd IAT Min": "43957.0",
        "Fwd PSH Flags": "0",
        "Bwd PSH Flags": "0",
        "Fwd URG Flags": "0",
        "Bwd URG Flags": "0",
        "Fwd Header Len": "0",
        "Bwd Header Len": "64",
        "Fwd Pkts/s": "0.0",
        "Bwd Pkts/s": "45.49901039652387",
        "Pkt Len Min": "0.0",
        "Pkt Len Max": "0.0",
        "Pkt Len Mean": "0.0",
        "Pkt Len Std": "0.0",
        "Pkt Len Var": "0.0",
        "FIN Flag Cnt": "0",
        "SYN Flag Cnt": "0",
        "RST Flag Cnt": "0",
        "PSH Flag Cnt": "0",
        "ACK Flag Cnt": "1",
        "URG Flag Cnt": "0",
        "CWE Flag Count": "0",
        "ECE Flag Cnt": "0",
        "Down/Up Ratio": "0.0",
        "Pkt Size Avg": "0.0",
        "Fwd Seg Size Avg": "0.0",
        "Bwd Seg Size Avg": "0.0",
        "Fwd Byts/b Avg": "0",
        "Fwd Pkts/b Avg": "0",
        "Fwd Blk Rate Avg": "0",
        "Bwd Byts/b Avg": "0",
        "Bwd Pkts/b Avg": "0",
        "Bwd Blk Rate Avg": "0",
        "Subflow Fwd Pkts": "0",
        "Subflow Fwd Byts": "0",
        "Subflow Bwd Pkts": "2",
        "Subflow Bwd Byts": "0",
        "Init Fwd Win Byts": "-1",
        "Init Bwd Win Byts": "261",
        "Fwd Act Data Pkts": "0",
        "Fwd Seg Size Min": "0",
        "Active Mean": "0",
        "Active Std": "0",
        "Active Max": "0",
        "Active Min": "0",
        "Idle Mean": "0",
        "Idle Std": "0",
        "Idle Max": "0",
        "Idle Min": "0",
        "Label": "No Label"
    },
    {
        "Flow ID": "192.168.3.1-192.168.3.22-53-33966-17",
        "Src IP": "192.168.3.22",
        "Src Port": "33966",
        "Dst IP": "192.168.3.1",
        "Dst Port": "53",
        "Protocol": "17",
        "Timestamp": "24/01/2023 09:42:04 AM",
        "Flow Duration": "4889",
        "Tot Fwd Pkts": "0",
        "Tot Bwd Pkts": "2",
        "TotLen Fwd Pkts": "0.0",
        "TotLen Bwd Pkts": "121.0",
        "Fwd Pkt Len Max": "0",
        "Fwd Pkt Len Min": "0",
        "Fwd Pkt Len Mean": "0",
        "Fwd Pkt Len Std": "0",
        "Bwd Pkt Len Max": "87.0",
        "Bwd Pkt Len Min": "34.0",
        "Bwd Pkt Len Mean": "60.5",
        "Bwd Pkt Len Std": "37.476659402887016",
        "Flow Byts/s": "24749.4375127838",
        "Flow Pkts/s": "409.0816117815504",
        "Flow IAT Mean": "4889.0",
        "Flow IAT Std": "0.0",
        "Flow IAT Max": "4889.0",
        "Flow IAT Min": "4889.0",
        "Fwd IAT Tot": "0",
        "Fwd IAT Mean": "0",
        "Fwd IAT Std": "0",
        "Fwd IAT Max": "0",
        "Fwd IAT Min": "0",
        "Bwd IAT Tot": "4889.0",
        "Bwd IAT Mean": "4889.0",
        "Bwd IAT Std": "0.0",
        "Bwd IAT Max": "4889.0",
        "Bwd IAT Min": "4889.0",
        "Fwd PSH Flags": "0",
        "Bwd PSH Flags": "0",
        "Fwd URG Flags": "0",
        "Bwd URG Flags": "0",
        "Fwd Header Len": "0",
        "Bwd Header Len": "16",
        "Fwd Pkts/s": "0.0",
        "Bwd Pkts/s": "409.0816117815504",
        "Pkt Len Min": "34.0",
        "Pkt Len Max": "87.0",
        "Pkt Len Mean": "51.66666666666667",
        "Pkt Len Std": "30.599564267050166",
        "Pkt Len Var": "936.3333333333334",
        "FIN Flag Cnt": "0",
        "SYN Flag Cnt": "0",
        "RST Flag Cnt": "0",
        "PSH Flag Cnt": "0",
        "ACK Flag Cnt": "0",
        "URG Flag Cnt": "0",
        "CWE Flag Count": "0",
        "ECE Flag Cnt": "0",
        "Down/Up Ratio": "0.0",
        "Pkt Size Avg": "77.5",
        "Fwd Seg Size Avg": "0.0",
        "Bwd Seg Size Avg": "60.5",
        "Fwd Byts/b Avg": "0",
        "Fwd Pkts/b Avg": "0",
        "Fwd Blk Rate Avg": "0",
        "Bwd Byts/b Avg": "0",
        "Bwd Pkts/b Avg": "0",
        "Bwd Blk Rate Avg": "0",
        "Subflow Fwd Pkts": "0",
        "Subflow Fwd Byts": "0",
        "Subflow Bwd Pkts": "2",
        "Subflow Bwd Byts": "121",
        "Init Fwd Win Byts": "-1",
        "Init Bwd Win Byts": "-1",
        "Fwd Act Data Pkts": "0",
        "Fwd Seg Size Min": "0",
        "Active Mean": "0",
        "Active Std": "0",
        "Active Max": "0",
        "Active Min": "0",
        "Idle Mean": "0",
        "Idle Std": "0",
        "Idle Max": "0",
        "Idle Min": "0",
        "Label": "No Label"
    },
    {
        "Flow ID": "192.168.3.22-3.33.220.150-54240-443-6",
        "Src IP": "192.168.3.22",
        "Src Port": "54240",
        "Dst IP": "3.33.220.150",
        "Dst Port": "443",
        "Protocol": "6",
        "Timestamp": "24/01/2023 09:42:08 AM",
        "Flow Duration": "45966",
        "Tot Fwd Pkts": "1",
        "Tot Bwd Pkts": "2",
        "TotLen Fwd Pkts": "0.0",
        "TotLen Bwd Pkts": "92.0",
        "Fwd Pkt Len Max": "0.0",
        "Fwd Pkt Len Min": "0.0",
        "Fwd Pkt Len Mean": "0.0",
        "Fwd Pkt Len Std": "0.0",
        "Bwd Pkt Len Max": "46.0",
        "Bwd Pkt Len Min": "46.0",
        "Bwd Pkt Len Mean": "46.0",
        "Bwd Pkt Len Std": "0.0",
        "Flow Byts/s": "2001.479354305356",
        "Flow Pkts/s": "65.26563111865292",
        "Flow IAT Mean": "22983.0",
        "Flow IAT Std": "32480.242887022872",
        "Flow IAT Max": "45950.0",
        "Flow IAT Min": "16.0",
        "Fwd IAT Tot": "0",
        "Fwd IAT Mean": "0",
        "Fwd IAT Std": "0",
        "Fwd IAT Max": "0",
        "Fwd IAT Min": "0",
        "Bwd IAT Tot": "45950.0",
        "Bwd IAT Mean": "45950.0",
        "Bwd IAT Std": "0.0",
        "Bwd IAT Max": "45950.0",
        "Bwd IAT Min": "45950.0",
        "Fwd PSH Flags": "0",
        "Bwd PSH Flags": "1",
        "Fwd URG Flags": "0",
        "Bwd URG Flags": "0",
        "Fwd Header Len": "32",
        "Bwd Header Len": "64",
        "Fwd Pkts/s": "21.755210372884306",
        "Bwd Pkts/s": "43.51042074576861",
        "Pkt Len Min": "0.0",
        "Pkt Len Max": "46.0",
        "Pkt Len Mean": "34.5",
        "Pkt Len Std": "23.0",
        "Pkt Len Var": "529.0",
        "FIN Flag Cnt": "0",
        "SYN Flag Cnt": "0",
        "RST Flag Cnt": "0",
        "PSH Flag Cnt": "1",
        "ACK Flag Cnt": "1",
        "URG Flag Cnt": "0",
        "CWE Flag Count": "0",
        "ECE Flag Cnt": "0",
        "Down/Up Ratio": "2.0",
        "Pkt Size Avg": "46.0",
        "Fwd Seg Size Avg": "0.0",
        "Bwd Seg Size Avg": "46.0",
        "Fwd Byts/b Avg": "0",
        "Fwd Pkts/b Avg": "0",
        "Fwd Blk Rate Avg": "0",
        "Bwd Byts/b Avg": "0",
        "Bwd Pkts/b Avg": "0",
        "Bwd Blk Rate Avg": "0",
        "Subflow Fwd Pkts": "1",
        "Subflow Fwd Byts": "0",
        "Subflow Bwd Pkts": "2",
        "Subflow Bwd Byts": "92",
        "Init Fwd Win Byts": "-1",
        "Init Bwd Win Byts": "269",
        "Fwd Act Data Pkts": "0",
        "Fwd Seg Size Min": "0",
        "Active Mean": "0",
        "Active Std": "0",
        "Active Max": "0",
        "Active Min": "0",
        "Idle Mean": "0",
        "Idle Std": "0",
        "Idle Max": "0",
        "Idle Min": "0",
        "Label": "No Label"
    },
    {
        "Flow ID": "192.168.3.22-13.227.126.37-56046-443-6",
        "Src IP": "192.168.3.22",
        "Src Port": "56046",
        "Dst IP": "13.227.126.37",
        "Dst Port": "443",
        "Protocol": "6",
        "Timestamp": "24/01/2023 09:42:05 AM",
        "Flow Duration": "45354",
        "Tot Fwd Pkts": "1",
        "Tot Bwd Pkts": "3",
        "TotLen Fwd Pkts": "0.0",
        "TotLen Bwd Pkts": "78.0",
        "Fwd Pkt Len Max": "0.0",
        "Fwd Pkt Len Min": "0.0",
        "Fwd Pkt Len Mean": "0.0",
        "Fwd Pkt Len Std": "0.0",
        "Bwd Pkt Len Max": "39.0",
        "Bwd Pkt Len Min": "0.0",
        "Bwd Pkt Len Mean": "26.0",
        "Bwd Pkt Len Std": "22.516660498395403",
        "Flow Byts/s": "1719.8042069056753",
        "Flow Pkts/s": "88.19508753362437",
        "Flow IAT Mean": "15118.0",
        "Flow IAT Std": "26036.28729293023",
        "Flow IAT Max": "45182.0",
        "Flow IAT Min": "14.0",
        "Fwd IAT Tot": "0",
        "Fwd IAT Mean": "0",
        "Fwd IAT Std": "0",
        "Fwd IAT Max": "0",
        "Fwd IAT Min": "0",
        "Bwd IAT Tot": "45340.0",
        "Bwd IAT Mean": "22670.0",
        "Bwd IAT Std": "31836.775716143115",
        "Bwd IAT Max": "45182.0",
        "Bwd IAT Min": "158.0",
        "Fwd PSH Flags": "0",
        "Bwd PSH Flags": "1",
        "Fwd URG Flags": "0",
        "Bwd URG Flags": "0",
        "Fwd Header Len": "32",
        "Bwd Header Len": "96",
        "Fwd Pkts/s": "22.048771883406094",
        "Bwd Pkts/s": "66.14631565021828",
        "Pkt Len Min": "0.0",
        "Pkt Len Max": "39.0",
        "Pkt Len Mean": "23.4",
        "Pkt Len Std": "21.361179742701477",
        "Pkt Len Var": "456.29999999999995",
        "FIN Flag Cnt": "0",
        "SYN Flag Cnt": "0",
        "RST Flag Cnt": "0",
        "PSH Flag Cnt": "1",
        "ACK Flag Cnt": "1",
        "URG Flag Cnt": "0",
        "CWE Flag Count": "0",
        "ECE Flag Cnt": "0",
        "Down/Up Ratio": "3.0",
        "Pkt Size Avg": "29.25",
        "Fwd Seg Size Avg": "0.0",
        "Bwd Seg Size Avg": "26.0",
        "Fwd Byts/b Avg": "0",
        "Fwd Pkts/b Avg": "0",
        "Fwd Blk Rate Avg": "0",
        "Bwd Byts/b Avg": "0",
        "Bwd Pkts/b Avg": "0",
        "Bwd Blk Rate Avg": "0",
        "Subflow Fwd Pkts": "1",
        "Subflow Fwd Byts": "0",
        "Subflow Bwd Pkts": "3",
        "Subflow Bwd Byts": "78",
        "Init Fwd Win Byts": "-1",
        "Init Bwd Win Byts": "133",
        "Fwd Act Data Pkts": "0",
        "Fwd Seg Size Min": "0",
        "Active Mean": "0",
        "Active Std": "0",
        "Active Max": "0",
        "Active Min": "0",
        "Idle Mean": "0",
        "Idle Std": "0",
        "Idle Max": "0",
        "Idle Min": "0",
        "Label": "No Label"
    },
    {
        "Flow ID": "192.168.3.1-192.168.3.22-53-36940-17",
        "Src IP": "192.168.3.22",
        "Src Port": "36940",
        "Dst IP": "192.168.3.1",
        "Dst Port": "53",
        "Protocol": "17",
        "Timestamp": "24/01/2023 09:42:07 AM",
        "Flow Duration": "2745",
        "Tot Fwd Pkts": "0",
        "Tot Bwd Pkts": "2",
        "TotLen Fwd Pkts": "0.0",
        "TotLen Bwd Pkts": "133.0",
        "Fwd Pkt Len Max": "0",
        "Fwd Pkt Len Min": "0",
        "Fwd Pkt Len Mean": "0",
        "Fwd Pkt Len Std": "0",
        "Bwd Pkt Len Max": "99.0",
        "Bwd Pkt Len Min": "34.0",
        "Bwd Pkt Len Mean": "66.5",
        "Bwd Pkt Len Std": "45.96194077712559",
        "Flow Byts/s": "48451.73041894353",
        "Flow Pkts/s": "728.5974499089253",
        "Flow IAT Mean": "2745.0",
        "Flow IAT Std": "0.0",
        "Flow IAT Max": "2745.0",
        "Flow IAT Min": "2745.0",
        "Fwd IAT Tot": "0",
        "Fwd IAT Mean": "0",
        "Fwd IAT Std": "0",
        "Fwd IAT Max": "0",
        "Fwd IAT Min": "0",
        "Bwd IAT Tot": "2745.0",
        "Bwd IAT Mean": "2745.0",
        "Bwd IAT Std": "0.0",
        "Bwd IAT Max": "2745.0",
        "Bwd IAT Min": "2745.0",
        "Fwd PSH Flags": "0",
        "Bwd PSH Flags": "0",
        "Fwd URG Flags": "0",
        "Bwd URG Flags": "0",
        "Fwd Header Len": "0",
        "Bwd Header Len": "16",
        "Fwd Pkts/s": "0.0",
        "Bwd Pkts/s": "728.5974499089253",
        "Pkt Len Min": "34.0",
        "Pkt Len Max": "99.0",
        "Pkt Len Mean": "55.66666666666667",
        "Pkt Len Std": "37.52776749732568",
        "Pkt Len Var": "1408.3333333333335",
        "FIN Flag Cnt": "0",
        "SYN Flag Cnt": "0",
        "RST Flag Cnt": "0",
        "PSH Flag Cnt": "0",
        "ACK Flag Cnt": "0",
        "URG Flag Cnt": "0",
        "CWE Flag Count": "0",
        "ECE Flag Cnt": "0",
        "Down/Up Ratio": "0.0",
        "Pkt Size Avg": "83.5",
        "Fwd Seg Size Avg": "0.0",
        "Bwd Seg Size Avg": "66.5",
        "Fwd Byts/b Avg": "0",
        "Fwd Pkts/b Avg": "0",
        "Fwd Blk Rate Avg": "0",
        "Bwd Byts/b Avg": "0",
        "Bwd Pkts/b Avg": "0",
        "Bwd Blk Rate Avg": "0",
        "Subflow Fwd Pkts": "0",
        "Subflow Fwd Byts": "0",
        "Subflow Bwd Pkts": "2",
        "Subflow Bwd Byts": "133",
        "Init Fwd Win Byts": "-1",
        "Init Bwd Win Byts": "-1",
        "Fwd Act Data Pkts": "0",
        "Fwd Seg Size Min": "0",
        "Active Mean": "0",
        "Active Std": "0",
        "Active Max": "0",
        "Active Min": "0",
        "Idle Mean": "0",
        "Idle Std": "0",
        "Idle Max": "0",
        "Idle Min": "0",
        "Label": "No Label"
    },
    {
        "Flow ID": "192.168.3.22-13.227.97.71-46528-443-6",
        "Src IP": "192.168.3.22",
        "Src Port": "46528",
        "Dst IP": "13.227.97.71",
        "Dst Port": "443",
        "Protocol": "6",
        "Timestamp": "24/01/2023 09:42:04 AM",
        "Flow Duration": "46042",
        "Tot Fwd Pkts": "1",
        "Tot Bwd Pkts": "2",
        "TotLen Fwd Pkts": "0.0",
        "TotLen Bwd Pkts": "78.0",
        "Fwd Pkt Len Max": "0.0",
        "Fwd Pkt Len Min": "0.0",
        "Fwd Pkt Len Mean": "0.0",
        "Fwd Pkt Len Std": "0.0",
        "Bwd Pkt Len Max": "39.0",
        "Bwd Pkt Len Min": "39.0",
        "Bwd Pkt Len Mean": "39.0",
        "Bwd Pkt Len Std": "0.0",
        "Flow Byts/s": "1694.105382042483",
        "Flow Pkts/s": "65.15789930932627",
        "Flow IAT Mean": "23021.0",
        "Flow IAT Std": "32512.769798957455",
        "Flow IAT Max": "46011.0",
        "Flow IAT Min": "31.0",
        "Fwd IAT Tot": "0",
        "Fwd IAT Mean": "0",
        "Fwd IAT Std": "0",
        "Fwd IAT Max": "0",
        "Fwd IAT Min": "0",
        "Bwd IAT Tot": "46011.0",
        "Bwd IAT Mean": "46011.0",
        "Bwd IAT Std": "0.0",
        "Bwd IAT Max": "46011.0",
        "Bwd IAT Min": "46011.0",
        "Fwd PSH Flags": "0",
        "Bwd PSH Flags": "1",
        "Fwd URG Flags": "0",
        "Bwd URG Flags": "0",
        "Fwd Header Len": "32",
        "Bwd Header Len": "64",
        "Fwd Pkts/s": "21.71929976977542",
        "Bwd Pkts/s": "43.43859953955084",
        "Pkt Len Min": "0.0",
        "Pkt Len Max": "39.0",
        "Pkt Len Mean": "29.25",
        "Pkt Len Std": "19.5",
        "Pkt Len Var": "380.25",
        "FIN Flag Cnt": "0",
        "SYN Flag Cnt": "0",
        "RST Flag Cnt": "0",
        "PSH Flag Cnt": "1",
        "ACK Flag Cnt": "1",
        "URG Flag Cnt": "0",
        "CWE Flag Count": "0",
        "ECE Flag Cnt": "0",
        "Down/Up Ratio": "2.0",
        "Pkt Size Avg": "39.0",
        "Fwd Seg Size Avg": "0.0",
        "Bwd Seg Size Avg": "39.0",
        "Fwd Byts/b Avg": "0",
        "Fwd Pkts/b Avg": "0",
        "Fwd Blk Rate Avg": "0",
        "Bwd Byts/b Avg": "0",
        "Bwd Pkts/b Avg": "0",
        "Bwd Blk Rate Avg": "0",
        "Subflow Fwd Pkts": "1",
        "Subflow Fwd Byts": "0",
        "Subflow Bwd Pkts": "2",
        "Subflow Bwd Byts": "78",
        "Init Fwd Win Byts": "-1",
        "Init Bwd Win Byts": "247",
        "Fwd Act Data Pkts": "0",
        "Fwd Seg Size Min": "0",
        "Active Mean": "0",
        "Active Std": "0",
        "Active Max": "0",
        "Active Min": "0",
        "Idle Mean": "0",
        "Idle Std": "0",
        "Idle Max": "0",
        "Idle Min": "0",
        "Label": "No Label"
    },
    {
        "Flow ID": "172.217.29.14-192.168.3.22-443-45653-17",
        "Src IP": "192.168.3.22",
        "Src Port": "45653",
        "Dst IP": "172.217.29.14",
        "Dst Port": "443",
        "Protocol": "17",
        "Timestamp": "24/01/2023 09:42:07 AM",
        "Flow Duration": "317262",
        "Tot Fwd Pkts": "9",
        "Tot Bwd Pkts": "14",
        "TotLen Fwd Pkts": "310.0",
        "TotLen Bwd Pkts": "11387.0",
        "Fwd Pkt Len Max": "38.0",
        "Fwd Pkt Len Min": "33.0",
        "Fwd Pkt Len Mean": "34.44444444444444",
        "Fwd Pkt Len Std": "1.4240006242195884",
        "Bwd Pkt Len Max": "1250.0",
        "Bwd Pkt Len Min": "25.0",
        "Bwd Pkt Len Mean": "813.3571428571429",
        "Bwd Pkt Len Std": "566.6749994000573",
        "Flow Byts/s": "36868.581803052366",
        "Flow Pkts/s": "72.4952878062926",
        "Flow IAT Mean": "14420.999999999998",
        "Flow IAT Std": "30527.03373202497",
        "Flow IAT Max": "130361.0",
        "Flow IAT Min": "2.0",
        "Fwd IAT Tot": "199790.0",
        "Fwd IAT Mean": "24973.75",
        "Fwd IAT Std": "45647.494372637804",
        "Fwd IAT Max": "130759.0",
        "Fwd IAT Min": "71.0",
        "Bwd IAT Tot": "317262.0",
        "Bwd IAT Mean": "24404.769230769234",
        "Bwd IAT Std": "42194.6181642356",
        "Bwd IAT Max": "130601.0",
        "Bwd IAT Min": "2.0",
        "Fwd PSH Flags": "0",
        "Bwd PSH Flags": "0",
        "Fwd URG Flags": "0",
        "Bwd URG Flags": "0",
        "Fwd Header Len": "72",
        "Bwd Header Len": "112",
        "Fwd Pkts/s": "28.367721315505797",
        "Bwd Pkts/s": "44.1275664907868",
        "Pkt Len Min": "25.0",
        "Pkt Len Max": "1250.0",
        "Pkt Len Mean": "526.25",
        "Pkt Len Std": "577.5100413205704",
        "Pkt Len Var": "333517.847826087",
        "FIN Flag Cnt": "0",
        "SYN Flag Cnt": "0",
        "RST Flag Cnt": "0",
        "PSH Flag Cnt": "0",
        "ACK Flag Cnt": "0",
        "URG Flag Cnt": "0",
        "CWE Flag Count": "0",
        "ECE Flag Cnt": "0",
        "Down/Up Ratio": "1.0",
        "Pkt Size Avg": "549.1304347826087",
        "Fwd Seg Size Avg": "34.44444444444444",
        "Bwd Seg Size Avg": "813.3571428571429",
        "Fwd Byts/b Avg": "0",
        "Fwd Pkts/b Avg": "0",
        "Fwd Blk Rate Avg": "0",
        "Bwd Byts/b Avg": "0",
        "Bwd Pkts/b Avg": "0",
        "Bwd Blk Rate Avg": "0",
        "Subflow Fwd Pkts": "9",
        "Subflow Fwd Byts": "310",
        "Subflow Bwd Pkts": "14",
        "Subflow Bwd Byts": "11387",
        "Init Fwd Win Byts": "-1",
        "Init Bwd Win Byts": "-1",
        "Fwd Act Data Pkts": "9",
        "Fwd Seg Size Min": "0",
        "Active Mean": "0",
        "Active Std": "0",
        "Active Max": "0",
        "Active Min": "0",
        "Idle Mean": "0",
        "Idle Std": "0",
        "Idle Max": "0",
        "Idle Min": "0",
        "Label": "No Label"
    },
    {
        "Flow ID": "192.168.3.22-104.17.24.14-52192-443-6",
        "Src IP": "192.168.3.22",
        "Src Port": "52192",
        "Dst IP": "104.17.24.14",
        "Dst Port": "443",
        "Protocol": "6",
        "Timestamp": "24/01/2023 09:42:04 AM",
        "Flow Duration": "4329",
        "Tot Fwd Pkts": "0",
        "Tot Bwd Pkts": "2",
        "TotLen Fwd Pkts": "0.0",
        "TotLen Bwd Pkts": "0.0",
        "Fwd Pkt Len Max": "0",
        "Fwd Pkt Len Min": "0",
        "Fwd Pkt Len Mean": "0",
        "Fwd Pkt Len Std": "0",
        "Bwd Pkt Len Max": "0.0",
        "Bwd Pkt Len Min": "0.0",
        "Bwd Pkt Len Mean": "0.0",
        "Bwd Pkt Len Std": "0.0",
        "Flow Byts/s": "0.0",
        "Flow Pkts/s": "462.00046200046194",
        "Flow IAT Mean": "4329.0",
        "Flow IAT Std": "0.0",
        "Flow IAT Max": "4329.0",
        "Flow IAT Min": "4329.0",
        "Fwd IAT Tot": "0",
        "Fwd IAT Mean": "0",
        "Fwd IAT Std": "0",
        "Fwd IAT Max": "0",
        "Fwd IAT Min": "0",
        "Bwd IAT Tot": "4329.0",
        "Bwd IAT Mean": "4329.0",
        "Bwd IAT Std": "0.0",
        "Bwd IAT Max": "4329.0",
        "Bwd IAT Min": "4329.0",
        "Fwd PSH Flags": "0",
        "Bwd PSH Flags": "0",
        "Fwd URG Flags": "0",
        "Bwd URG Flags": "0",
        "Fwd Header Len": "0",
        "Bwd Header Len": "64",
        "Fwd Pkts/s": "0.0",
        "Bwd Pkts/s": "462.00046200046194",
        "Pkt Len Min": "0.0",
        "Pkt Len Max": "0.0",
        "Pkt Len Mean": "0.0",
        "Pkt Len Std": "0.0",
        "Pkt Len Var": "0.0",
        "FIN Flag Cnt": "0",
        "SYN Flag Cnt": "0",
        "RST Flag Cnt": "0",
        "PSH Flag Cnt": "0",
        "ACK Flag Cnt": "1",
        "URG Flag Cnt": "0",
        "CWE Flag Count": "0",
        "ECE Flag Cnt": "0",
        "Down/Up Ratio": "0.0",
        "Pkt Size Avg": "0.0",
        "Fwd Seg Size Avg": "0.0",
        "Bwd Seg Size Avg": "0.0",
        "Fwd Byts/b Avg": "0",
        "Fwd Pkts/b Avg": "0",
        "Fwd Blk Rate Avg": "0",
        "Bwd Byts/b Avg": "0",
        "Bwd Pkts/b Avg": "0",
        "Bwd Blk Rate Avg": "0",
        "Subflow Fwd Pkts": "0",
        "Subflow Fwd Byts": "0",
        "Subflow Bwd Pkts": "2",
        "Subflow Bwd Byts": "0",
        "Init Fwd Win Byts": "-1",
        "Init Bwd Win Byts": "8",
        "Fwd Act Data Pkts": "0",
        "Fwd Seg Size Min": "0",
        "Active Mean": "0",
        "Active Std": "0",
        "Active Max": "0",
        "Active Min": "0",
        "Idle Mean": "0",
        "Idle Std": "0",
        "Idle Max": "0",
        "Idle Min": "0",
        "Label": "No Label"
    }
]