[
    {
        "Flow ID": "192.168.3.22-13.227.97.68-49722-443-6",
        "Src IP": "192.168.3.22",
        "Src Port": "49722",
        "Dst IP": "13.227.97.68",
        "Dst Port": "443",
        "Protocol": "6",
        "Timestamp": "24/01/2023 09:42:40 AM",
        "Flow Duration": "505",
        "Tot Fwd Pkts": "1",
        "Tot Bwd Pkts": "1",
        "TotLen Fwd Pkts": "24.0",
        "TotLen Bwd Pkts": "39.0",
        "Fwd Pkt Len Max": "24.0",
        "Fwd Pkt Len Min": "24.0",
        "Fwd Pkt Len Mean": "24.0",
        "Fwd Pkt Len Std": "0.0",
        "Bwd Pkt Len Max": "39.0",
        "Bwd Pkt Len Min": "39.0",
        "Bwd Pkt Len Mean": "39.0",
        "Bwd Pkt Len Std": "0.0",
        "Flow Byts/s": "124752.47524752475",
        "Flow Pkts/s": "3960.39603960396",
        "Flow IAT Mean": "505.0",
        "Flow IAT Std": "0.0",
        "Flow IAT Max": "505.0",
        "Flow IAT Min": "505.0",
        "Fwd IAT Tot": "0",
        "Fwd IAT Mean": "0",
        "Fwd IAT Std": "0",
        "Fwd IAT Max": "0",
        "Fwd IAT Min": "0",
        "Bwd IAT Tot": "0",
        "Bwd IAT Mean": "0",
        "Bwd IAT Std": "0",
        "Bwd IAT Max": "0",
        "Bwd IAT Min": "0",
        "Fwd PSH Flags": "0",
        "Bwd PSH Flags": "1",
        "Fwd URG Flags": "0",
        "Bwd URG Flags": "0",
        "Fwd Header Len": "32",
        "Bwd Header Len": "32",
        "Fwd Pkts/s": "1980.19801980198",
        "Bwd Pkts/s": "1980.19801980198",
        "Pkt Len Min": "24.0",
        "Pkt Len Max": "39.0",
        "Pkt Len Mean": "34.0",
        "Pkt Len Std": "8.660254037844387",
        "Pkt Len Var": "75.0",
        "FIN Flag Cnt": "0",
        "SYN Flag Cnt": "0",
        "RST Flag Cnt": "0",
        "PSH Flag Cnt": "1",
        "ACK Flag Cnt": "1",
        "URG Flag Cnt": "0",
        "CWE Flag Count": "0",
        "ECE Flag Cnt": "0",
        "Down/Up Ratio": "1.0",
        "Pkt Size Avg": "51.0",
        "Fwd Seg Size Avg": "24.0",
        "Bwd Seg Size Avg": "39.0",
        "Fwd Byts/b Avg": "0",
        "Fwd Pkts/b Avg": "0",
        "Fwd Blk Rate Avg": "0",
        "Bwd Byts/b Avg": "0",
        "Bwd Pkts/b Avg": "0",
        "Bwd Blk Rate Avg": "0",
        "Subflow Fwd Pkts": "1",
        "Subflow Fwd Byts": "24",
        "Subflow Bwd Pkts": "1",
        "Subflow Bwd Byts": "39",
        "Init Fwd Win Byts": "-1",
        "Init Bwd Win Byts": "1770",
        "Fwd Act Data Pkts": "1",
        "Fwd Seg Size Min": "0",
        "Active Mean": "0",
        "Active Std": "0",
        "Active Max": "0",
        "Active Min": "0",
        "Idle Mean": "0",
        "Idle Std": "0",
        "Idle Max": "0",
        "Idle Min": "0",
        "Label": "No Label"
    },
    {
        "Flow ID": "192.168.3.22-13.227.97.68-49722-443-6",
        "Src IP": "13.227.97.68",
        "Src Port": "443",
        "Dst IP": "192.168.3.22",
        "Dst Port": "49722",
        "Protocol": "6",
        "Timestamp": "24/01/2023 09:42:40 AM",
        "Flow Duration": "46",
        "Tot Fwd Pkts": "1",
        "Tot Bwd Pkts": "1",
        "TotLen Fwd Pkts": "0.0",
        "TotLen Bwd Pkts": "0.0",
        "Fwd Pkt Len Max": "0.0",
        "Fwd Pkt Len Min": "0.0",
        "Fwd Pkt Len Mean": "0.0",
        "Fwd Pkt Len Std": "0.0",
        "Bwd Pkt Len Max": "0.0",
        "Bwd Pkt Len Min": "0.0",
        "Bwd Pkt Len Mean": "0.0",
        "Bwd Pkt Len Std": "0.0",
        "Flow Byts/s": "0.0",
        "Flow Pkts/s": "43478.260869565216",
        "Flow IAT Mean": "46.0",
        "Flow IAT Std": "0.0",
        "Flow IAT Max": "46.0",
        "Flow IAT Min": "46.0",
        "Fwd IAT Tot": "0",
        "Fwd IAT Mean": "0",
        "Fwd IAT Std": "0",
        "Fwd IAT Max": "0",
        "Fwd IAT Min": "0",
        "Bwd IAT Tot": "0",
        "Bwd IAT Mean": "0",
        "Bwd IAT Std": "0",
        "Bwd IAT Max": "0",
        "Bwd IAT Min": "0",
        "Fwd PSH Flags": "0",
        "Bwd PSH Flags": "0",
        "Fwd URG Flags": "0",
        "Bwd URG Flags": "0",
        "Fwd Header Len": "32",
        "Bwd Header Len": "32",
        "Fwd Pkts/s": "21739.130434782608",
        "Bwd Pkts/s": "21739.130434782608",
        "Pkt Len Min": "0.0",
        "Pkt Len Max": "0.0",
        "Pkt Len Mean": "0.0",
        "Pkt Len Std": "0.0",
        "Pkt Len Var": "0.0",
        "FIN Flag Cnt": "0",
        "SYN Flag Cnt": "0",
        "RST Flag Cnt": "0",
        "PSH Flag Cnt": "0",
        "ACK Flag Cnt": "1",
        "URG Flag Cnt": "0",
        "CWE Flag Count": "0",
        "ECE Flag Cnt": "0",
        "Down/Up Ratio": "1.0",
        "Pkt Size Avg": "0.0",
        "Fwd Seg Size Avg": "0.0",
        "Bwd Seg Size Avg": "0.0",
        "Fwd Byts/b Avg": "0",
        "Fwd Pkts/b Avg": "0",
        "Fwd Blk Rate Avg": "0",
        "Bwd Byts/b Avg": "0",
        "Bwd Pkts/b Avg": "0",
        "Bwd Blk Rate Avg": "0",
        "Subflow Fwd Pkts": "1",
        "Subflow Fwd Byts": "0",
        "Subflow Bwd Pkts": "1",
        "Subflow Bwd Byts": "0",
        "Init Fwd Win Byts": "-1",
        "Init Bwd Win Byts": "135",
        "Fwd Act Data Pkts": "0",
        "Fwd Seg Size Min": "0",
        "Active Mean": "0",
        "Active Std": "0",
        "Active Max": "0",
        "Active Min": "0",
        "Idle Mean": "0",
        "Idle Std": "0",
        "Idle Max": "0",
        "Idle Min": "0",
        "Label": "No Label"
    },
    {
        "Flow ID": "142.251.129.34-192.168.3.22-443-51084-17",
        "Src IP": "192.168.3.22",
        "Src Port": "51084",
        "Dst IP": "142.251.129.34",
        "Dst Port": "443",
        "Protocol": "17",
        "Timestamp": "24/01/2023 09:42:41 AM",
        "Flow Duration": "311730",
        "Tot Fwd Pkts": "9",
        "Tot Bwd Pkts": "13",
        "TotLen Fwd Pkts": "776.0",
        "TotLen Bwd Pkts": "5862.0",
        "Fwd Pkt Len Max": "276.0",
        "Fwd Pkt Len Min": "31.0",
        "Fwd Pkt Len Mean": "86.22222222222223",
        "Fwd Pkt Len Std": "89.88572992663765",
        "Bwd Pkt Len Max": "1357.0",
        "Bwd Pkt Len Min": "28.0",
        "Bwd Pkt Len Mean": "450.92307692307685",
        "Bwd Pkt Len Std": "550.9645272214993",
        "Flow Byts/s": "21294.068584993423",
        "Flow Pkts/s": "70.5738940750008",
        "Flow IAT Mean": "14844.285714285716",
        "Flow IAT Std": "22618.72407352558",
        "Flow IAT Max": "68096.0",
        "Flow IAT Min": "14.0",
        "Fwd IAT Tot": "242677.0",
        "Fwd IAT Mean": "30334.625000000007",
        "Fwd IAT Std": "36524.538616182406",
        "Fwd IAT Max": "96140.0",
        "Fwd IAT Min": "772.0",
        "Bwd IAT Tot": "311730.0",
        "Bwd IAT Mean": "25977.5",
        "Bwd IAT Std": "28628.62746686197",
        "Bwd IAT Max": "70567.0",
        "Bwd IAT Min": "14.0",
        "Fwd PSH Flags": "0",
        "Bwd PSH Flags": "0",
        "Fwd URG Flags": "0",
        "Bwd URG Flags": "0",
        "Fwd Header Len": "72",
        "Bwd Header Len": "104",
        "Fwd Pkts/s": "28.8711384852276",
        "Bwd Pkts/s": "41.7027555897732",
        "Pkt Len Min": "28.0",
        "Pkt Len Max": "1357.0",
        "Pkt Len Mean": "347.6086956521739",
        "Pkt Len Std": "499.08623222212395",
        "Pkt Len Var": "249087.06719367582",
        "FIN Flag Cnt": "0",
        "SYN Flag Cnt": "0",
        "RST Flag Cnt": "0",
        "PSH Flag Cnt": "0",
        "ACK Flag Cnt": "0",
        "URG Flag Cnt": "0",
        "CWE Flag Count": "0",
        "ECE Flag Cnt": "0",
        "Down/Up Ratio": "1.0",
        "Pkt Size Avg": "363.40909090909093",
        "Fwd Seg Size Avg": "86.22222222222223",
        "Bwd Seg Size Avg": "450.9230769230769",
        "Fwd Byts/b Avg": "0",
        "Fwd Pkts/b Avg": "0",
        "Fwd Blk Rate Avg": "0",
        "Bwd Byts/b Avg": "0",
        "Bwd Pkts/b Avg": "0",
        "Bwd Blk Rate Avg": "0",
        "Subflow Fwd Pkts": "9",
        "Subflow Fwd Byts": "776",
        "Subflow Bwd Pkts": "13",
        "Subflow Bwd Byts": "5862",
        "Init Fwd Win Byts": "-1",
        "Init Bwd Win Byts": "-1",
        "Fwd Act Data Pkts": "9",
        "Fwd Seg Size Min": "0",
        "Active Mean": "0",
        "Active Std": "0",
        "Active Max": "0",
        "Active Min": "0",
        "Idle Mean": "0",
        "Idle Std": "0",
        "Idle Max": "0",
        "Idle Min": "0",
        "Label": "No Label"
    },
    {
        "Flow ID": "192.168.3.22-31.13.85.51-59566-443-6",
        "Src IP": "192.168.3.22",
        "Src Port": "59566",
        "Dst IP": "31.13.85.51",
        "Dst Port": "443",
        "Protocol": "6",
        "Timestamp": "24/01/2023 09:42:43 AM",
        "Flow Duration": "459045",
        "Tot Fwd Pkts": "10",
        "Tot Bwd Pkts": "12",
        "TotLen Fwd Pkts": "507.0",
        "TotLen Bwd Pkts": "1309.0",
        "Fwd Pkt Len Max": "194.0",
        "Fwd Pkt Len Min": "0.0",
        "Fwd Pkt Len Mean": "50.7",
        "Fwd Pkt Len Std": "70.64001069585926",
        "Bwd Pkt Len Max": "439.0",
        "Bwd Pkt Len Min": "0.0",
        "Bwd Pkt Len Mean": "109.08333333333333",
        "Bwd Pkt Len Std": "152.6216107260242",
        "Flow Byts/s": "3956.039168273263",
        "Flow Pkts/s": "47.92558463767169",
        "Flow IAT Mean": "21859.285714285714",
        "Flow IAT Std": "51272.14078829053",
        "Flow IAT Max": "195657.0",
        "Flow IAT Min": "7.0",
        "Fwd IAT Tot": "458973.0",
        "Fwd IAT Mean": "50996.99999999999",
        "Fwd IAT Std": "92605.2171680948",
        "Fwd IAT Max": "240846.0",
        "Fwd IAT Min": "504.0",
        "Bwd IAT Tot": "459016.0",
        "Bwd IAT Mean": "41728.72727272727",
        "Bwd IAT Std": "66811.5683262875",
        "Bwd IAT Max": "198641.0",
        "Bwd IAT Min": "169.0",
        "Fwd PSH Flags": "0",
        "Bwd PSH Flags": "1",
        "Fwd URG Flags": "0",
        "Bwd URG Flags": "0",
        "Fwd Header Len": "320",
        "Bwd Header Len": "384",
        "Fwd Pkts/s": "21.784356653487134",
        "Bwd Pkts/s": "26.141227984184557",
        "Pkt Len Min": "0.0",
        "Pkt Len Max": "439.0",
        "Pkt Len Mean": "83.8695652173913",
        "Pkt Len Std": "120.72067848317758",
        "Pkt Len Var": "14573.482213438734",
        "FIN Flag Cnt": "0",
        "SYN Flag Cnt": "0",
        "RST Flag Cnt": "0",
        "PSH Flag Cnt": "1",
        "ACK Flag Cnt": "1",
        "URG Flag Cnt": "0",
        "CWE Flag Count": "0",
        "ECE Flag Cnt": "0",
        "Down/Up Ratio": "1.0",
        "Pkt Size Avg": "87.68181818181819",
        "Fwd Seg Size Avg": "50.7",
        "Bwd Seg Size Avg": "109.08333333333333",
        "Fwd Byts/b Avg": "0",
        "Fwd Pkts/b Avg": "0",
        "Fwd Blk Rate Avg": "0",
        "Bwd Byts/b Avg": "0",
        "Bwd Pkts/b Avg": "0",
        "Bwd Blk Rate Avg": "0",
        "Subflow Fwd Pkts": "10",
        "Subflow Fwd Byts": "507",
        "Subflow Bwd Pkts": "12",
        "Subflow Bwd Byts": "1309",
        "Init Fwd Win Byts": "-1",
        "Init Bwd Win Byts": "2043",
        "Fwd Act Data Pkts": "4",
        "Fwd Seg Size Min": "0",
        "Active Mean": "0",
        "Active Std": "0",
        "Active Max": "0",
        "Active Min": "0",
        "Idle Mean": "0",
        "Idle Std": "0",
        "Idle Max": "0",
        "Idle Min": "0",
        "Label": "No Label"
    },
    {
        "Flow ID": "192.168.3.1-192.168.3.22-53-53182-17",
        "Src IP": "192.168.3.22",
        "Src Port": "53182",
        "Dst IP": "192.168.3.1",
        "Dst Port": "53",
        "Protocol": "17",
        "Timestamp": "24/01/2023 09:42:44 AM",
        "Flow Duration": "49706",
        "Tot Fwd Pkts": "0",
        "Tot Bwd Pkts": "2",
        "TotLen Fwd Pkts": "0.0",
        "TotLen Bwd Pkts": "154.0",
        "Fwd Pkt Len Max": "0",
        "Fwd Pkt Len Min": "0",
        "Fwd Pkt Len Mean": "0",
        "Fwd Pkt Len Std": "0",
        "Bwd Pkt Len Max": "85.0",
        "Bwd Pkt Len Min": "69.0",
        "Bwd Pkt Len Mean": "77.0",
        "Bwd Pkt Len Std": "11.313708498984761",
        "Flow Byts/s": "3098.217519011789",
        "Flow Pkts/s": "40.23659115599726",
        "Flow IAT Mean": "49706.0",
        "Flow IAT Std": "0.0",
        "Flow IAT Max": "49706.0",
        "Flow IAT Min": "49706.0",
        "Fwd IAT Tot": "0",
        "Fwd IAT Mean": "0",
        "Fwd IAT Std": "0",
        "Fwd IAT Max": "0",
        "Fwd IAT Min": "0",
        "Bwd IAT Tot": "49706.0",
        "Bwd IAT Mean": "49706.0",
        "Bwd IAT Std": "0.0",
        "Bwd IAT Max": "49706.0",
        "Bwd IAT Min": "49706.0",
        "Fwd PSH Flags": "0",
        "Bwd PSH Flags": "0",
        "Fwd URG Flags": "0",
        "Bwd URG Flags": "0",
        "Fwd Header Len": "0",
        "Bwd Header Len": "16",
        "Fwd Pkts/s": "0.0",
        "Bwd Pkts/s": "40.23659115599726",
        "Pkt Len Min": "69.0",
        "Pkt Len Max": "85.0",
        "Pkt Len Mean": "74.33333333333333",
        "Pkt Len Std": "9.237604307034012",
        "Pkt Len Var": "85.33333333333333",
        "FIN Flag Cnt": "0",
        "SYN Flag Cnt": "0",
        "RST Flag Cnt": "0",
        "PSH Flag Cnt": "0",
        "ACK Flag Cnt": "0",
        "URG Flag Cnt": "0",
        "CWE Flag Count": "0",
        "ECE Flag Cnt": "0",
        "Down/Up Ratio": "0.0",
        "Pkt Size Avg": "111.5",
        "Fwd Seg Size Avg": "0.0",
        "Bwd Seg Size Avg": "77.0",
        "Fwd Byts/b Avg": "0",
        "Fwd Pkts/b Avg": "0",
        "Fwd Blk Rate Avg": "0",
        "Bwd Byts/b Avg": "0",
        "Bwd Pkts/b Avg": "0",
        "Bwd Blk Rate Avg": "0",
        "Subflow Fwd Pkts": "0",
        "Subflow Fwd Byts": "0",
        "Subflow Bwd Pkts": "2",
        "Subflow Bwd Byts": "154",
        "Init Fwd Win Byts": "-1",
        "Init Bwd Win Byts": "-1",
        "Fwd Act Data Pkts": "0",
        "Fwd Seg Size Min": "0",
        "Active Mean": "0",
        "Active Std": "0",
        "Active Max": "0",
        "Active Min": "0",
        "Idle Mean": "0",
        "Idle Std": "0",
        "Idle Max": "0",
        "Idle Min": "0",
        "Label": "No Label"
    },
    {
        "Flow ID": "142.251.128.46-192.168.3.22-443-47728-17",
        "Src IP": "192.168.3.22",
        "Src Port": "47728",
        "Dst IP": "142.251.128.46",
        "Dst Port": "443",
        "Protocol": "17",
        "Timestamp": "24/01/2023 09:42:41 AM",
        "Flow Duration": "155333",
        "Tot Fwd Pkts": "3",
        "Tot Bwd Pkts": "5",
        "TotLen Fwd Pkts": "104.0",
        "TotLen Bwd Pkts": "622.0",
        "Fwd Pkt Len Max": "38.0",
        "Fwd Pkt Len Min": "33.0",
        "Fwd Pkt Len Mean": "34.666666666666664",
        "Fwd Pkt Len Std": "2.886751345948129",
        "Bwd Pkt Len Max": "349.0",
        "Bwd Pkt Len Min": "26.0",
        "Bwd Pkt Len Mean": "124.4",
        "Bwd Pkt Len Std": "131.77746393067366",
        "Flow Byts/s": "4673.829772166893",
        "Flow Pkts/s": "51.502256442610395",
        "Flow IAT Mean": "22190.42857142857",
        "Flow IAT Std": "19440.14592586814",
        "Flow IAT Max": "44937.0",
        "Flow IAT Min": "8.0",
        "Fwd IAT Tot": "55832.0",
        "Fwd IAT Mean": "27916.0",
        "Fwd IAT Std": "18360.734680289894",
        "Fwd IAT Max": "40899.0",
        "Fwd IAT Min": "14933.0",
        "Bwd IAT Tot": "155333.0",
        "Bwd IAT Mean": "38833.25",
        "Bwd IAT Std": "26114.23400338086",
        "Bwd IAT Max": "55173.0",
        "Bwd IAT Min": "319.0",
        "Fwd PSH Flags": "0",
        "Bwd PSH Flags": "0",
        "Fwd URG Flags": "0",
        "Bwd URG Flags": "0",
        "Fwd Header Len": "24",
        "Bwd Header Len": "40",
        "Fwd Pkts/s": "19.313346165978896",
        "Bwd Pkts/s": "32.188910276631496",
        "Pkt Len Min": "26.0",
        "Pkt Len Max": "349.0",
        "Pkt Len Mean": "119.44444444444444",
        "Pkt Len Std": "134.09801556241533",
        "Pkt Len Var": "17982.27777777778",
        "FIN Flag Cnt": "0",
        "SYN Flag Cnt": "0",
        "RST Flag Cnt": "0",
        "PSH Flag Cnt": "0",
        "ACK Flag Cnt": "0",
        "URG Flag Cnt": "0",
        "CWE Flag Count": "0",
        "ECE Flag Cnt": "0",
        "Down/Up Ratio": "1.0",
        "Pkt Size Avg": "134.375",
        "Fwd Seg Size Avg": "34.666666666666664",
        "Bwd Seg Size Avg": "124.4",
        "Fwd Byts/b Avg": "0",
        "Fwd Pkts/b Avg": "0",
        "Fwd Blk Rate Avg": "0",
        "Bwd Byts/b Avg": "0",
        "Bwd Pkts/b Avg": "0",
        "Bwd Blk Rate Avg": "0",
        "Subflow Fwd Pkts": "3",
        "Subflow Fwd Byts": "104",
        "Subflow Bwd Pkts": "5",
        "Subflow Bwd Byts": "622",
        "Init Fwd Win Byts": "-1",
        "Init Bwd Win Byts": "-1",
        "Fwd Act Data Pkts": "3",
        "Fwd Seg Size Min": "0",
        "Active Mean": "0",
        "Active Std": "0",
        "Active Max": "0",
        "Active Min": "0",
        "Idle Mean": "0",
        "Idle Std": "0",
        "Idle Max": "0",
        "Idle Min": "0",
        "Label": "No Label"
    },
    {
        "Flow ID": "140.82.114.25-192.168.3.22-443-56902-6",
        "Src IP": "140.82.114.25",
        "Src Port": "443",
        "Dst IP": "192.168.3.22",
        "Dst Port": "56902",
        "Protocol": "6",
        "Timestamp": "24/01/2023 09:42:41 AM",
        "Flow Duration": "91774",
        "Tot Fwd Pkts": "1",
        "Tot Bwd Pkts": "2",
        "TotLen Fwd Pkts": "0.0",
        "TotLen Bwd Pkts": "56.0",
        "Fwd Pkt Len Max": "0.0",
        "Fwd Pkt Len Min": "0.0",
        "Fwd Pkt Len Mean": "0.0",
        "Fwd Pkt Len Std": "0.0",
        "Bwd Pkt Len Max": "30.0",
        "Bwd Pkt Len Min": "26.0",
        "Bwd Pkt Len Mean": "28.0",
        "Bwd Pkt Len Std": "2.8284271247461903",
        "Flow Byts/s": "610.1946084947807",
        "Flow Pkts/s": "32.68899688364897",
        "Flow IAT Mean": "45887.0",
        "Flow IAT Std": "64516.4227154606",
        "Flow IAT Max": "91507.0",
        "Flow IAT Min": "267.0",
        "Fwd IAT Tot": "0",
        "Fwd IAT Mean": "0",
        "Fwd IAT Std": "0",
        "Fwd IAT Max": "0",
        "Fwd IAT Min": "0",
        "Bwd IAT Tot": "267.0",
        "Bwd IAT Mean": "267.0",
        "Bwd IAT Std": "0.0",
        "Bwd IAT Max": "267.0",
        "Bwd IAT Min": "267.0",
        "Fwd PSH Flags": "0",
        "Bwd PSH Flags": "1",
        "Fwd URG Flags": "0",
        "Bwd URG Flags": "0",
        "Fwd Header Len": "32",
        "Bwd Header Len": "64",
        "Fwd Pkts/s": "10.896332294549655",
        "Bwd Pkts/s": "21.79266458909931",
        "Pkt Len Min": "0.0",
        "Pkt Len Max": "30.0",
        "Pkt Len Mean": "20.5",
        "Pkt Len Std": "13.79613472438325",
        "Pkt Len Var": "190.3333333333333",
        "FIN Flag Cnt": "0",
        "SYN Flag Cnt": "0",
        "RST Flag Cnt": "0",
        "PSH Flag Cnt": "1",
        "ACK Flag Cnt": "1",
        "URG Flag Cnt": "0",
        "CWE Flag Count": "0",
        "ECE Flag Cnt": "0",
        "Down/Up Ratio": "2.0",
        "Pkt Size Avg": "27.333333333333332",
        "Fwd Seg Size Avg": "0.0",
        "Bwd Seg Size Avg": "28.0",
        "Fwd Byts/b Avg": "0",
        "Fwd Pkts/b Avg": "0",
        "Fwd Blk Rate Avg": "0",
        "Bwd Byts/b Avg": "0",
        "Bwd Pkts/b Avg": "0",
        "Bwd Blk Rate Avg": "0",
        "Subflow Fwd Pkts": "1",
        "Subflow Fwd Byts": "0",
        "Subflow Bwd Pkts": "2",
        "Subflow Bwd Byts": "56",
        "Init Fwd Win Byts": "-1",
        "Init Bwd Win Byts": "501",
        "Fwd Act Data Pkts": "0",
        "Fwd Seg Size Min": "0",
        "Active Mean": "0",
        "Active Std": "0",
        "Active Max": "0",
        "Active Min": "0",
        "Idle Mean": "0",
        "Idle Std": "0",
        "Idle Max": "0",
        "Idle Min": "0",
        "Label": "No Label"
    },
    {
        "Flow ID": "192.168.3.1-192.168.3.22-53-51660-17",
        "Src IP": "192.168.3.22",
        "Src Port": "51660",
        "Dst IP": "192.168.3.1",
        "Dst Port": "53",
        "Protocol": "17",
        "Timestamp": "24/01/2023 09:42:41 AM",
        "Flow Duration": "52486",
        "Tot Fwd Pkts": "0",
        "Tot Bwd Pkts": "2",
        "TotLen Fwd Pkts": "0.0",
        "TotLen Bwd Pkts": "118.0",
        "Fwd Pkt Len Max": "0",
        "Fwd Pkt Len Min": "0",
        "Fwd Pkt Len Mean": "0",
        "Fwd Pkt Len Std": "0",
        "Bwd Pkt Len Max": "73.0",
        "Bwd Pkt Len Min": "45.0",
        "Bwd Pkt Len Mean": "59.0",
        "Bwd Pkt Len Std": "19.79898987322333",
        "Flow Byts/s": "2248.2185725717336",
        "Flow Pkts/s": "38.105399535114124",
        "Flow IAT Mean": "52486.0",
        "Flow IAT Std": "0.0",
        "Flow IAT Max": "52486.0",
        "Flow IAT Min": "52486.0",
        "Fwd IAT Tot": "0",
        "Fwd IAT Mean": "0",
        "Fwd IAT Std": "0",
        "Fwd IAT Max": "0",
        "Fwd IAT Min": "0",
        "Bwd IAT Tot": "52486.0",
        "Bwd IAT Mean": "52486.0",
        "Bwd IAT Std": "0.0",
        "Bwd IAT Max": "52486.0",
        "Bwd IAT Min": "52486.0",
        "Fwd PSH Flags": "0",
        "Bwd PSH Flags": "0",
        "Fwd URG Flags": "0",
        "Bwd URG Flags": "0",
        "Fwd Header Len": "0",
        "Bwd Header Len": "16",
        "Fwd Pkts/s": "0.0",
        "Bwd Pkts/s": "38.105399535114124",
        "Pkt Len Min": "45.0",
        "Pkt Len Max": "73.0",
        "Pkt Len Mean": "54.333333333333336",
        "Pkt Len Std": "16.165807537309522",
        "Pkt Len Var": "261.33333333333337",
        "FIN Flag Cnt": "0",
        "SYN Flag Cnt": "0",
        "RST Flag Cnt": "0",
        "PSH Flag Cnt": "0",
        "ACK Flag Cnt": "0",
        "URG Flag Cnt": "0",
        "CWE Flag Count": "0",
        "ECE Flag Cnt": "0",
        "Down/Up Ratio": "0.0",
        "Pkt Size Avg": "81.5",
        "Fwd Seg Size Avg": "0.0",
        "Bwd Seg Size Avg": "59.0",
        "Fwd Byts/b Avg": "0",
        "Fwd Pkts/b Avg": "0",
        "Fwd Blk Rate Avg": "0",
        "Bwd Byts/b Avg": "0",
        "Bwd Pkts/b Avg": "0",
        "Bwd Blk Rate Avg": "0",
        "Subflow Fwd Pkts": "0",
        "Subflow Fwd Byts": "0",
        "Subflow Bwd Pkts": "2",
        "Subflow Bwd Byts": "118",
        "Init Fwd Win Byts": "-1",
        "Init Bwd Win Byts": "-1",
        "Fwd Act Data Pkts": "0",
        "Fwd Seg Size Min": "0",
        "Active Mean": "0",
        "Active Std": "0",
        "Active Max": "0",
        "Active Min": "0",
        "Idle Mean": "0",
        "Idle Std": "0",
        "Idle Max": "0",
        "Idle Min": "0",
        "Label": "No Label"
    },
    {
        "Flow ID": "192.168.3.22-31.13.85.51-45499-443-17",
        "Src IP": "192.168.3.22",
        "Src Port": "45499",
        "Dst IP": "31.13.85.51",
        "Dst Port": "443",
        "Protocol": "17",
        "Timestamp": "24/01/2023 09:42:44 AM",
        "Flow Duration": "98823",
        "Tot Fwd Pkts": "3",
        "Tot Bwd Pkts": "12",
        "TotLen Fwd Pkts": "558.0",
        "TotLen Bwd Pkts": "6621.0",
        "Fwd Pkt Len Max": "399.0",
        "Fwd Pkt Len Min": "35.0",
        "Fwd Pkt Len Mean": "186.0",
        "Fwd Pkt Len Std": "189.75510533316356",
        "Bwd Pkt Len Max": "1357.0",
        "Bwd Pkt Len Min": "42.0",
        "Bwd Pkt Len Mean": "551.7500000000001",
        "Bwd Pkt Len Std": "560.225948735297",
        "Flow Byts/s": "72645.0320269573",
        "Flow Pkts/s": "151.78652742782552",
        "Flow IAT Mean": "7058.785714285715",
        "Flow IAT Std": "16309.407531467",
        "Flow IAT Max": "46594.0",
        "Flow IAT Min": "4.0",
        "Fwd IAT Tot": "97080.0",
        "Fwd IAT Mean": "48540.0",
        "Fwd IAT Std": "2416.8909780956196",
        "Fwd IAT Max": "50249.0",
        "Fwd IAT Min": "46831.0",
        "Bwd IAT Tot": "97729.0",
        "Bwd IAT Mean": "8884.454545454546",
        "Bwd IAT Std": "19218.610336669175",
        "Bwd IAT Max": "48337.0",
        "Bwd IAT Min": "4.0",
        "Fwd PSH Flags": "0",
        "Bwd PSH Flags": "0",
        "Fwd URG Flags": "0",
        "Bwd URG Flags": "0",
        "Fwd Header Len": "24",
        "Bwd Header Len": "96",
        "Fwd Pkts/s": "30.357305485565103",
        "Bwd Pkts/s": "121.42922194226041",
        "Pkt Len Min": "35.0",
        "Pkt Len Max": "1357.0",
        "Pkt Len Mean": "533.4999999999999",
        "Pkt Len Std": "551.8946759421885",
        "Pkt Len Var": "304587.73333333334",
        "FIN Flag Cnt": "0",
        "SYN Flag Cnt": "0",
        "RST Flag Cnt": "0",
        "PSH Flag Cnt": "0",
        "ACK Flag Cnt": "0",
        "URG Flag Cnt": "0",
        "CWE Flag Count": "0",
        "ECE Flag Cnt": "0",
        "Down/Up Ratio": "4.0",
        "Pkt Size Avg": "569.0666666666667",
        "Fwd Seg Size Avg": "186.0",
        "Bwd Seg Size Avg": "551.75",
        "Fwd Byts/b Avg": "0",
        "Fwd Pkts/b Avg": "0",
        "Fwd Blk Rate Avg": "0",
        "Bwd Byts/b Avg": "0",
        "Bwd Pkts/b Avg": "0",
        "Bwd Blk Rate Avg": "0",
        "Subflow Fwd Pkts": "3",
        "Subflow Fwd Byts": "558",
        "Subflow Bwd Pkts": "12",
        "Subflow Bwd Byts": "6621",
        "Init Fwd Win Byts": "-1",
        "Init Bwd Win Byts": "-1",
        "Fwd Act Data Pkts": "3",
        "Fwd Seg Size Min": "0",
        "Active Mean": "0",
        "Active Std": "0",
        "Active Max": "0",
        "Active Min": "0",
        "Idle Mean": "0",
        "Idle Std": "0",
        "Idle Max": "0",
        "Idle Min": "0",
        "Label": "No Label"
    },
    {
        "Flow ID": "192.168.3.1-192.168.3.22-53-45557-17",
        "Src IP": "192.168.3.22",
        "Src Port": "45557",
        "Dst IP": "192.168.3.1",
        "Dst Port": "53",
        "Protocol": "17",
        "Timestamp": "24/01/2023 09:42:44 AM",
        "Flow Duration": "4187",
        "Tot Fwd Pkts": "0",
        "Tot Bwd Pkts": "2",
        "TotLen Fwd Pkts": "0.0",
        "TotLen Bwd Pkts": "208.0",
        "Fwd Pkt Len Max": "0",
        "Fwd Pkt Len Min": "0",
        "Fwd Pkt Len Mean": "0",
        "Fwd Pkt Len Std": "0",
        "Bwd Pkt Len Max": "139.0",
        "Bwd Pkt Len Min": "69.0",
        "Bwd Pkt Len Mean": "104.0",
        "Bwd Pkt Len Std": "49.49747468305833",
        "Flow Byts/s": "49677.57344160497",
        "Flow Pkts/s": "477.66897540004777",
        "Flow IAT Mean": "4187.0",
        "Flow IAT Std": "0.0",
        "Flow IAT Max": "4187.0",
        "Flow IAT Min": "4187.0",
        "Fwd IAT Tot": "0",
        "Fwd IAT Mean": "0",
        "Fwd IAT Std": "0",
        "Fwd IAT Max": "0",
        "Fwd IAT Min": "0",
        "Bwd IAT Tot": "4187.0",
        "Bwd IAT Mean": "4187.0",
        "Bwd IAT Std": "0.0",
        "Bwd IAT Max": "4187.0",
        "Bwd IAT Min": "4187.0",
        "Fwd PSH Flags": "0",
        "Bwd PSH Flags": "0",
        "Fwd URG Flags": "0",
        "Bwd URG Flags": "0",
        "Fwd Header Len": "0",
        "Bwd Header Len": "16",
        "Fwd Pkts/s": "0.0",
        "Bwd Pkts/s": "477.66897540004777",
        "Pkt Len Min": "69.0",
        "Pkt Len Max": "139.0",
        "Pkt Len Mean": "92.33333333333333",
        "Pkt Len Std": "40.414518843273804",
        "Pkt Len Var": "1633.3333333333333",
        "FIN Flag Cnt": "0",
        "SYN Flag Cnt": "0",
        "RST Flag Cnt": "0",
        "PSH Flag Cnt": "0",
        "ACK Flag Cnt": "0",
        "URG Flag Cnt": "0",
        "CWE Flag Count": "0",
        "ECE Flag Cnt": "0",
        "Down/Up Ratio": "0.0",
        "Pkt Size Avg": "138.5",
        "Fwd Seg Size Avg": "0.0",
        "Bwd Seg Size Avg": "104.0",
        "Fwd Byts/b Avg": "0",
        "Fwd Pkts/b Avg": "0",
        "Fwd Blk Rate Avg": "0",
        "Bwd Byts/b Avg": "0",
        "Bwd Pkts/b Avg": "0",
        "Bwd Blk Rate Avg": "0",
        "Subflow Fwd Pkts": "0",
        "Subflow Fwd Byts": "0",
        "Subflow Bwd Pkts": "2",
        "Subflow Bwd Byts": "208",
        "Init Fwd Win Byts": "-1",
        "Init Bwd Win Byts": "-1",
        "Fwd Act Data Pkts": "0",
        "Fwd Seg Size Min": "0",
        "Active Mean": "0",
        "Active Std": "0",
        "Active Max": "0",
        "Active Min": "0",
        "Idle Mean": "0",
        "Idle Std": "0",
        "Idle Max": "0",
        "Idle Min": "0",
        "Label": "No Label"
    },
    {
        "Flow ID": "192.168.3.22-192.16.58.8-45732-80-6",
        "Src IP": "192.168.3.22",
        "Src Port": "45732",
        "Dst IP": "192.16.58.8",
        "Dst Port": "80",
        "Protocol": "6",
        "Timestamp": "24/01/2023 09:42:41 AM",
        "Flow Duration": "43735",
        "Tot Fwd Pkts": "0",
        "Tot Bwd Pkts": "2",
        "TotLen Fwd Pkts": "0.0",
        "TotLen Bwd Pkts": "0.0",
        "Fwd Pkt Len Max": "0",
        "Fwd Pkt Len Min": "0",
        "Fwd Pkt Len Mean": "0",
        "Fwd Pkt Len Std": "0",
        "Bwd Pkt Len Max": "0.0",
        "Bwd Pkt Len Min": "0.0",
        "Bwd Pkt Len Mean": "0.0",
        "Bwd Pkt Len Std": "0.0",
        "Flow Byts/s": "0.0",
        "Flow Pkts/s": "45.72996455927746",
        "Flow IAT Mean": "43735.0",
        "Flow IAT Std": "0.0",
        "Flow IAT Max": "43735.0",
        "Flow IAT Min": "43735.0",
        "Fwd IAT Tot": "0",
        "Fwd IAT Mean": "0",
        "Fwd IAT Std": "0",
        "Fwd IAT Max": "0",
        "Fwd IAT Min": "0",
        "Bwd IAT Tot": "43735.0",
        "Bwd IAT Mean": "43735.0",
        "Bwd IAT Std": "0.0",
        "Bwd IAT Max": "43735.0",
        "Bwd IAT Min": "43735.0",
        "Fwd PSH Flags": "0",
        "Bwd PSH Flags": "0",
        "Fwd URG Flags": "0",
        "Bwd URG Flags": "0",
        "Fwd Header Len": "0",
        "Bwd Header Len": "64",
        "Fwd Pkts/s": "0.0",
        "Bwd Pkts/s": "45.72996455927746",
        "Pkt Len Min": "0.0",
        "Pkt Len Max": "0.0",
        "Pkt Len Mean": "0.0",
        "Pkt Len Std": "0.0",
        "Pkt Len Var": "0.0",
        "FIN Flag Cnt": "0",
        "SYN Flag Cnt": "0",
        "RST Flag Cnt": "0",
        "PSH Flag Cnt": "0",
        "ACK Flag Cnt": "1",
        "URG Flag Cnt": "0",
        "CWE Flag Count": "0",
        "ECE Flag Cnt": "0",
        "Down/Up Ratio": "0.0",
        "Pkt Size Avg": "0.0",
        "Fwd Seg Size Avg": "0.0",
        "Bwd Seg Size Avg": "0.0",
        "Fwd Byts/b Avg": "0",
        "Fwd Pkts/b Avg": "0",
        "Fwd Blk Rate Avg": "0",
        "Bwd Byts/b Avg": "0",
        "Bwd Pkts/b Avg": "0",
        "Bwd Blk Rate Avg": "0",
        "Subflow Fwd Pkts": "0",
        "Subflow Fwd Byts": "0",
        "Subflow Bwd Pkts": "2",
        "Subflow Bwd Byts": "0",
        "Init Fwd Win Byts": "-1",
        "Init Bwd Win Byts": "131",
        "Fwd Act Data Pkts": "0",
        "Fwd Seg Size Min": "0",
        "Active Mean": "0",
        "Active Std": "0",
        "Active Max": "0",
        "Active Min": "0",
        "Idle Mean": "0",
        "Idle Std": "0",
        "Idle Max": "0",
        "Idle Min": "0",
        "Label": "No Label"
    },
    {
        "Flow ID": "192.168.3.22-20.75.32.255-33762-443-6",
        "Src IP": "192.168.3.22",
        "Src Port": "33762",
        "Dst IP": "20.75.32.255",
        "Dst Port": "443",
        "Protocol": "6",
        "Timestamp": "24/01/2023 09:42:41 AM",
        "Flow Duration": "2990880",
        "Tot Fwd Pkts": "5",
        "Tot Bwd Pkts": "5",
        "TotLen Fwd Pkts": "880.0",
        "TotLen Bwd Pkts": "211.0",
        "Fwd Pkt Len Max": "796.0",
        "Fwd Pkt Len Min": "0.0",
        "Fwd Pkt Len Mean": "176.00000000000003",
        "Fwd Pkt Len Std": "348.4939023856802",
        "Bwd Pkt Len Max": "77.0",
        "Bwd Pkt Len Min": "0.0",
        "Bwd Pkt Len Mean": "42.2",
        "Bwd Pkt Len Std": "27.48090245970827",
        "Flow Byts/s": "364.7755844433745",
        "Flow Pkts/s": "3.3434975659337716",
        "Flow IAT Mean": "332319.99999999994",
        "Flow IAT Std": "906447.7635983775",
        "Flow IAT Max": "2745390.0",
        "Flow IAT Min": "8.0",
        "Fwd IAT Tot": "2868945.0",
        "Fwd IAT Mean": "717236.25",
        "Fwd IAT Std": "1353345.5784207212",
        "Fwd IAT Max": "2745390.0",
        "Fwd IAT Min": "14.0",
        "Bwd IAT Tot": "2990872.0",
        "Bwd IAT Mean": "747718.0",
        "Bwd IAT Std": "1414847.2662858937",
        "Bwd IAT Max": "2868248.0",
        "Bwd IAT Min": "358.0",
        "Fwd PSH Flags": "0",
        "Bwd PSH Flags": "1",
        "Fwd URG Flags": "0",
        "Bwd URG Flags": "0",
        "Fwd Header Len": "100",
        "Bwd Header Len": "100",
        "Fwd Pkts/s": "1.6717487829668858",
        "Bwd Pkts/s": "1.6717487829668858",
        "Pkt Len Min": "0.0",
        "Pkt Len Max": "796.0",
        "Pkt Len Mean": "103.36363636363635",
        "Pkt Len Std": "231.77328263942448",
        "Pkt Len Var": "53718.85454545454",
        "FIN Flag Cnt": "0",
        "SYN Flag Cnt": "0",
        "RST Flag Cnt": "0",
        "PSH Flag Cnt": "1",
        "ACK Flag Cnt": "1",
        "URG Flag Cnt": "0",
        "CWE Flag Count": "0",
        "ECE Flag Cnt": "0",
        "Down/Up Ratio": "1.0",
        "Pkt Size Avg": "113.7",
        "Fwd Seg Size Avg": "176.0",
        "Bwd Seg Size Avg": "42.2",
        "Fwd Byts/b Avg": "0",
        "Fwd Pkts/b Avg": "0",
        "Fwd Blk Rate Avg": "0",
        "Bwd Byts/b Avg": "0",
        "Bwd Pkts/b Avg": "0",
        "Bwd Blk Rate Avg": "0",
        "Subflow Fwd Pkts": "5",
        "Subflow Fwd Byts": "880",
        "Subflow Bwd Pkts": "5",
        "Subflow Bwd Byts": "211",
        "Init Fwd Win Byts": "-1",
        "Init Bwd Win Byts": "2051",
        "Fwd Act Data Pkts": "2",
        "Fwd Seg Size Min": "0",
        "Active Mean": "0",
        "Active Std": "0",
        "Active Max": "0",
        "Active Min": "0",
        "Idle Mean": "0",
        "Idle Std": "0",
        "Idle Max": "0",
        "Idle Min": "0",
        "Label": "No Label"
    },
    {
        "Flow ID": "142.251.129.34-192.168.3.22-443-49832-6",
        "Src IP": "192.168.3.22",
        "Src Port": "49832",
        "Dst IP": "142.251.129.34",
        "Dst Port": "443",
        "Protocol": "6",
        "Timestamp": "24/01/2023 09:42:41 AM",
        "Flow Duration": "250445",
        "Tot Fwd Pkts": "8",
        "Tot Bwd Pkts": "11",
        "TotLen Fwd Pkts": "782.0",
        "TotLen Bwd Pkts": "5181.0",
        "Fwd Pkt Len Max": "517.0",
        "Fwd Pkt Len Min": "0.0",
        "Fwd Pkt Len Mean": "97.75",
        "Fwd Pkt Len Std": "179.20678399148687",
        "Bwd Pkt Len Max": "1736.0",
        "Bwd Pkt Len Min": "0.0",
        "Bwd Pkt Len Mean": "470.9999999999999",
        "Bwd Pkt Len Std": "697.954296497987",
        "Flow Byts/s": "23809.618878396457",
        "Flow Pkts/s": "75.86496037054044",
        "Flow IAT Mean": "13913.611111111113",
        "Flow IAT Std": "20969.941409603944",
        "Flow IAT Max": "50123.0",
        "Flow IAT Min": "14.0",
        "Fwd IAT Tot": "156500.0",
        "Fwd IAT Mean": "22357.142857142855",
        "Fwd IAT Std": "36019.53428547983",
        "Fwd IAT Max": "95038.0",
        "Fwd IAT Min": "156.0",
        "Bwd IAT Tot": "250445.0",
        "Bwd IAT Mean": "25044.5",
        "Bwd IAT Std": "26215.721052028643",
        "Bwd IAT Max": "51722.0",
        "Bwd IAT Min": "166.0",
        "Fwd PSH Flags": "0",
        "Bwd PSH Flags": "0",
        "Fwd URG Flags": "0",
        "Bwd URG Flags": "0",
        "Fwd Header Len": "256",
        "Bwd Header Len": "368",
        "Fwd Pkts/s": "31.94314120864861",
        "Bwd Pkts/s": "43.92181916189184",
        "Pkt Len Min": "0.0",
        "Pkt Len Max": "1736.0",
        "Pkt Len Mean": "298.15",
        "Pkt Len Std": "554.1722395182129",
        "Pkt Len Var": "307106.8710526315",
        "FIN Flag Cnt": "0",
        "SYN Flag Cnt": "1",
        "RST Flag Cnt": "0",
        "PSH Flag Cnt": "0",
        "ACK Flag Cnt": "0",
        "URG Flag Cnt": "0",
        "CWE Flag Count": "0",
        "ECE Flag Cnt": "0",
        "Down/Up Ratio": "1.0",
        "Pkt Size Avg": "313.8421052631579",
        "Fwd Seg Size Avg": "97.75",
        "Bwd Seg Size Avg": "471.0",
        "Fwd Byts/b Avg": "0",
        "Fwd Pkts/b Avg": "0",
        "Fwd Blk Rate Avg": "0",
        "Bwd Byts/b Avg": "0",
        "Bwd Pkts/b Avg": "0",
        "Bwd Blk Rate Avg": "0",
        "Subflow Fwd Pkts": "8",
        "Subflow Fwd Byts": "782",
        "Subflow Bwd Pkts": "11",
        "Subflow Bwd Byts": "5181",
        "Init Fwd Win Byts": "-1",
        "Init Bwd Win Byts": "265",
        "Fwd Act Data Pkts": "4",
        "Fwd Seg Size Min": "0",
        "Active Mean": "0",
        "Active Std": "0",
        "Active Max": "0",
        "Active Min": "0",
        "Idle Mean": "0",
        "Idle Std": "0",
        "Idle Max": "0",
        "Idle Min": "0",
        "Label": "No Label"
    }
]